label,text
1,"2008.4.5入住该酒店南楼大床间,总体感觉不错，符合三星标准。值得赞一下的是客房送餐很好，饭菜好吃，价格也不贵。不足：床垫太软，对于不喜欢睡软床的来说，可能不舒服。"
0,房间为商务人士装修，没有挂衣服的衣橱和放东西的柜子，而是一些生出来的钩子。3月25日一开始入住时发现热水水温很低，不足以洗头洗澡，后来前台派了师傅来查发现时锅炉房水温设置过低，调整后好了，整个过程服务人员态度尚可。但是夜间来临时发现该酒店的地下室是西宁市最大的迪厅，沉重的重音效果越过遥遥4-5层楼板和我的耳塞依然无法平息。据前台的人说要迪厅营业她们也没有办法，音响临晨2点才会歇。附近还有好乐迪KTV什么的。这样的旅馆就算一夜80元（订价163）我也不会住的。后来将就了一夜（难怪叫一天快捷），第二天晚移至康乐的“永昌大厦”（八一中路78号），80元的标间，有热水洗澡，夜里睡得很好。
0,知道酒店房间小，但没想到这么小，转身都困难；知道酒店房间吵，但没想到这么吵，除了自己的呼噜声，什么声音都能听到；知道酒店服务差，但没想到这么差，服务员说话的感觉和吵架没啥区别；总之，相同价格的酒店还有很多，其他同类酒店的设备和服务比汉普顿好的多了，以后实在不会选择这汉普顿了。。。。。。国内的很多招待所的质量估计都要比它好很多。。。。。。
1,房间设备还不错，可以说得上是三星级，不过那个早餐实在不敢恭维，携程上加一份早餐是35元，在所谓的观景餐厅，结果那里小的出奇，而且自助早餐的品种实在少，水果也不新鲜。第一次住的是双床标间，房间设备比较新，比较舒服，第二次要了一个大床房间，结果是西晒的格局很不规范的大床房间，当时提出换房间，那个前台小姐态度极其不好，在那里发牢骚，很不情愿，这个和所谓的四星级就相差太多了。的确让我郁闷了一下，不知道是不是携程特价的原因。不过那里的门童还不错。
1,上周日1月28日晚我的客人到酒店后前台尽然不知道定过房。预定使用了我和客人的名字，服务员查询后后，证实有过预定。
1,"房比,但服不.值得一提是西餐.食物方面,人在城可以排在首位!"
1,被单太旧了，盖得有点难受，应该尽快换新的。吃饭的地方应该有点特色，不知道吃什么好
0,房间有漏水痕迹，内部感觉也不好，价格也不便宜，不想再次入住
1,"作为喜达屋的金卡会员,喜来登就是品质的保证,所以好的不多说了,鸡蛋里挑骨头说点需要改进的吧.1.房门自动关不紧,要拉一下,有点危险.2.前两次入住一早会把帐单从门缝里塞进来,感觉很细致,这次却没有,可能是入住人太多了忙不过来.3.中午吃的自助餐,海蟹肯定不太新鲜,要重视啊!4.最不爽的是：这一年价钱涨得太快了！另外，这次入住的是高级大床房，感觉反而没有舒适大床房好。个人觉得喜达屋旗下的酒店各有千秋，象艾美是奢华和大气，豪达喜来登是复古和庄重，福朋的特色则应该是精巧雅致，房间一大反而失去了那种紧凑感。（所以楼下有人评福朋的房间小应该就是指的舒适房，但岂不知这才是她的特色。）还有携程的信息可能有点问题，舒适大床房中的大床可能是queensize的，高级大床房的大床可能是kingsize，两者不仅是房间面积的不同，有机会应该核证一下。"
0,"个人认为不符合4星的条件,房间很潮湿,酶味太重,,根本没办法入睡,浴室的条件也不怎么样,总之感觉更像个快捷式酒店"
0,酒店前台的态度极其恶劣，我预定的是12月14日晚的双人间，携程预定是到晚上9点，由于行程改变，到达时间会推后，因为该酒店当天有一个全省会议，考虑到房间可能会紧张，所以在当晚8点前打电话到酒店前台，告知我会晚到，房间请保留，前台的答复是可以，当晚我9点30分到达酒店，前台告诉我过了预定的9点钟，房间已经取消，并且也没有房间了，还拿出携程的预定传真给我看，我说我已经事先电话告知会晚到并且已得到你们的承诺，现在房间取消竟然认为是我的责任，吵了半天来了一个大堂经理，上来又是同样的一堆废话，最后说只能给我一个大床间加一张床，没办法只能接受，对此事件非常遗憾，同时对于携程与这种酒店签订协议也很失望！
0,房间很大味道，服务差，态度差，房单设施差~~永远不会再去了。差就一个字
1,总的来说，印象很好，房间干净整洁时尚，网络速度很快。对有些要求较高的客户，需要注意的是：洗浴用的花洒是固定的，不像一般淋浴头可以拿在手上冲洗。
1,已经是第二次入住了，服务还是一如既往的好，这家酒店也会给人带来很多的惊喜，我的笔记本出了点问题，我自己是解决不了，正着急的时候，想到了酒店，于是抱着试试的态度，询问了前台，令人很惊讶的是，酒店的工程部人员服务速度真快，效率也很高，几分钟后就解决了，帮了我一个大忙，真的很感谢他们。还有就是最近济南的天气不算好，我感冒了，老是咳嗽，所以买了点药放在了床头，今天早上出去的时候发现药没有了，本来想晚上回来的时候买点的，可是下午等我回来看到桌上的客房服务员留下的字条，以及床头上的咳嗽糖浆，当时我的鼻子酸酸的，出门在外最需要的就是关心，他们做到了。入住在这家酒店就和回到家一样，很温馨，心情很放松。
1,是一个别墅式的温泉，非常清静，服务也不错，性价比较高。就是交通有点不便，同时一定不要选一楼的房间，因为潮湿有一股很浓的味道。如果是单独旅游，最好的办法是包一辆出租车，一天才150元，还可以请司机介绍景点，上次我请了一个出租车，人不错，我介绍一下大家认识：李志宁13988505869
0,"挺悲哀的,住的是双标间国庆是230,在杭州住了个锦华之旅已经很挫了,这位仁兄有过之而无不及,依然的一阵阵怪味,纱窗坏的,空调乱叫,唯一的好处就是代售附近的景点(如:浙西大峡谷,天滩,大明山等)门票八五折,本身在携程订的是两晚,连忙把第二晚的给退了,听当天把我们带到天滩的司机介绍住在大峡谷镇的一个旅店."
0,该酒店虽然名义上是五星，但我却没看过这么小气的酒店，我通过携程网预定了三千五百多的特级房，明明看到网上写得清清楚楚有赠送的饮料券每房不超过两张，可在登记入住时前台只给一张，真是郁闷！这不是纯粹虚假广告吗！！！我们是两人入住只给一张还不如不要给，前台解释说可以让另一个人买一张！！！简直是讹诈！！！
1,是在2008年4月27日入住的。订这家酒店是因为想在深圳市区待上一天，在携程上看了酒店的介绍，觉得价格还算公道，也是家四星级的酒店，特别是因为是深航和锦江的牌子，才决定定了这家酒店。入住后总体感觉是还可以，但是也有一些地方不是很满意：1。酒店的设施有显陈旧，当然不是古董的那种，只是略显的旧一点点。2。酒店的门童的态度不是特别的令人满意，不会及时地为客户开汽车门。3。酒店的房间靠街道，有一点点吵。以上就是我个人的感觉了。当然，总的来说，还是不错的，性价比高，离机场近，景观不错。
1,硬件不错，服务态度也不错，下次到附近的话还会选择住这里
1,"酒店的大堂不大,看起来不够豪华.但是服务人员都非常的热情.房间比较大,设施一般但是还算干净.第一次入住该酒店,到大堂询问附近的餐厅,大堂副理居然是非常年轻的漂亮小姐,笑容让人很舒心,好意的提醒我们原本想去的得月楼只不过名声在外,不实惠味道也一般,并且热情的介绍了边上的天竺酒楼,去是过以后果然如她所言实惠又好吃.吃完饭过后到附近逛了才发现地理位置非常好,逛街非常方便.顺便提一下,酒店内部有一个沐足的地方,房客用抵用券可以打折扣,按摩的手法非常的专业.第二天走的时候门口没有出租车,行李生冒着大雨出去叫车,还是非常的让人感动的.补充点评2008年1月20日：软件达到五星标准，硬件打个３.５星吧，应该改造了，呵呵．下次还来"
1,装修不错，都是新的。服务非常好，很细心周到。在保定，中银的服务给我留下最深刻的印象。然后早餐是自助餐，种类非常多质量也很好。宾馆周边交通也挺方便，宾馆对面就是保定市政府。
1,第二次入住。嗯，老实说，中规中矩吧，没有特别好，也没发现什么不好。补充点评2008年3月5日：对，电梯要查房卡才能使用，稍有点麻烦，不过酒店管理，可以理解
0,环境一般，住了之后让人感觉价格和服务不成比例！
1,位置还好，不算太难找，屋内比较干净，卫生间装修不错，木制的氛围比较喜欢。没窗户，但是夏天住空调房也不是很需要窗户，所以能接受。
0,极差！停车收十元钱！穷则思变！房间招待所、服务员优越感极强！
1,酒店有点偏，（没有地铁站），19：30后就没有shuttlebus了。大堂很小，也没有什么设施。不过，房间很好，也有海景。
1,"非常喜欢夜上海的美景,尤其是流光十色的外滩夜景!上海曼哈顿商务酒店具外滩只有数百米,哈哈,真是意想不到的一转身就能饱览全上海最美的地方,一回头就能融入最繁华的南京路!"
1,"我已经是三年第三次通过携程预订这间酒店了,这次有些失望,酒店的服务态度还是很好,无可挑剔,可是现在的酒店设施开始陈旧,房间/卫生间,床等已经掩盖不了陈旧的痕迹,还有难闻的臭味,据说现在老板的注意力已经转移到发展华蓥山酒店了,但是,我觉得不管如何,你们的品牌还是要注意保持.还要就是餐厅,大堂播放的背景音乐,还是80年代的电子琴流行音乐,实在没有品位档次.总之,这次我对服务满意/对酒店设施不满意."
0,"给朋友定了该酒店,价格比以前高出了很多.这且不说.转天朋友结帐,前台因为染了一块毛巾和床单的说法要求赔偿110元.朋友很不开心,说就是喝你们冰箱可乐时候喷出来一些.而且110买你5套也够了.结果我要求前台把经理找来,一个小伙子说他就是.朋友说你们四星这么做有点过火.后来我要求那个小伙子带我去房间看一下有没有污染,到什么程度.于是他就一起去了,床单的一大片我表示怀疑是否是朋友染的.于是在我拉掉床单的一刹那,令人惊讶的事情发生了,在下面棉单上面,竟然有一女人例假的血迹.当然就想吐,那血还好象是近期的.朋友一看就急了,在这床上睡一晚是多么让人恶心.我相信酒店也完全能检查出来有,根本没有换,或者简单洗完就铺上了.所以,请大家今后住这个酒店一定好好检查检查.(酒店最终解决是半价,但是远远无法消除这种失望,决心不再入住).补充点评2007年2月3日：如果床单上发现有血迹,这在国外,甚至国内的4,5星酒店绝对是无法容忍的事情.酒店不是简单的打着折就能摆平的事情."
1,"总体还可以,就是前台服务员还不够敬业,在登记入住后,看都没看是不是本人,就把我客人的护照给了其它人,幸亏就在旁边,要不然不知后果怎样,之后连说声不好意思,或对不起都没有!!!希望改进!!!"
0,"我以携程名义预定如家快捷酒店,从2008年4月8号入住到15号退房共住了一星期,一日151元的房价是不贵,但是15号我大约中午12:25左右办理结帐退房,如家快捷酒店却说我没有在中午12点整之前结帐,因超过如家快捷酒店规定的时间,所以要加收半日的房费76元,当时我愣了一下,并跟店家力争说明,为何入住时怎么不向我说明清楚规定?再来我是订房至15号,为何15号中午12点之前不能用电话提前通知我退房时间?如果我超时30分钟必须要加收房费,按照比例原则如家却要收半日的房费也太离谱了！他们解释说:因为我是透过携程仲介订房,所以公司规定就是如此,他们也无法改变,如果是如家的会员订房有一小时的弹性时间。听见如家酒店的解释,我是深感如家酒店根本不注重消费者的权益,只注重他们自己的利益,就因我是在网上透过携程仲介订房,更让人有变相加价的感觉,再来如家酒店对自己的会员和对其他合作单位订房的会员权益有这么大的差异呢?四星或五星酒店也没有这么收费法吧?"
1,这个酒店住过了无数次了，客观的来说是个值得推荐的酒店，曾经的服务给我留下了无比深刻的印象，除了餐厅经理上次吃自助晚餐的时候给我递过名片说下次给我打折，结果我这次又去吃了，他们说要预定才可以打折，所以下次大家要去3楼大厅吃饭记得要预定的，其他还是不错的，推荐。
1,很舒服的一个度假酒店。虽然黄金周的时候入住人多了点，但是服务和设施的都没有落后。我是先通过旅行社订了一天的房，结果就喜欢上了这个酒店，想延住，却被告知没有房间了（因为是黄金周期间），最后是通过携程预订了房间。看来携程还是不错的，这么紧张的时候还能订到酒店。
1,"装修前也住过几次,现在感觉完全不一样,非常不错的一家4星酒店,早餐也很丰盛,下次去嘉善还会考虑住,出来就是市中心,就是房间的隔音差了点,隔壁的电视声音也听得见,还有浴室的灯是感应式的,但感应范围好像不大广,人在浴缸基本感应不到,会熄灯..."
1,住过很多次了，房间很大，性价比比较高。缺点是对常客的习惯没有档案不能提供更体贴的服务。房间地毯的清洁差一些。电视的可选台太少了，应该可以在房间准备一份楼下澳葡街的菜牌，这样对客人更方便，也可以成为酒店的卖点。其他方面比较满意。
1,服务素质实在一般，酒店也旧，象是回到了二十年前。。。补充点评2008年7月2日：也就给三分，怎么变以4分了？
1,"位置非常好,在新区和传统城区的交界处,虽然是老酒店了(五年以上),房间设施还是不错的,但我们入住的前两天一切OK,第三天就不整理房间了,要打电话才安排,是规定这样做吗?"
0,缺点：房间比较老旧，电梯果然如网友评价非常慢，所谓2003新装修实际只是大扫除一下。网速也不快。出门打的不方便，旁边没有吃饭消费地方，要出去不少路。周边环境不好且人员素质很差。亲眼看见楼上飞下一矿泉水瓶，差点砸中前面一女孩头部。优点：早餐很不错，去周边主要商业区也不远。服务员态度尚可。
1,看不出与5星酒店有多大关系，有虚的成分。50元的早餐，完全的名不副实，我看撑死值30元。
1,非常好的酒店，非常好的服务，我先生对酒店一向非常挑剔，只有这次他实在没话说！补充点评2008年8月6日：酒店餐厅正在装修，但不影响住宿。
1,"听说是柳州最好的饭店了,原来是市政府的招待所.靠近一条河,景观不错.出行交通也还可以.房间没有留下什么特别深的印象,但是觉得底楼中餐厅的服务员态度特别好,勤快,亲切,吃顿饭送了好几次热毛巾."
0,"房间差的不能想象,地毯脏的恐怖,天花板上面居然还挂着两大团多年没有打扫的蜘蛛网疑似的东西,可能十年前评的四星吧,现在评他两星都闲多建议中国的饭店星级全部取消吧,骗人的东西"
0,客观地说，这个酒店不怎么样。列出来大家参考：一、晚上八点半到的，没看到门童；二、没有吹风机，三、网线收在电视柜后面，打电话到客房中心才知道还是有网线的；四、第二天想迟个十来分钟退房，前台说没办法，要加收钱，住了这么多酒店头回见着这么呆板的；五、结账时要个信封，没有。六、结账时水单没给我，打电话过去要，说要一点半后再打过去帮我查。这种酒店还能挂星啊？
1,追加一点，早餐尽量不要在酒店吃。能吃的食物少的可怜，如果阁下是位正在依靠咖啡减肥的人事，这里是最好的去处，因为别的都没有，咖啡倒是可以让你喝饱。更要命的是要求添加些食物居然遭到服务员的白眼！交了钱得不到应有的服务和起码的食物供应，这是酒店给我留下的最深的印象和遗憾宾馆反馈2006年12月11日：感谢您提出的宝贵意见。点评中所涉及的相关问题酒店已给予高度重视并正对早餐等相关问题根据客人的需求和酒店的服务标准作出改进和调整。酒店质监部已加强了对服务质量的督导。
0,查看了很多的游记，选择了这个酒店。很失望，建议以后大家不要住。到前台，前台小姐用广东话和同事交谈，才决定给我什么房间，我要求高点的楼层，给了我9楼，进门有一股烟味。房间很小，设施很差。从铜罗湾出来，要过天桥才能到酒店。每次买好东西回来，都要走天桥。宁愿住珀宁酒店，离崇光近，不用走天桥。由于是红眼航班，要求延弛退房，给孩子睡个午觉，也不肯，服务太差了，根本不到四星的标准，要是在海南，三星也不评不上啊！建议大家带孩子的话，不要住这个酒店。
1,整体感觉还不错，去商业街也比较方便。早餐总类还算丰富，就是煎鸡蛋的服务生态度还需改进，让他煎个鸡蛋也不应一声。
1,房间挺舒服的，有保险箱、冰箱、体重仪。但是冰箱和体重仪坏了，另外我们住的那间房间门的安全插销没有了，最不好的就是酒店管理有问题，退房时说缺了毛巾，后来核实是他们没有放。好的是床垫是记忆的，很舒服。装修很漂亮，免费的东西也很多，早餐很丰盛，总体感觉不错。宾馆反馈2008年6月17日：首先感谢您对我们酒店提出的意见。冰箱有冷热两用功能，打开热开关能保温，打开冷开关是制冷。我们以热忱周到勤勉细致的服务恭候海内外宾客的光临!
1,房间环境很干净，就是地方不算是特别好找，呵呵。
0,普通的标间太陈旧，没法住。ctrip不该签这么差的房间。换了豪华标间后，还可以。换的晚了点，是没窗户的房间。郁闷。早餐两岁的小孩居然要钱，不可理喻。
0,这是我住过的最差的五星级酒店！8月5日住的所谓经济间，504元/晚；房间很小，通道小的只容下一条腿。卫生间没门，淋浴房居然也没门，洗澡水下不去，快漫出卫生间！换了一间，还是这样。地毯很脏！没有服务！再不住了！白送也不住！有被大刀砍的感觉。
0,"千万不要住综合楼,那本来真的是一个宗和楼,在路边,且在景区大门外,跟一个路边酒店没区别.另,之前看点评说那里的温泉少,服务差,还不信,体验的结果是:服务员说,来多少客人开多少池.结果我们一群人在一个池里,好在小朋友不介意,但我介意,这是广东省最差的温泉.唯一的优点:综合楼改成的客房面积很大."
1,酒店的地理位置尚可，顺着情侣路很容易找到。定的是三人房，典型的２房１厅，房间偏小，厅不错。设施一般，只是电视频道非常多。HBO、BBC、成人电影台都有应该说３人房的价格还是比较有优势的
0,设施很陈旧，卫生间真的有够脏的，没有电梯
0,十一期间爬泰山，住在这里。房间还算干净但是没有温馨的感觉，冷冰冰的；服务一般，前面是马路后面是水果批发市场，住在哪一面都比较吵。泰山山脚下的出租车很不厚道，下了山打车回酒店，他们说不能打表，一口价16，其实打表走也就是8块。酒店没有餐厅，第二天在对面韩国烧烤吃的晚餐，味道不正宗，但价格很便宜，他们那儿的泰山三美还算好吃，比我们第一天找了好远的一家当地鲁菜馆的好吃多了。（泰山三美就是白菜炖豆腐，当地没啥特色菜）
0,服务不则么样，太旧，旋转餐厅不转的，早餐的服务员好像我欠了他们钱一样，很差
1,直得推荐的酒店，虽然价钱比较昂贵，但服务生是从心来招待我们，再者酒店用的品版都是有牌子的东西，对于我们香港游客来说，信心会加添不少。酒店设计很有藏族的味道，餐厅水准不俗，值得一试！最欣赏是他们大堂的姜茶，及半夜仍会努力解决我们客人的种种要求，而且不会额外收费，衷心的推荐。
0,帮客户订的，一开始还非常担心，因为地段不是很好，不过最终还是比较满意的，没有什么特别不好的地方，下次还是不追求特价房了，换莫泰好点的地段和房间。
1,因为见客户的需要，只住了一次，因为以前都是住５星的而且很新的，所以这次去感觉没那么好了．很多方面还需要改进
1,还不错的一家酒店，位置比价安静，房间也还不错，就是出门打车要走出一段距离。酒店商品部的服务很一般，态度极其冷淡，应该下岗。
1,酒店环境还可以，距离公交车站比较近，出行方便。一般的服务员很和气会主动向你问好，倒是看着象管理人员的从不见打招呼。比较郁闷的是，有一天服务员因为拿走了一筒快过期的冰箱里的饮料，没有交接清楚，下一班的人员误会是我们喝掉了。还有我预定的4天的房，结果到第三天上午房卡就被停掉了，害我从沙滩返回时只好先到大厅重新办理。早餐去的比较晚时感觉他们餐桌收拾的很慢，好像服务员不够用似的，看着将近7、8个没人坐的桌子却都有一摞待收拾的餐盘，没办法告诉服务员后半天才来收拾
1,合庆确实不错，我住的商务单间，房间很大，设施很齐全，很温馨的感觉。尤其让我满意的是酒店后边的小山，沿着小路一直走上去，很多树，还有一些盛开的小花，小山的一侧就是清澈的海水，远处是一些小岛，尤其在夏天去，感觉非常舒服。下次一定还住合庆。
1,设施有点陈旧，住的大床间感觉房屋面积过小，性价比不如宜宾银龙戎州大厦宾馆
1,地理位置不错，在商业街上，逛街很方便，房间也还不错，看上去还比较新，就是早餐品种太少了。酒店旁边的小巷里傍晚开始会出现几个小吃摊，味道都还不错哦，烧烤鱿鱼特别好吃，入住酒店的朋友可以去吃吃看，呵呵。
1,酒店位置不错，就在市中心，从火车站坐2路、9路到体育场下车都可以到，2路还可以到陕州风景区。酒店门口有公交站，6路站牌上写着可以到虢国博物馆，但实际上6路改线了，终点是上村，可以坐到第二个铁路道口下车走一会儿可以到博物馆。定的是单人房，房间不大，但自己一个人住足够了。装修还可以，可地毯和浴室脚垫太脏了！！！！实在太脏了！！！不知道多少年没洗过了！！！其它还好，只是中央空调制冷不太强。一楼餐厅的菜不错，也挺干净，住店客人消费挂帐还可以打8.8折。值得一说的是服务，虽然酒店装修比较旧，但服务是可以达到三星标准的，比较有效率，态度也不错。退房的时候把乘车卡忘在房间里了，房间服务员发现后马上告诉了我。晚上有个穿短裤拖鞋的人想进酒店找人被门童拦住了，被告知短裤拖鞋不能进入，必须衣冠整洁。对这点很满意，这是个城市酒店又不是度假酒店。只是门童的制服太滑稽了。
0,"175元入住标房B。大厅和电梯里有异味。房间里桌子也没擦干净,洗浴间装潢等设备太旧。早饭很差。不值。补充点评2008年8月6日：看了点评去入住的,上当了。估计yangming的点评是托!!"
0,这是一家相当烂的酒店，我不知道其他人是如何评价它的，对客户那种极不信任的表情以及工作作风，自以为是，狂妄自大，肆意欺骗顾客，他们根本就没把客户放在眼里，我奉劝看过此贴的朋友，千万不要住这家黑店啊！切记！！！
1,感觉很您好环境也不错晚上很安静下次有机会还会选择住金叶的
1,网上讲的房间是24平米，实际没有那么大。另外房的空调也不是很凉快!
1,作为在人民广场附近的酒店来说这个价位算是比较低的，而且相对房间来说也不是很差。与一般的经济型酒店设施还是差不多的。但是酒店的地点却不是很熟悉，所以也是找了一段时间才找到。但是走到人民广场还是很方便的。
1,酒店的环境还是挺不错的，一大片的高尔夫球场，绿色的草地让人心情很爽！旁边就是阳澄湖。房间还可以，略显陈旧！在酒店吃饭不是太方便，只有一个会所可以吃饭。隆重介绍高尔夫：练习场不太贵，30块30个球一个杆15快，大家可以试试，挺好玩的。总之度假首选！[酒店在大上海高尔夫球场里面]不是太好找！
0,该酒店最大的缺点就是：吵闹！对面的大喇叭白天一直在放，里面又有餐厅在吵！白天几乎没发休息！
0,如果不是实在订不到其它酒店，怎么也不能住这啊！条件差就差呗，价格还不便宜。我打算至少50年内不会再去了，建议携程删除此酒店。
1,&#35828;&#23454;&#35805;，&#23545;景&#21306;酒店的硬件我&#27809;有&#25253;太高的期望，又是&#40644;金周期&#38388;，价格肯定偏&#36149;。但&#23454;&#38469;入住后，感&#35273;&#36824;是很不&#38169;的（可能是期望低的&#32536;故吧）。酒店硬件普通，但&#29615;境超好，服&#21153;&#21592;素&#36136;&#36739;低，&#24577;度&#23646;于死&#40060;&#31867;，需要&#24110;助的事&#39033;能推&#21017;推。唯一提出表&#25196;的是酒店&#33829;&#38144;部&#38376;的相&#32463;理（女，13509520519），&#32473;了我&#20204;很大&#24110;助。&#22269;&#24198;期&#38388;竹筏漂流不&#23545;散客&#21334;票，&#35828;是全部&#39044;&#35746;光了，我靠！！！怎么能不&#32473;散客留票，&#36825;就是景&#21306;的管理。下次赶上&#40644;金周大家千万&#35760;得要提前&#39044;&#32422;！本&#26469;以&#20026;旅行要以&#36951;憾告&#32456;，可在与酒店服&#21153;&#21592;&#23547;求&#24110;助不予理&#20250;的失望中，相&#32463;理主&#21160;&#36807;&#26469;了解情&#20917;，并&#31215;极&#32473;我&#20204;&#32852;系船票，最&#32456;弄到了船票，使我&#20204;的自助游精彩&#32467;束，真的是很感&#35874;她。另外，打出租&#35760;住3508&#36710;&#21495;，司机&#24072;傅姓占，价格公道，不宰客，&#24577;度也很好。补充点评2007年10月10日：妗赶ㄛ勤劓Е嬴虚腔璃挂膻衄惕询腔ㄛ酴踢洁ㄛ?r迹谏隅⑴幛〔笋妗昵攴ㄛ橇逊竭祥渣腔ㄗ褫夔腴腔埽嘟勘ㄘ〔嬴虚璃ぱㄛ笋远噫闭疑ㄛ督竭腴ㄛ仅衾赶浚ㄛ猁堆腔岈夔〔堤桶腔嬴虚种窒腔眈幂烩ㄗ踬ㄛ13509520519ㄘㄛ跤剩蝇竭湮堆〔弊ヰ洁ㄛ楔⑸霜祥勤谛忮⑺ㄛ□窒隆嫖剩ㄛ蕞ㄐㄐㄐ?N夔祥跤谛隐⑺憩劓Е腔夺烩〔棒酴踢湮模カр暮腕猁ゴㄐ挂懂藏猁熄豢ㄛ褫鹞嬴虚督А堆祥烩颇腔ㄛ眈幂烩雄ゴ剩贱ロ表ㄛ?K当?O蝇蓟ㄛ读善剩摒⑺ㄛ蝇腔侪粗赋旰ㄛ腔竭郅〔ㄛ湖堤暮3508陬疡ㄛ侗?C葭ㄗ13706916440ㄘㄛ?r迹鼠耋ㄛ祥谛ㄛ仅珩竭疑〔
1,朝阳的房间不算大，朝南的房间比较大，有大沙发，但是比较昏暗。大堂比较暗，不敞亮。位置比较靠中心，就是门口有单行。
1,不错，推荐！周边环境有点冷清。去机场方便。硬件不错。
1,"本人住过国内外酒店过百家,在珠海都住过好几家,我们4大2小于国庆节入住这家挂牌四星公寓酒店的豪华三人套,现和大家分享一下：好的方面:1.酒店是由几座商品房改造的,外部环境不错,绿树成荫,房间面积大(2房一厅);2.酒店的康乐活动有保龄球,高尔夫球练习场,网球,游泳,等等,(须另外收费);3.酒店的停车方便,而且不收费;4.客房内的食品价格不高，5.服务态度好,服务员会带客人上到房间,并介绍房间设施,入住和退房较快.不好的方面:1.设施不豪华,只能算舒适,客房内的厨房如要使用另加30元一天,2.客房内毛巾清洁的不够专业,床和床上用品质量普通，3.客房内的保养做的不足,如睡房内的床头灯不能调节光度,4.如有小孩的,睡房内的窗户打开后一定要小心,因为窗户距床很近,不要让小孩子一个人在床上玩(酒店方面应该要有提示,或将窗户做成只能打开15-20厘米).补充点评2008年1月11日：总的来说,这个酒店的硬件最多3星水平;最大的好处是周边环境比较好."
1,我们这次圣诞新年假期原计划是在博鳌看宾斯基住一周的，结果一住就十天了。凯宾斯基饭店的环境是放松和度假的好地方，一百一十多幢的别墅掩映在亚热带的树林景色和河边当中，简花是见花草树林不见人，我们白天开车在饭店内怎么兜风，也没遇到几个人，等到晚上从别墅中透出来的灯光，才知道这里基本还有这么多地度假的人。从我们住的是独享单间，6天住港式风格的，4天住得是韩式风格的。整幢别墅只有我们两公婆，里面听宽敞的，饭店挺豪气的，或许呼应德国的品牌饭店吧，大冰箱、滚筒洗衣机是西门子，灯开关插座是西门子的，电熨斗是飞利浦的，抽油烟机是意大利的，多士炉是什么牌子忘了。或许想我们这样，带着面包面条橄榄油吞拿鱼罐头烟肉番茄酱在厨房开餐的人不多，所以，发现，多士炉是没人用过，全新的;洗衣机是全新没人用过的，让我这个小主妇开心的不亦乐乎！说说存在的问题吧。闲聊时得知，当年饭店为了赶工程，室内装修都出现了不同程度的质量问题，比如，装修的手工粗劣，正是因为连续住进的两套别墅的浴缸都严重渗水，才在饭店内挪了三次窝。饭店的早餐管理我认为有不妥。第一次登记入住是从28日开始到1月4日的，早餐券每天两张共14张一模一样的，开始两天没有去吃早餐，到了1号去餐厅看看，是自助早餐，虽然品种只有十来二十种，中西式都有，还好，不错，我还可以打包回去给老公。结果到了三号，我去了一看，啥都没有，只有经理和几个服务员在那，经理招呼我坐下后，已不见了。服务员收取了我两张早餐券，给我端上了一份中式早餐，一碗白粥，一小份炒面，一个包子一个馒头，完事。我无从下口，让服务员给我拿了一碗酸奶泡麦片，喝了，然后，让服务员打包两杯酸奶回去，结果服务员让我签单，我明白了，今天的免费早餐变了，只有一份中式的，我要的酸奶和麦片要另外付费，我一看账单，愣住了，3杯酸奶加一小碗麦片共76块人民币。4号续住的时候，我都懒得去领早餐券了，因为老公说，国务院三天假期过了，我们不能度假了。既然饭店是真正休闲度假的地方，我想饭店应该把客人住店的每一天都视之为假日，我真的承受不了一天冷一天热的服务概念。既然饭店要做远离尘嚣、远离喧闹的休闲度假区，我接受休闲度假区天天一样的房价，但必须给我天天一样的休闲度假的服务。对吧？幸好，我们带足够了厨房粮草，早餐、午餐我在厨房里忙乎，晚上到金海岸西餐厅晚餐，也优哉游哉的度过了一个搏鳌凯宾斯基假期。我们还计划，下次来的时候，把我妈妈和保姆也带上，再次入住凯宾斯基。
1,"我是看了携程的推荐选择的该酒店.以往看推荐给我很多帮助.所以这次也把我的感受写下来,希望能给其他人一些帮助.我是四月份入住该酒店的,从大巴车上下来,打车几分种.交通比较方便.房间在新装修的楼层,装修得非常好!居然还有电脑,可以上网,也可以听音乐.楼层的服务员态度非常好.只是有一点不太舒服的,就是前台的服"
0,房间设施相当差，马桶圈居然小了一大圈，浴缸的水直接排到卫生间的下水道，洗个澡弄的卫生间里全是水，门卡居然也没有，说是给交警大队队长了，进出得要服务员开门。对面就是火车站，以后绝对不能找火车站附近的酒店，太坑了！
1,海滩有点名过其实了，也确实远了一点，交通也不方便，但酒店本身是很不错的。在尖沙咀半岛酒店（靠近香港青年会的那一边）有黄金海岸酒店自己的专线巴士，来回都是免费的（楼上有说要收费的，可能是和司机沟通不好）。班次可以到酒店的网站下载（，不建议其它交通方式，这是我的忠告！附近有超市，茶餐厅和麦当劳，要求不高的话吃是没问题的。
0,"对于酒店的服务态度基本满意,唯一缺陷就是没有遵守时间.我提前1小时和酒店总台确认过了我到达浦东机场的时间,并且酒店说我到的那个时间有班车在等.但在我比通知酒店的时间提前15分钟到达时,却没有酒店的班车,给总台打电话后才知道,班车已经提前开走了!结果酒店又排车来接,让我等待了25分钟!关于第二天早上出发时间的问题,我反复催促了,也是在晚上9点半以后才通知的.结果第二天的班车定在早上7点钟,但实际发车却延迟了15分钟!至少酒店的班车是没有信誉的!这样的工作态度好像很不在乎,像是在开玩笑一样!另外,酒店距离机场有至少25分钟的车程,周围也没有什么吃饭的地方.我到的当天晚饭只好在酒店餐厅解决.我只有1个人,点了个雪菜肉丝面,1个青茄子炒粉丝,结果上来的面至少够4个人吃,点菜时服务员也不提醒一下.那个青茄子炒粉丝就更甭提了,实在是难吃至极无法下咽!不知道是哪个菜有问题,当夜就上吐下泻了!可以肯定是食物中毒!酒店的小姐反复打电话到房间拉生意!实在是更加降低了酒店档次!又不敢把电话线拔掉,因为还要等待总台通知第二天早上发车时间,真是太郁闷了!188元实在是太便宜了,便宜得很难受很不合算,我永远也不会再去住这家酒店了!"
1,1.非常安静，客厅听不到一点杂音，连老妈都说上海还有这样的房间！2.服务人员素质好。我印象中上海服务员总是扑克脸爱理不理的，她们让我改变对上海酒店的看法。房间两室两卫一厅。很适合全家住。3.楼下有小超市，东东挺多的。总之，上海3天很开心。4.唯一的缺点：中饭晚饭不能算入房费中宾馆反馈2008年8月5日：非常感谢您的评价！欢迎您和家人再次光临！
1,"山庄很安静,空气非常好,交通也方便,房间空调不太凉"
1,这次入住非常仓促，但是印象深刻。房间设施很新，卫生间和床铺非常干净。家人都很喜欢。
1,"同标准的酒店,价格上稍微一点贵!整体感觉还可以,位置很方便,我们公司的人每次去都住那!自助餐是不错滴!旁边的小吃广场...可以过过谗!"
1,酒店设施虽然有很多创新，但是并不为使用者着想的。窗帘自动开关虽然好，但是却不太好用。还有控制灯、电视、空调等按钮放在一个外置开关。如果在晚上使用这些按钮是非常不方便的。还有毛巾太薄了，吸水性低。早餐不错，前台人员各表现还好。补充点评2007年9月19日：神州行kanghsi评点：交通：方便不方便，出入大出租车，而且东莞的出租车最黑了，动不动就几十，而且都是黑车；**价格：标准间515人民币，符合5星价格；其他酒店消费合理****酒店装修：新酒店，装修风格颜色不大体，不过还是符合5星要求；****酒店设施：按摩健身、游泳池、KTV、各个餐厅餐厅都不错，演艺厅不错，算是酒店特别之处，加分；*****房间用具：毛巾不够厚不是很吸水性、枕头、被子床还算可以；****房间设施：有DVD机，加分，不过房间电器按钮不好用；洗手间设施：洗澡水非常大，大的可怕，有淋浴和浴缸，而且有些房间有电视；*****房间隔音：隔音还可以，但是洗手间水压太大，会比较吵；****房间空间：面积差不多28平米，不符合标准；****上网条件：上网速度可以；****早餐水平：种类、味道都可以；****前台服务：服务员水平可以，主动。****门童服务：出入、下车都主动开门；****
0,酒店位置不是很理想，去金元购物中心还是蛮近的，大约10分钟车程，我入住的是448的房间，正赶上卫生部开会，人很多，另外，2个房间之间有一扇门，隔音效果特别不好，半夜时被隔壁的亲热声吵醒，晕
1,酒店不太好找，如果没有GPS基本上找不到。感觉酒店设备有点旧，但是比较安静，服务员的服务态度尚可，以后可以考虑还住这里。
0,套房面积挺大。最吃惊的是案头上放了文房四宝，差点动了留下到此一游的墨宝的念头，最后还是罢了。床很大，但被单不是太舒服。景观餐厅东西太贵，强烈不推荐。住房客人素质不高，感觉到了乡镇企业家聚会场。下次还是选择4星的吧。
0,酒店很有特色，古色古香。我住的是480元的标间，好贵。房间很旧，知道是老房子，也没要求太高，但是一进房间就有一股很重的霉味，是从地毯发出来的。浴室的下水道堵塞得一塌糊涂，跟前台说了，叫人来修理，修理过后依然是堵得一塌糊涂。前台服务员很友善，但是咖啡馆的就不怎么样了。我买了两张中秋嘉年华会的票，88元一张，吃自助晚餐，从质量到份量都很糟糕，说是6点到8点，不到7点就一点东西都没得吃了，这样的自助餐，最多值30元一份。票还附带欢迎饮料一份和早餐一份，两个人的房间，怎么就一份？而且还不能两天的票在一天用，明显就是要强迫你消费。欢迎饮料你到了咖啡馆才告诉你，只能喝可乐和雪碧，其它的即使同样价钱也不能喝，问为什么之前不通知？回答居然是“这是我们这里的规定”，让我感觉好像到了国营企业面对公务员一样。后来自己付钱点了一份龙井茶，茶端上来，里头尽是茶渣，还要受30元。好好那么有特色的酒店，因为不懂得管理，变得让客人感觉非常不舒服，太可惜。基本不会介绍朋友入住，除非看到有明显的改善。
1,12月在金泉订了个豪华商务小套房，房间内部环境不错，酒店位于市中心边缘，周边交通还算方便，打车到昆明有名的金马碧鸡刚好起步价。缺点是碰上昆明柴油紧张，没有空调，晚上较冷，还好向酒店要了个空调扇，可以吹热风，否则晚上睡觉一定会感到冷。
1,房间比较干净，卫生间太小，转身都费劲。地理位置一半，因在胡同里，不容易找到。服务一般。
1,外观较旧，早餐一般，免费升级到豪华房，感觉还不错，热水很慢，要放很久才有。前台结账用的信用卡，不知为何至今收不到信用卡的付费信息，似有问题。
0,"大堂和电梯厅的装修还是比较有特色的,但客房却相当一般.需要提出的是,不知是否因为是携程预订,安排了楼层最角落的房间,这还不说,门旁边就是设备房,从我下午两点多入住准备休息开始,一直到吃晚餐之前,楼道里就没有安静超过二十分钟!此间,本人曾不下三次出门,对发出异响的客房工作人员提出""抗议"",基本作用不大,依然我行我素,喧闹依旧.实在无奈,只好打电话进行投诉(可查找当日的电话记录).因为几天前曾入住过上海的另一家同类型酒店,差异对比太明显,所以基本不会考虑下次的入住.另外从中环线到达该酒店,需要绕好大一个圈才能到达,不大方便(尤其是自己打的).最后,希望这家酒店以后要""善待""携程的用户，什么拐角，尽头的房间还是少安排得好，建议尽量安排给附近比较多的日本友人的干活！！！"
1,非常不错的酒店，比起国内除上海以外大多数城市的五星级酒店，它的硬软件真可算够格的。性价比高啊。说它地理位置较偏是事实，但第二天对周边环境熟悉了，出行就方便多了，其实走出酒店不多远就是公交车站，有好多条线路通往市区各个地方，而且只要你对酒店在城市的地理位置了解了，外出打的不太会遭斩。吃饭就更不用说了，出门300米左右就是条美食街，包括陶然居在内的许多特色酒楼小吃店比比皆是。到了晚上灯红酒绿好不热闹。唯一欠缺的是附近缺少大型的超市大卖场，我们想购买当地土特产品带回家，需费些功夫。以后来重庆还是会选这家酒店。
0,电梯维修，只能爬楼，房间不大，设施一般。房间里居然连个大灯都没有，只有一盏远远的台灯晃着暗暗的光。最恐怖的是窗户外面就是走廊，隔音基本为零，只要有人走路说话，都会有回音，特响。清晨就有酒店人员穿着拖鞋嘻嘻哈哈的走过，您就别想睡了。
0,悔啊！！500多的价格，房间一般也忍了，服务太差了，特别是前台那几个，那个效率，那脸上的表情――有点职业素质好不好！
1,服务尚好，早餐比较差；距火车站很近，交通便利；只是携程价与前台价相差只有5元，没有太大的竞争力。补充点评2007年11月30日：有电话骚扰。如果你不接会一直打到晚上12点！！
0,第一次来，主要是贪便宜，然后因为事多就没去找其它酒店了，住着住着也就习惯了，服务员都会跟你打招呼，前台服务员有的好有的差，好的还不错，差的就没话说了，住的单人房，窗户关不紧，说是出了事有摄像头，地毯脏的不行，气味严重，前台在六楼，不太方便，早餐不要提了，没法吃，中餐晚餐不提供。每晚都有骚扰电话，决不会没有。空调是中央空调，房内调节器如同摆设，后来找到其它酒店后就搬走了，还是住了十天。
1,大堂较小，房间不错，离地铁四号线非常近，交通比较方便。
1,服务不错，房间很大。之前其他评论提到的送机服务也是真的，因为有些事情离店时间比预约的晚了一些，司机态度仍然很好。最不满意的就是早餐很恶劣，吃的本来就少，像饮料什么的没了也没人要去补。习惯西式早餐的可能会发现没有东西可以吃，面包还是蛋糕的东西很硬，口感很糟糕，味道也差，严重破坏食欲。（中式早餐有一些，但没注意看，不评价）另外餐厅的卫生需要加强，地面的油感觉没有清除干净，踩上去黏黏的。放面包那边12月了还有苍蝇飞。总结一下就是向早餐无所谓的旅客推荐这个酒店，如果重视早餐，最好别住这里，住了两天食欲被败光了。
0,"KTV在25楼,整个晚上房间都在震根本就休息不好,上网居然还要接电话线拨号.这个酒店实在太差了"
0,酒店的感觉比较旧，应该是装修的时间比较长了吧
0,1、房间里过于奢华的家具不实用，且没有家的温馨2、睡到凌晨发现有老鼠在放家里爬，打电话给前台要求换房，前台让我自己下楼换房卡，理由是服务员睡觉了3、调到价位低的房间后，第二天结账还要按照高价位结算，并且对房间发现老鼠一事没有意思的道歉4、over
1,山西去过没几次，但是感觉上最好的就是这个酒店。前台比较满意，浴室很干净。
1,房间还不错。床很舒服。但交通就不是非常好了。大堂容易把人走晕。很满意，下次还住。
1,一年多没来过了，再来住，感觉不错，旧瓶装了新酒，标准房里面的设施基本上都换新了，到处都见到笑脸，看来这里才真正是买方市场，我喜欢员工“巴结”客人的感觉，给他个满分。
0,走廊上极噪估计是乌合之众的住所根本没睡好害得我考试时候晕糊糊的
1,"1．前台很有礼貌,对客户的合理要求能有很快的回应.2．不错的酒店.3．会向朋友推荐."
0,这是第一次入住此酒店，因为临时去苏州没有来得及在网上看，致电携程让她推荐的酒店，没想到有如此难忘的经历……入住后先洗澡换干净睡衣睡觉，然后就觉得脚上很痒，第二天起床后发现很多肿块，痛痒难忍！以为可能是在外地会有水土不服及过敏症状，也没在意，回上海后一天还是痒的钻心啊，就到曙光医院去看皮肤科，被医生告知不是水土不服过敏，是被虫咬，很有可能是跳蚤咬的，差点晕倒~没想到还有在宾馆给跳蚤咬得经历，是在郁闷万分，本来觉得此宾馆外观还不错，没想到……哎！建议大家以后住宾馆小心跳蚤阿……补充点评2008年8月5日：另外除了跳蚤还要补充哦，我们办入住时一群可能是新加坡客人吧，在我们之前办，等待时候看他们无视墙上禁烟标志，在那里吞云吐雾，而前台的接待非但不阻止竟然还拿出个烟灰缸给他们弹烟灰……然后进房间发现浴室门拉开和关闭十分费力，而且关不紧。洗脸台上的龙头建议店家可以换了，已经摇摇晃晃了。第二天本来想睡个懒觉的，但是房间窗帘不遮光，6点多就被太阳光照醒了，好不容易在睡着，结果9点左右就被敲门声吵醒，她无视我的请勿打扰灯，来问我要不要打扫房间，也不知道他们宾馆是怎么安排的，我只住一天难道不会等我走后再来打扫吗！另外房间只有一扇窗，窗外不到30公分就是对面屋子的墙，让我开窗见墙，也是第一次遇到的，总之对此宾馆非常的不满意，不知道还是怎么凭上金牌推荐的！
0,"2008年02月17日入住兴亚建国饭店,连四星的标准都不够,墙上有多处明显裂缝,卫生间的设施生锈,前台服务一般.服务员还说480元是特价期间的价格.携程订单上有水果送的,一直也没见送.郑州的5星酒店是应该重新评级了"
1,我住过很多次，有一次住了商务套间，巨大。感觉用不了这么大的面积。在平湖来说这里算不错了，早餐需要改进。
1,"到缙云也没别的地方好住,在这里住了个套房,感觉还可以,在一个小县城里有这样的地方就算不错了.房间是设备尚可,玻璃是两层的,主要是因为靠近火车站的缘故,而火车汽笛声音又很有穿透力.以后来,还必须住这里."
0,酒店周围环境及内部设施整体还不错。但服务态度极其不好，简直目中无人。入住时，正在填我的入住单，突然过来几个衣着较光鲜的人，就把我的身份证和信用卡放到一边，帮那几个人处理。完后，又过来两个人，又接着处理这两个人。我等了20分钟后，忍不住问还要不要办，才想起来。退房时，遇到同样情况。我正在退房，看到几外老外过来，就直接插队办理。我实在忍无可忍，就问服务员为什么，竟然回答你很赶时间吗？
0,不知道前面这位弟兄是不是和我一样住的同一天。我是7.24入住的，25日一早怀着极其极其悲愤的心情愤然离开。对于房间，极度失望。1、潮湿得不得了，一股浓重的霉味，叫来服务员，说是这几天下雨，比较潮湿，没有办法，要不喷点空气清洗剂。难道这是理由吗？一个4星的酒店，下两天雨，就要住客接受发霉的房间？？？什么逻辑？？？？？2、房间小得不得了。前面那位还有两张床的位子。我那间房间面积为6平方米，卫生间约2平方米！绝对不是危言耸听，我都拍下了照片，如果要和我对质的话，随时奉陪！！！！3、交通极不方便。让前台叫车，必须提前起码半小时，否则，嘿嘿，你就等着吧！4、床上用品！床上用品！！又潮又旧，我也都拍下了照片，床靠背上积着一层厚厚的灰。头发我就没找，因为就那环境，有头发根本不稀奇。5、空调正对着床，因为床两头都顶着墙，因此无论空调朝哪里吹，都对着人。更要命的还在后面：晚上才发现――空调漏水（酒店要不信，去看看你们房间的墙面去），出风口挡板是不能固定的（只能一直摆动）。天哪，可怜的我们啊：打开窗，窗外是虫子不停的鸣叫和其他房间空调室外机的轰鸣；关上窗，6平米的房间闷的我们喘不过气。这叫酒店吗？我怎么觉得是被关在看守所里啊！！！6、我们订的两个一样的房间――商务单人间（因为预订的时候，很多房间已经没有了，只能订这个）。可另一间无论房间大小、房间内设备和物品，都比我们这间强很多，当我们问服务员为什么我们房间没有塑料拖鞋、没有“收费”食品（最普通的矿泉水也是收费的）的时候，服务员回答：“因为房间太小，放了这些就更小了！”同志们，是不是从这里又能感觉到房间真的有多小了吧？7、结帐的时候，竟然还问我：“对房间满意吗？”什么意思？？？我预订两天，结果住了一天就走了，你看不见吗？看不见也就算了，难道你不知道你们的这个房间有多小多差吗？？？？问这话什么意思？？？？？是不是要让我蹲了一晚“看守所”后，还要堆上笑容和你说：“啊，真舒服啊！！！”你们才满意？？？？8、我可以很负责任地说，我是一个很宽容的人，否则入住的时候、结帐的时候，我完全可以据理力争。大家也可以看看我之前对于入住酒店的评价，我想也足以证明一些什么。9、最后一点，想对携程说：从携程创办之后不久，我就是你们的忠实会员，很久之前就成为了你们的钻石贵宾。我想对携程说，你们也有责任要向你们的会员推荐好的酒店，我们不奢求家家都价廉物美，但至少你们要把握住要将价不廉物极差的酒店排除出去，这点要求不过分吧？？？另外，如果你们需要，我可以把我住的房间照片给你们作为证据，或者提供给你们，让大家预订前先看看，这点实事求是的要求不难吧？10、客观地说，早餐还是不错的。服务员的态度还是可以的，虽然回答的内容让人直来气。鉴于以上，我觉得此酒店总体让我非常失望。我们第二天一早就撤了！！以后也不敢再住了！！！！398元，我们加点钱，去住了“泛海名人酒店”，真是一个天一个地啊，着实让我体验了一把什么叫“从地狱到天堂”的感觉。补充一点：离开青岛后去了郑州和山西，刚回来，正想上来发帖子，就看见了前面这位兄弟的评价，实在深有同感，故借鉴了几点意见进行了修改和补充，不过看的出，我住的房间应该比你的还要小。奉劝看到帖子的各位，宁可去找个招待所，也别住这个4星酒店！！！切记切记！！！
1,第二次入住这家酒店，还是感觉挺干净的，就是因为房间太小，晚上有点闷，网速也非常慢，早餐一般，没什么吃的。
1,环境还不错，服务也挺热情，但隔音确实不好，早上居然被隔壁的讲话声吵醒了宾馆反馈2008年5月9日：尊敬的宾客：您好！感谢您对我店的认可并提出宝贵意见！我店现已有计划对客房区域进行改造，届时多数客房的隔音问题将得到较大的改善。另我店一楼怡景咖啡厅自五月一日起推出东南亚美食节活动，诚挚地欢迎您来店品尝和感受！
0,酒店位置还好，设施太陈旧，太老了！房间面积太小，硬件的设施糟糕！枕头太低！床垫也硬！
1,环境还不错，旁边就是华师，在华师参加考试是个不错的选择。缺点就是没有留加床的位置，加床后非常小，另外就是价格定的有点高了。宾馆反馈2008年7月1日：感谢阁下的宝贵意见，酒店有个别房间是适合配置加床的，如阁下需要加床，可在预订时提出需求，我们将尽力为阁下安排，期待阁下再次入住我们酒店。
0,订的2个房间由于一间空调是坏的，还生了霉，问服务员说没有其他房间了，让我们去退房。于是到了前台退房。第二天携程客服电话说我们订2间只住了一间，要扣掉另一间的钱(用信用卡担保过)。我说是房间的问题才退的，去找酒店负责人理论，负责人说我不管，你们只住了一间，不管退的那间。我说是服务员让我退的，他说服务员说的话无效。那个态度。。。于是，，，后面多少波折，，，，哎，差点误了回北京的车还好携程大度，调查清楚后免扣了多一间房间的钱
1,通过别人介绍在此住过两天，感觉总体服务很贴心，住的11楼的房间，床很舒适，因临时改变行程，打电话到总台帮我订了机票，服务效率很高，很快就送到房间，整体给我的感觉很好。
1,确实和前面住过的人评价一致，服务态度很好，是我住过3星酒店里面最好的3星酒店，唯一感到一点不足的是空调不热。
0,曾经住过一次经济型酒店，是宜兴的锦江之星，房间又大又干净，颇感惊喜，以为经济型酒店都是这样的。这次去成都，因为第二天一早就要赶往青城山，反正就住一晚，就选了这家离汽车站很近的如家，结果是噩梦一场。一出电梯一股异味扑面而来，打开房间，里面一片狼藉，床上、地上到处散落着...唉，不说也罢，里面的气味远超过走廊上的。赶紧打开窗，叫来正在隔壁打扫的管房，让她一定要好好打扫干净，然后赶紧走人外出吃饭。回来后房间当然是打扫了，可那异味依旧。推开卫生间门去冲澡，哇，一股浓烈的恶臭扑面而来，终于明白房间里的味道来源了，洗完澡人差不多已熏晕过去了，LG做了明智的决定：今天不洗澡了！可这房间和卫生间是联通的，这恶臭不停释放出来。我拿了条浴巾盖在地漏上，以确保房间离的恶臭浓度不再上升。睡觉时我只能开着窗，面向窗侧着睡，气味稍微淡些。这一夜难熬啊，伴着窗外建筑工地的隆隆声、汽车喇叭声、还有房间里极度的恶臭味，我迷迷糊糊估计顶多睡了3个小时。好不容易熬到天亮，赶紧收拾东西走人。第二天住在青城山的豪生国际酒店，相比之下感觉宛如天堂一般了。
1,酒店位置非常好，周围购物很方便。房间还算干净，就是毛巾被单稍旧。晚上房间没暖风，这季节，冷！
0,客户反映此家酒店的服务和房间也就是2星级标准。尤其服务及人员素质都不尽人意，令人失望。但在网上却排在推荐第一位置，请你们要按照实际情况来向客人推荐。是一家很差的酒店。宾馆反馈2008年5月30日：我酒店一直非常重视携程网客人给我们的评价，对于客人提出的意见我们会及时的进行改正和完善。今天我们发现点评中有一位客人对我们的评价很差，于是及时联系了实际住宿客人潘先生，潘先生反映在酒店住宿期间对客房、服务都很满意，点评是其朋友填写的。华庭时尚商务酒店真诚欢迎各界朋友来我酒店入住，也希望潘先生的朋友有机会来亲身体验！我们将努力为您提供热情优质的服务。
1,房间很陈旧，周围环境比较乱，但地理位置还好，离机场大巴上清寺站较近．早餐的品种很少，没什么可吃的．交通较便利．
1,"三月下旬入住第一天单人间(360元)优点:高层房间宁静,房间整洁,大堂可上网,商务处的职员小姐很好,解答本人很多旅游问题.改善:在ctrip订,已用信用卡付押金并已写明下午3时入住,但本人在下午3时入住时,职员说没有房,可放下行李,两小时后再返回入住,不知ctrip及此四星酒店怎安排,白白损失两小时的时间.职员只不断说对不起,没有其他补偿(如在其他的星级酒店便会送餐卷或upgrade房间等).总评:下次会尝试其他的酒店."
1,"每年去杭州数次,本次入住友好是看了网友的评价而去体验一下.友好果不负其名,服务质量上乘,从门童及每位员工的服务都非常的热情和主动.有宾至如归之感.房间整洁床上用品非常的舒适,冲淋房虽小但水和个性化的笼头感觉很惬意.最让我意想不到的是我午睡过的房间以及被我摆放凛乱的浴巾,等我晚上回房打开房门时,房间已整理一新.而且枕上摆放了二朵紫色的兰花感觉很温馨.这些体贴入微的小细节友好做到了.值得一提的是,这里的保洁员工素质都相当不错,我外出时手表和手饰等贵重物品和部分现金都随意的摆放在桌上,都不会丢失.入住友好让我感同深受,有一种象家的感觉.原打算只住一天结果我又延续多住了一天.早餐的旋转餐厅已开始旋转了(网友以前说是不转的)西湖美景尽收眼底,感觉真好.不理想的是餐饮方面,午餐我点了份海南鸡饭68元其味道和买相实在不敢恭维,是我所吃的海南鸡饭最难吃的一家,太不正宗了图有虚名.晚上点了58元一杯的乌龙茶茶质很一般香味不浓,38元一杯的鲜榨弥猴桃汁,弥猴桃质量不好生酸涩具然还掺了很多的水太难吃了,连一般盒装的果汁都不如.建议饭店在餐饮方面能有所改善,争取有更多的回头率.建议大堂和旋转餐厅的钢琴不要成为一种摆设偶尔能听到悠雅的琴声感觉会更好.该饭店地理位置优越,环境设施和服务很满意,性价比较高,以后还会打算入住.宾馆反馈2008年8月7日：非常感谢您能选择入住我们饭店，也非常您中肯的点评。我们饭店在各个岗位积极地推行金钥匙服务理念，力求为每一位宾客营造最舒适惬意的旅居环境，为您提供最热忱的服务是我们的宗旨。就您所提到的用餐时遇到的问题，饭店已经责成相关部门改进，并向您表示歉意。我们饭店大堂和旋转餐厅的钢琴是有定时演奏的，在时间上有固定的安排，希望您下次光临时能欣赏到优美的演奏。再次感谢您的点评，衷心期待您的再次光临。"
1,宾馆大门显得很时尚，大厅很有个性，房间也保持一样的风格，绿色木纹和砖石墙面，简单不失个性，很像快捷酒店。就价位来说很值得。
1,地点一流，房间设施比较陈旧，价格也越来越高了。好象携程的优势越来越不明显了。
0,8月头通过携程订的两间标房，340元一间，原想四星级的标房应该很不错的，可到那一看，简直就是一个招待所的水准，装修陈旧，房间又小，25寸的电视机还锁在柜子里。很不值，下次肯定不会再去这里了。
0,如果去周庄旅游，体验水乡风情的，还是去景区里面的私人旅馆比较好，环境不比私人旅馆好，服务我觉得也不好！本来去市区的班车就少，一个半小时一辆了，那天我赶着去浦东机场，他索性还说班车取消了一班，让我足足等了2个小时50分钟。。。。。。。
1,很好的酒店，紧靠海边，除了入住当晚网络不好，其他都很满意，对了也还有一点出来打车不容易，不过走出路口这段路风景也不错，呵呵。
0,本来定阙里宾舍，定单提交后携程打来电话说没有房间啦，推荐该饭店，结果入住后发现房间脏、乱、差，前台服务员态度冰冷，号召大家抵制该酒店。
0,"酒店服务人员的服务素质有待提高,和入住的房价明显不成正比,我入住的房间床单上有血渍,服务人员居然推托说血渍是湿的,言下之意是我们自己弄上去的,标房里没有冰箱和浴袍,服务人员说因为房间从携程订的,便宜,意思不要计较,晚上烧水突然断电,服务人员又说是我们用了2个热水机烧水导致的.但温泉区的服务人员态度很好,与酒店服务人员的态度有着天壤之别,建议会员们只去泡温泉,不要入住酒店.早饭还可以,以中餐为主"
1,条件还可以，服务不错，酒店人员态度很好，早餐尚可。但总体感觉携程的价格略贵，比很多公司的协议价格都贵，这不大符合携程的地位啊。
1,之前就听说苏州万丽是苏州生意最好，房价最高，也是业内人士最推崇的酒店，远胜于喜来登，香格里拉，索菲特，在苏州属于一枝独秀型的，平时房间非常的难定，几乎天天满房，这次好不容易定了个行政套，本打算住一天，后又延了一天，简单来说吧，房间不大但很温馨，酒店工作人员不多但都非常专业，亲切，严格意义上来说该酒店硬件并不突出，没有游泳池，没有特色餐厅，建筑也没有什么特色，处处透露着简单，适用，大气，但是只有你住了以后才会觉得，值！。。。。。。。还记得苏州迷宫喜来登的恐怖经历，差点把我绕死。。。。。。。。。。。。。下次只要有房间，肯定住他。
0,这个酒店是我住的酒店里最最差的，居然在半夜里装修，给前台打电话居然说，他没听见，不知道他是聋子还是傻子，那么吵闹的电转声音竟然没有听见，我上到五星下到招待所都住过，还没见过半夜三点装修的呢，大家千万别上当了，支持下啊！
1,"一直到深圳都是住这个酒店,除了交通便利外,酒店也非常的整洁干净,390元的价位在深圳也只能住到这样子的酒店.如果说唯一一点不足的话,就是酒店房间走廊内经常没开空调,天热的时候走进去感觉非常闷热"
1,我现在就在后海房间里，为什么要现在评呢：是因为看了下面的一些评论，急于谈自己的现实感受――好像与他们感觉有些出入。同感：沿石镜街、万马路，有车过时，确实很吵。异感：1.服务员好像不是那么懒散啊：有问必答，讨要网线后5分钟内送到房间；2.订的是时尚单间，看似LP很满意，我就当然没意见啊；3.免费上网、长途电话，怎一个爽字了得；4.明天继续，有待继续观察。结束后，如有变化会再评；否则，以此为准。
1,服务值得褒奖，是见过的国营酒店里最好的，尤其是行政楼层长兴阁，贴心的服务，精致的点心，无线上网，免费的下午茶，感觉很惬意，尤其是服务员的素质，蔡雪妹妹的微笑实在让人难忘。大堂吧也不错。行政楼层1030一晚，含免费下午茶（长兴阁），每天免费洗烫4件衣服，免费享用4瓶小冰箱饮料，含早餐。性价比相当不错。好话说了这么多，批评一下：主楼和世纪楼的中餐厅真的很烂，据说是外包的，生意非常火，每天都是婚宴，要吃饭必须定位，否则排队吓死人。住了一个星期，两个中餐厅分别等到机会吃了一把，差点没被气晕过去。素质和环境和酒店本身相差太远，吵闹，难吃，奇贵无比，拿着红酒杯倒啤酒，拿着洋酒杯到红酒，厉害！服务员素质也不到位，和外面马路餐厅相当。酒店里两家中餐厅外包，天上人间也总会外包，都极差。日本料理店东西不新鲜，早餐每天都一样，只有鸡肉粥换成鱼片粥，呵呵，吃顿早饭吗，不用那么挑剔，也罢。4楼健身不错，很全，保健按摩很专业。总体来说，性价比不错，切记只选酒店自有的服务，准没错，外包的别再尝试了，只会影响心情。
1,位置不是很好找，晚上有霓虹灯还好一些，白天就困难许多
0,1酒店基本需要用品没有，比如要求转换插头、水壶，也一律欠缺！欠缺理由为“由于全家酒店客房已满，所以没有任何多一个后备用品作替换”（这是酒店服务员原话）2酒店水壶内有残余物，约一元硬币那么厚。酒店服务员竟然说“知道这个情况，但是没有办法”！3酒店早餐很差，不像3星酒店应有水平，4冬天的暖气空调是按需提供，不问基本不给；5暖气跟呼噜一样，整个晚上吵到天明（因为本人天明就马上退房）；6热水器名不符实，应该叫“水器”，因为基本不热
1,非常好的酒店，服务没的说。到店后知道我们是第一次入住，给免费升级成公寓房，房内设施很好，装修格调我很喜欢。前台给送进房间，服务员帮我们换好拖鞋，泡好咖啡。唯一遗憾的是停车场比较小，大堂里面沙发很少，显得很空旷。下次有机会一定还来这里。
1,室外游泳池没有很好保养，黑黑的，反而刹风景。
1,"晚餐是房间叫餐的,价格不贵,速度也较快.房间很大,床也大,感觉不错."
1,很：在大得陲有和北酒店格么相似得酒店，房馨大，舒而且很人性。生好大好敞，淋浴和澡盆是分得，直接可以充得插座很方便。大大得落地窗是距看木最著名得山，夜色很漂亮，熟悉得妃躺椅，能喝到正宗得北咖啡，真得不像是到。有很快也方便。房便宜不到肆佰人民，真得值。
1,除了停车不是很方便，其他的都还不错的，服务质量也很高，市中心的环境也很吸引人，还不错的！
1,酒店的服务总的来说还是不错的，上网的速度也很快，下次还会住。只是携程的价格还是偏高，商务楼层598，我的客户可以订到同样的房间只要500元。
0,因为客户就在旁边一栋楼，所以就近住了，不过这个地方好象也就只要这么一个大点的宾馆吧，同事说好象是日本人开的
0,房间设施很差，给我的电子门卡居然不能打开房门，换了一个电子门卡还是不行。最后只能给我一把钥匙。房间里的毛巾洗得黑糊糊的样子，很硬。前台服务倒还周到，还给免费升级为大床房了。不过大床房的空间很小，隔音也不好。性价比不是很高。
1,酒店环境一流，房间也很令人满意，舒适、干净、卫生，只是楼下的中餐厅收费比较高，在房间打电话去旁边的夜总会还要收电话费，有点那个...不过总体感觉还是对得上五星标准。
1,"酒店整体感觉还行,但是地毯不干净,需要清洗."
1,酒店除了大堂小了点之外，其他都不错房间装修也挺不错，作为4星酒店，足够了比较难得的是，房间还送矿泉水，比较5星待遇了
0,酒店装修气味很浓，房间感觉一般，与4星有不少差距。入住期间居然不开空调，热得要死，刚好房间又向阳，期间打了几次电话，最后同价升级成单人套房，郁闷的心情总算好点！卫浴品太旧给人感觉不爽，总之感觉不好，下次不会再住！！
1,入住此酒店：软件及硬件比较好，价格合理。但停车的车库不能直接进入酒店，要出车库从正门进入，不是很方便。不过下次来太原，她是首选。
1,"房间比较新,面积还算可以的,也很安静.关于前台服务:现在通过CTRIP预订是免上网费和正常服务洗衣费,但打单子出来就要客人付款,被质疑之后推脱为工作失误,该事已经有人在这里点评过,又被我碰到,因此可以怀疑其诚信."
0,"就没有见过这样的酒店,价格不便宜,设备特别陈旧,房间昏暗,外部内部都特脏,上面写有宽贷竟然还要20元钱,要钱也罢了,IP地址都不能自动获取."
1,晚上11点左右入住，发现卫生间水龙头有问题，通知前台以后半小时都没有人来修理，服务效率不高
1,房间很新，入住的是行政房，窗外望出去就是玄武湖。窗台上的大理石颜色和我家的一样，给我一种很温馨的感觉。唯一搞不懂的是卫生间的橱和房间的衣橱是同一个，可以互通。交通方便，从火车站上地铁到鼓楼站下，步行5-8分钟便可到。总体感觉不错。
1,价廉物美的好选择，晚上到机住十分合适，服务很热情，房间没地毯很清爽，海景很好看
1,"首次入住该酒店,环境雅致,服务非常不错,很多笑脸,感觉热情,早餐可以接受,有送餐服务以后去徐州还会考虑入住。"
0,酒店里的服务态度超差，餐厅里的服务员的素质就更差，当时我一个人去吃饭，看见菜单上写的酸菜鱼是8块，当时还告诉了服务员我就一个人，心想一个人正好，又点了其他的菜，谁知道付钱的时候告诉我酸菜鱼是35元的，钱倒是其次的，明知道我一个人，还一个劲鼓吹他们烧的多好吃，郁闷！本来准备住三天的，第二天一早就退了房间，超烂的酒店！
1,"一直帮国外同事定的酒店,非常好的环境和房间"
1,装修比较新，离购物点有点距离，要出门拐右，第一条马路再拐左，大约走15分钟才到购物中心。周围有2家电器卖场，马路对面就是药店，可买片仔癀或茵胆平肝胶囊
0,该酒店地段不方便，超难打车，服务不到位，酒店设备有点旧
1,总体来说还是不错的。说是酒店，其实更像是个公寓，一方面楼里有好几层是办公用的，另一方面房间的配备也像。我们订的是豪华大床房，先说优点：入住和退房都挺快的，商务中心可以订车票，房间不小挺干净的，有卫星电视。缺点也有几个：一是离西湖有点远(20-30分钟行走)，二是周围吃饭的地方太少，只有三家，早餐得走15分钟到延安路才有(不过好吃又不贵，人很多)，三是浴室有点小，没有单独的沐浴房。宾馆反馈2007年11月5日：首先感谢您对我酒店提出宝贵的评价，在这里我们对您提出的一些问题将做一些相应的解释：1、酒店离西湖的总路程为一站路的公交车程。2、从我酒店出门（庆春路）往东方向步行大约2分钟，就有许多饭店包括早餐店，价格实惠且品种丰富，这条街是杭州餐饮比较集中的一条街，建议您下次入住时可直接咨询前台，我们将热忱为您服务。
0,酒店在装修，整体感觉特别不好，正门都走不了，车也不让停，服务人员也不协助找停车的地方，哪里像是五星的服务水准？房间卫生状况也不是很理想，备品也不像是五星级的，比如牙刷根本就是劣质产品。酒店整体的软性服务也需要提升，看得出是个管理很一般的饭店，服务有员整体素质一般。
1,我是7号入住的豪华商务间优点：1.位置较好，交通方便。2.出现问题后能及时沟通，服务较好。（详见后）不足：1.有部分豪华商务房由所谓的“家庭套房”改造而成（两个房间有一个木门连接），隔音效果非常差。2.房间内有霉味。其他：我预定的598的豪华商务房，checkin时没有告之我该房是由所谓的“家庭套房”改造而成，结果入住后发现隔音非常差，隔壁的男士在和一女士通电话，在我房间内甚至可以听到那个女士的说话声，呵呵。经交涉后调换了房间，问题得以解决，在交涉过程中服务态度不错，但个人认为应从根本上杜绝此类问题出现。
1,去年10月去九寨沟时住过，感觉很好！今年再和同事去，觉得服务差了。宾馆反馈2008年5月27日：希望客人对我们的服务提出宝贵的意见和建议，做的不够好的地方，我们很乐意接受客人的批评
1,酒店硬件来讲应该是不错的，就是位置比较远，离市中心和商业区都不是很方便，去的时候又刚好赶上出租车罢工，出行相当的不方便。但因为就在市政府对面，基本来餐厅吃东西的人都是里面工作的人，所以餐厅是不错的。如果不考虑交通的问题，建议选择！！
1,酒店不在青岛最中心地段，不过交通还算方便。是一栋栋2-3层的小客房，环境非常好，还有花园，非常安静，是度假的好地方。酒店是什么国资委培训中心，开会的政府人员比较多，价格也比较实惠(最近青岛开奥运，酒店价格涨了好多)。酒店比较不算新，早餐一般，服务还可以。
1,确实是山上最好的酒店，环境和设施都很不错。我们这次住的是曙光别墅7201房，其他的别墅是竹木屋联排的，一排四间，我们这间是单独的且是水泥的，所以比较隔音，别墅区有3间这样的房间。设施齐全，有电吹风，水热也蛮大，没有空调，但山上晚上只有18度，用不上空调。我们上黄山是奥运前2天，天很好，所以房间还比较干燥，浴室有些潮，有2件羽绒服和加盖的被子。饭没有在宾馆吃，无法评价。服务还不错，动作挺快。
0,像是仓库改的拖鞋不错卫生间还可以早餐很差
1,比较古朴，具有俄罗斯的风格，坐落市中心秋林附近，靠近松花江，环境优美。
1,1、酒店刚装修过，很好；2、酒店的科技含量较高：一个大的电视，可以当电视看，也可以做电脑显示屏。无线的键盘，坐在房上可以用电脑，第一次看见这样的酒店电视。另外，还在方便的宽带与电源，非常适合于商务人士。还有，坐式马桶也有科技含量。3、酒店位置很好。4、酒店很贵，特别是一楼的酒吧，非常贵。但是，商务人士一定得用的。早餐只有一份，不方便。5、客房的卧具很新，但是，不知是否在被整理的过程中，与地毯有接触？总感觉到表面上有一层浮毛毛，不知从那里粘上的，但里面没有。
0,三月三十一日，我夫妇入住这间宾馆。我是按照在携程网上的预定，从火车站步行了约一公里多来到这里的。我太太先去看了房间，然后告诉我，房间一般，是很小，房间外面油漆味很浓烈，难受。她说要我自己上去看看，由我决定。前台接待我们的是个年轻女子，人很热情，不断地向我们推销他们的什么会员卡。说我们现在用他们的会员卡登记入住，马上就可以优惠房价20元。以后在全国，只要入住他们的连锁宾馆，每天都优惠房价20元，还有其他优惠，如就餐九折，积分奖励（免费房）等等。我觉得很烦。若不是携程介绍，我怎么会来你这里呢？可刚一到，你就让我甩掉携程，改用你们的会员身份入住，这不太缺德了吗？他们后来让我看了房间，在走廊上，油漆味太臭了，进了房间，很不舒服，主要是空间太小了。服务员说，有些房间大一点，不过房价贵十元。他领我看了。我们夫妇商量后，决定先住下来。在总台的柜台前，还是那位女孩，正忙着接待一位男子，向他推销会员卡，他接受了。然后那女孩在电脑上替他取消了携程的定单。再对他说，携程可能在晚上会打电话向你调查，为什么没来这里住，你就说，来到长沙已晚了，就没去了。教人撒谎，真恶心！那女孩现在给我办手续了，当然，她还是先向我推销她那宝贝。我明确告诉她，我不愿意为了点小便宜而当他们的会员，这样会牺牲我对酒店的选择权。她变得不再热情，要我付了198元买一间标准间B。我们在房间休息了一会，打算去吃晚饭。我忽然想起，我在携程订的房本来就是说好标准间B，房价是188元。她明知我是携程的，干吗收我198？找她论理去。在他们总台，她说，携程给你留的房间是下午2时至3时，你过了这个时间就不再是携程的定房，你是散客，所以按散客价。我强烈抗议，质问她为什么在开房的时候不告诉我，现在才来讲这个规定。我要求见他们的经理进行投诉。后来来了一个工号007的戴眼镜大个子。此人态度十分恶劣，他说，你过了时间就不是携程定的房，如果算携程的，我们要付给携程每天**元，我们亏大了。我说，我过了3时来，你们就说我携程定房无效，但你们在网上的介绍说离火车站0.5公里，吹牛皮，这又怎么解释。他说网上的介绍不是他写的，他没有责任。我感到他们赚钱很不光明正大，不把住客当朋友（更别说是上帝了）。这几个人的作为，不光让我以后都讨厌莫泰连锁，更有甚者，还动摇了我再到携程网上定房的信心。
1,酒店还是不错，不过携程的价格还不够好一点。
1,"第一次入住该酒店,住的是高级单人间,房间不错,干净,整洁.有台式电脑,免费上网.液晶电视也不错,只是遥控器不太方便,有2个,整了半天才明白.只是早餐太差,没有什么令人难忘的回味.酒店服务态度不错."
0,这种酒店居然是五星，不知道怎么评的。服务意识差，我入住酒店时，提了两个大箱子进去，门迎居然动也不动。以次充好，我订的是大床房，给我的是两张房拼到一起的，居然就叫大房床了，空间小得可怜，投诉前台，无果；于是投诉到携程，最后长级。旧，这一点我就不说了，别人已经都写了。吃饭要很长时间，要了一个果盘，一个简单的果盘，吃过饭一个小时才上来。总之，下次不会再住了。
1,接机服务不错，就是携程不含早餐不好，488的房间感觉也还可以。总体4分
1,"早餐不错,挺丰富的.还提供免费接机服务,性价比高,交通很方便!"
0,最近变成了四星，好像房间装修过了。餐厅也装修过了。早餐不错。呵呵，继续努力哦
1,"很不错的一家酒店,在当地来说是最好的了.客房设施在此价位相当到位,早餐口味及品种也很好,尤其是酒店的氛围绝对是优于临海其它酒店,感觉很好.补充点评2008年7月9日：很不错的一家酒店,在当地来说是最好的了.客房设施在此价位相当到位,早餐口味及品种也很好,尤其是酒店的氛围绝对是优于临海其它酒店,感觉很好."
1,酒店设施还行，不过房间过小，价格相对一个小县城来说有点贵。
1,没有写字台，电视剧旁边那点空间太小，明明房间里有空间，为什么不放张写字台？
1,总体感觉还算不错环境也还算可以下次有机会可能还来
1,还可以，升级了行政楼层，房间一般，新但不算大。洗手间比较大，淋浴和泡浴分开，这是我升级的原因，因为宝宝喜欢泡浴。但五星级没找到有泡浴的浴盐有点失望。可以挑花香枕，但没挑，怕小朋友敏感。逛街还是很方便的。
1,总体来说，这是一个比较不错的酒店，房间比较新而且也较大，尤其是卫生间与房间的隔断蛮有意思的，有一点稍有缺憾的是浴袍虽然很干净，但也比较旧了（已经出现丝丝缕缕了），建议更换。酒店服务员的整体素质比较高，也很热情。晚上喝了酒不能开车，在酒店门口打车的时候发现出租车大多数都拼车，这一点比较奇怪。
0,以前住过一次，发现了一只老鼠，后来看到别人说他们重新装修过，所以这次还是选了这个酒店。可是实在是让我失望，一切如旧，什么也没有变，只住了一个晚上，我就生病了。下次再也不会住这个酒店了。
1,"早些时间发过一次,但不知为什么评论中并没显示.现在再发一次.我们全家不久前入住了行政豪华套房.酒店的硬件还是不错的,前台和楼层的服务"
1,整体感觉房间设施很陈旧墙面和地毯都很脏，而且有不少划痕和窟窿不过好象整个贵阳的建筑都很破旧卫生间很干净毛巾洗漱用品都很齐全电视收到的台很多而且排列比较有序有网的房间很少而且还要收费很不方便出门右手边过天桥再往右过一个拐角总共也就300米不到有一个网吧24小时的服务很周到用语规范亲切自然双手递交房卡有问题响应时间及时早餐10元还8错有粥还有热牛奶种类还算不少起码能让人吃饱
1,服务人员的业务能力还有待改进住了前三天都有早餐券，第四天续房时，把已经给我的房卡和餐卷中的餐卷给又抽回去了，说你这个价格不含早餐。给我的感觉非常不爽，而且言语很坚决。我商量了很久，告诉他们第二天有客人要过来，需要在餐厅吃饭，况且我要订三间房续订2天，你就当赠送也不是不可以的。死活不同意，我很是生气，让请示经理，才勉强同意说只允许一天的。感觉不满。
1,"第一次住这家酒店,住的是C房.携程推荐说这家酒店性价比高。380元的价格能在这个区域住到这样的酒店我感觉很满意了，宽带免费市内电话也不收费，早餐也还可以。之前看了网友的点评说前台服务不尽人意，这次感觉还可以呀，基本能做到主动热情周到，个人觉得这就够了，当然如果谁习惯5星级服务，到这里肯定会失望，以这个预算，住这样的房间，受这样的服务，感觉很值！感谢携成的推荐，下次还会住这家"
1,7.15日入住，7.16日离岛。观海木楼分上下两层，下层看不看得到海，不知道。我通过携程定时，要求住上层，房间格局构造都不错，从落地窗可以看到海，我们住的楼下就有游泳池，浪漫惬意。岛上不大但，走走也是挺累的，特别是在大太阳地下.....去那里的朋友以下需要注意：中午十二点退房，加上40分钟打打扫时间，所以早上去的朋友，只能在大厅寄放行李，然后去岛上走走（貌似大部分安排上岛都在早上）观海木楼因为是木质结构，以木为材料，所以在木材外面涂了东西，衣物皮肤等尽量不要靠近，在房间内也有标示。隔音效果的确很差，这跟建筑材料有关。我家那位身材非常壮硕，走在地板上能感觉到微震，不过楼下的一家四口也没有提意见，我想这楼还是很牢的。从外面进房间，大家走慢点，也看着点，因为小动物会在一开门的一刹那，咻的一下隐没（夸张描写，不过它们速度是很快，起码我没看出那是什么）再也不出现。人在房间的时候，是看不到它们的。我家那位睡了一晚，第二天背变开始痒，我不奇怪，他本是敏感皮肤，我就一点事情都没有，不过的确床单没有仙人掌酒店睡的舒服，有细微粉末的感觉，建议酒店改进。热水不是全天供应，晚五点左右到十点左右吧，记得不是很清楚了，也许每个季节会不一样吧。楼下的泳池底部是石头铺的，在亚龙湾仙人掌酒店的泳池泡过三天的我，乍一下水，还有些不适应，不过意境很好。推荐情侣晚上去哦！岛上的情人湾情人桥的，个人觉得没什么意思，经营者开发的景点而已。本想看日出，可惜早上下了场大雨，只好作罢。岛上有些地方还在建设中.....看样子应该是鸟园和旅社吧。饮食的话，在中餐厅吃的早餐，没什么好评价的，一般般。在西餐厅吃的晚餐，靠窗就是海，不错不错，就是要无视偶尔飞爬过的蚊虫蚂蚁（夏天么，岛上生态环境好，么办法）价格不便宜也不贵。P.S.回沪后证实，我家那位背部手臂腿部痒，为虫咬，是床单还是其他就不得而知了，奇怪的是，脸没有被咬......补充点评2008年7月29日：补充一下，岛上地图不是特别人性化。地图标有景点，大厅，饮食场所，泳池，住宿地点。乍一看不错，很清晰。可是，没有标出通往住宿地点的非主干道。也就是说，地图只有主干道，没有标明其他路。事情如下：我们在西餐厅吃完后，不打算通过电瓶车回去。便打算走回去，走到大厅附近天已经黑了，我们愕然发现地图上只标明观海木楼在大厅的那个方向，而面对眼前的几条上山的路，还真不知从那条开始好（大家不要惊慌，遇到此事致电大厅，会有电瓶车来接你们的）夜幕中的树林，寻找回家之路的情侣们凭着记忆，十五分钟后取得胜利（事实证明大自然白天和晚上是不一样的，多亏了游泳池。）建议酒店改进，估计更换更改地图成本比较高，可以选择增加标识牌。在通往住宿的地方，地图上未出现的路和路口，增加木质标识牌，上写地点和箭头即可。（字大写，位置明显些）
0,"房间不错,但服务质素极低,服务员态度生硬,冷淡.入住两晚,虽然大部份时间都在外游玩,但也没少看服务员白眼,好象咨询下的士的状况也打扰了该酒店高贵的服务员."
1,"之前也住过几次,但是因为最近又进行了新的装修,所以进行一次最新的评价,评价日期:2008.02.23优点:1配有电脑,我住了一次商务双人间一次单人键都配有电脑,虽然配置都差不多,但两者还是有差别的:商务双人间电脑:永久电源,不让登QQ,MSN等商务单人间电脑:拔掉钥匙则自动关机,可以上QQ,MSN等2有个人私人柜用来保管个人贵重物品3每天还会送瓶纯净水(可口可乐水森活550ML)给你4交通便利,旁边有洋货市场,天津麻花卖缺点:1早饭中餐不好吃,建议吃西餐(和前台换早餐券即可)2电脑有盗号密码(这可能也是商务双人间电脑不让登QQ,MSN等的原因),而且盗号能力很强5分钟就会盗走,幸好我有密保,所以强烈建议用QQ时一定要用软键盘输入密码3房间偏小4从外面看房间较旧"
0,这个小旅馆也实在是太差了，卫生条件很差，夜间到达后没有热水洗澡，设备陈旧，水池子铁锈斑累累，卫生间墙角污物随处可见。这还算可以忍受或对付一夜的。作为携程网，竟然在天津新国际机场已经启用快半年了，竟然还在极力推荐这个离机场很远的小旅馆，还说咫尺可见，实在是最为让人不可理解。我在6月25日想预定一个距离机场很近的宾馆，就在携程预定了这个说是机场宾馆，推荐员说距离机场几百米可到，可是我在6月26日乘CA1396航班，在27日凌晨3点下飞机后，乘机场大客车时，大客车管理员说不去这个小旅馆，那我就打车去吧，问了7辆车，都说不去这个小旅馆，怎么都不去呢，最后才打听到这个小旅馆是原来的破机场遗留下的产物，距离我下飞机的新国际机场8公里，机场大客车不经此处，出租车嫌太近，赚钱少，不去，天还下着大雨，给这个小旅馆打电话，没有人接听，这可怎么办呢？。这时机场大客车也没有了，没办法，打了个出租车先到了市区，花去58元钱，又打了一个出租车才给拉到了酒店，这时天已经开始放亮了。这就携程信息不做更新，害得我多花了钱，又耽误时间。建议携程立即将这个小旅馆从预定酒店目录中删除。
0,只能说是我住过的很差的酒店，房间隔音很差，隔壁的客人电视开的声音很大，感觉就和我在一个房间一样，很吵，另外酒店的服务更差，上一次入住的时候，是一个朋友给预定的，并且先交了房费就出差了，可是前台找不到前一班工作人员证明已经付了款的留言条，确说我们没有付款，最可气的是我刚经历了隔壁的噪音刚刚睡着，在将近１２点的时候，前台打电话让我续房费，说没有人给我们交房费，他们没有看到任何显示我们的房费已经结过，害的我还象朋友抱怨了一番，结果下去续了房费后，在快睡着的时候恼人的电话再次响起，说找到留言条了，说我们的房费已经结过了，天啊，快一点了，还是个大堂经理，就这种素质，我真不敢想象，为了能在携成点评，再次来到银川的时候，我又来到了这里．就是想告诉大家这家店到底有多烂！！！
1,唉！每年都会住几次这家酒店，这次总的来说服务还是不错，就是酒店旧了
1,1、酒店位于南湖旁边，再过去就是惠州西湖，订的湖景房能看到南湖的一角，总的来说离汽车站较近，容易找到；2、通过前台办理手续还是比较快，能很快查到网上预约的登记，服务质量不错，结帐时忘了点东西在客房，结果结帐时发现后马上送下来了；3、房间隔音效果确实不怎么样，半夜能听到隔壁的动静；4、价格优势不大，网上预订价格和前台价格相差只有20元，价格优势不明显，而且不是靠西湖，如果价格再优惠一些可能竞争力更大；
1,"诺覃祥渣,厄珩祥渣,憩苌腔Ⅰ耋剩."
1,优点：1.地理位置好。在西街的入口处，离汽车总站步行5分钟之内即到。酒店对面是九九自行车行，不过通过携程订房酒店提供了免费自行车。晚上还是比较安静。酒店对面的黄记玉米汁店的玉米汁非常好喝，又浓又香。酒店的旅行社可安排银子岩半日游，很方便70每人包含往返交通，导游及门票。2.浴室的热水还是不错的，水量大温度适中。3.整体服务都不错。缺点：1.观景大床房的床非常硬，不是很舒服。2.酒店没有电梯。总之来阳朔玩这里还是不错的选择。
0,房间装修比较旧，周边也没有休闲购物的地方，性价比不高。虽然说免费提供上网，但实际上网上不了，最后还要住电脑房才能上网，不适合商务出差。还要投诉一点，浴室的用具，包括沐浴露和洗发水，有些是满的，有些只有半瓶，有可能是上回用剩的，请各位入住时注意。
1,一切还行，就是对通过网络预订的房间为什么就不能灵活一点，半天房都是合情合理的啊，尤其是换住连锁酒店更应该提供方便。
1,最近大半年（2007）的周末都是住在这家酒店的。价格适合560元的高级房还是不错的。酒店的服务态度相当好，门童很客气，设施也蛮好的。酒店的销售做得也不错，时常看到一个大团入住。出租车还是蛮好叫的，门口是周家嘴路主要通道，可以去市中心。停车有时候有点紧张。总之，这是一家值得住的酒店！
1,"总体环境不错.这次入住的是超标准间,市内的两扇大落地窗不错,自然采光很好.早餐品种也还丰富.再加上酒店还免费赠送两听可口可乐,虽然没喝,但感觉还是很亲切.离市中心很近,步行就可到达,离夫子庙也就一个的士起步价.美中不足的是房间内没有落地镜.希望能得以改善.下次还会入住.房间价格已带早餐,这个的确很方便.补充点评2008年6月20日：酒店的大门太小,不显著.如果不熟悉路况的人不容易找到,非常容易把写字楼入口的大门弄成是酒店的大门.希望大门本身能得以改善,或者制作相应的路标牌."
0,单人房紧邻锅炉房有点吵，房间里也没有桌子，，空间很狭隘，总之一般
0,"此店是本人住过10余家北京如家中最贵的,所以我们满怀希望的过去.的确,进门就是很大气的大堂,但是也只有这点勉强能算优点.进入房间,不言而喻,是老酒店改的,完全没有如家应有的温馨感觉,设施陈旧并未完全翻新.最要命的来了,一只一圆硬币两倍大的蟑螂爬到我们同事的腿上,顿时,一个五大三粗的山东大汉被恶"
0,酒店有异味，无空调，给人的整体感觉很破旧，根本不能称为四星
1,非常不错的酒店，环境很好，空气也很清新。我一起入住的同事还建议我们公司的年会就到这里来开，呵呵
1,酒店的房型比较有限，不过商务标准间还是不错的，设施服务还算到位的，不过这次入住的房间是最边上的房间，房间的温度比较低，保温性较差，自助式的早餐和午餐口味还可以，价位适中，这个酒店不缺的就是客源虽然位置偏僻，出租车比较少，但去开发区办事是最方便的了。
1,位置不错，房间设施也好。房间窗户稍微小了点，如果能改造成阳台或者飘窗就好了。早餐有点过于简单。性价比一般。浅尝辄止。
1,房间装修虽然旧点，但是格调还行。服务员不错，我那天忘记把衣服带走，过了好几天还能找到。
1,"酒店地理位置比较好.附近有家""敦煌海鲜酒家""早茶不错。还有大型超市""麦凯乐""也在不远处.酒店的整体性价比属于中高."
1,酒店设施不错，服务良好。有机会还会入住。
1,酒店的基本设施一般，但服务态度确实很不错，房间8楼以下就是新装修的，8楼的房间就比较成旧，洗澡有单独的整体浴室，水比较大空调的风也很足，这个宾馆好像是属于海军的南海舰队，地理位置也很好，靠近省委火车站，离黄兴步行街也就三站地，值得入住
1,房间干净整洁，隔音还不错。感觉最好的是里面居然有几本不错的书可供阅读，很温馨。
0,实话说，此酒店有愧其大堂挂的四星的牌子。房间除了面积尚可外装修和内置相当一般，恐怕还达不到三星标准。只有一些房间有网络，虽然很先进的用wifi，但是信号非常弱。洗澡的时候发现没有沐浴液，服务员的工作态度十分马虎。
0,酒店地方很偏，在一个远离市区的开发区，环境冷清。前台服务很差。我办理入住的时候，两个接待小姐都在忙。但一个忙完了后看到我站在台前也不知道主动招呼，而是去相帮另一个。后面一个客人进来直接挤到我旁边，大声吆喝要办入住，那小姐立刻去帮他办理了。训示她怎么不懂让客人排队，居然没有反应。酒店中餐厅在另一幢楼，那天都被包了做婚宴，只能外出找吃饭的地方。
0,之前我点评过一次，估计是没有写证据，所以被携程删除了，气愤！补充点评2008年5月26日：我补上我的经历：1，正如很多入住的朋友说的一样，门童和死尸一样，见到客人拿的行李就视而不见，还故意扭过头去装作没有看见。2，酒店没有任何指引服务，感觉还不如如家的服务员素质高3，携程上写的有欢迎水果，居然是服务生拿着文件夹夹着2个路边摊上买来的低档苹果，价格绝对不会超过2元每公斤！没想到锦江五星级的欢迎水果就是这种档次，真是丢人4，找大堂经理交涉，居然说就是这样，还说第二次来才会好一点，不知道这个大堂经理是不是脑子坏掉了，没有好的服务怎么吸引客人来第二次5，整个入住的过程中没有看到服务员微笑，不知道是不是大家都沉浸在地震灾难带来的痛苦之中。6，总之以后都不会住这个酒店了，不要钱免费住也不去了。
0,"这决对是个黑心店,完全把河南人的丑陋特性全展现出来了.一个床单被我掉色的内衣染红了一点.事实证明可以洗掉的,但他(她)们却收了我40元钱.其实床单只值10元.刚开始还不想开发票.我要找税务他们才作罢.朋友们千万别住了."
1,这个价格，算性价比很高的一个酒店了。当然价格便宜，就不能太计较服务了。总的来说是一个愿意再次入住的酒店。
1,"典型的快捷酒店的风格，房间不错，淋浴很舒服,早餐十分的丰盛,在郑州当地此酒店好象十分的出名"
0,我本人办的有锦江之星的会员卡，相对来说锦江住的比较多，石家庄的锦江我只住过平安大街店，感觉非常不错，这次是因为平安大街的锦江之星没有商务房了，所以才选择了从未住过的如家。如家，外人的评价一直挺不错的，我就亲身去感受了一下，感觉非常失望。这是我第一次入住如家，不知道是不是这家酒店的使用率太高了，设施都比较陈旧。浴巾的边沿部分都磨烂了，被子也感觉洗了很多次旧旧的。周六外出游玩回来的时候竟然发现浴室的梳子没有更换、香皂没有更换，黄色牙刷的刷头与握柄中间竟然有黑黑的东西，看起来好脏。一般酒店的隔音都不会很好，可是我没想到如家国大店的隔音竟然差到门口塑料袋的摩擦声都可以听得到。而且浴室特别小，唯一比较满意的地方大概就是工作人员的服务了，还不错，总之，我不会再去第二次如家了，太差了，让我很失望，对不起这个价格。补充点评2008年7月28日：以上评价只代表我和我老公的意见，只把我们入住时遇到的情况写了出来，可能我们遇到的只是个案，不过让我感到失望是真的。另外再补充一点，如家的前台工作人员，穿的花衬衫确实有热带风情，只是感觉很花哨，不喜欢。
1,"环境还算可以,但收费的网络居然还不行,速度不但慢,且收费高"
1,房间很大，但是设施陈旧，还有就是预授金额不能取消，莫名就要被刷掉一分。最多四星级
1,住了2天一直下雨，看了以前其他人的点评感觉行李员的态度现在要好很多。因为房间紧张我还被免费升级了房间，不错。美中不足的是早餐种类太少。
0,电梯太慢，需要等很长时间才能上下楼一次。房间门卡进门也不方便，需要试很多次才能把门打开。条件太一般！携程房价与前台价完全一致。
1,"3月19日入住,共两晚.现在才上来做下点评,呵呵.1,定的是双人床大房,虽然是比较年头多的宾馆,但是整洁程度和环境还算不错了!2,服务人员比较热情,由于自己的充电器宾馆内使用不了.所以半夜的时候要求前台送个旅行充电器过来.但是前三个都不好用,服务生上上下下的跑了四五次!但没有一点厌烦!最后还一再向我表示歉意!很棒!!!3,餐饮方面西餐厅感觉还不错!价格和味道方面还算不错!至于中餐厅感觉一般!菜品没有特色,而且还比较贵!自己一个人一顿饭花了400左右,还没吃饱!4,整体的环境很不错!后面的绿化做的不错,有种幽深雅静的感觉!呵呵"
1,很不错的一家酒店，早餐很丰盛，晚上还送水果和小点心，服务也不错。
1,虽然是老酒店，设备倒是很齐备，价格也合理。地点十分方便：旁边是大马路解放路，往南一直走就到车站，往北直走可到铁塔。酒店四周有难以计数的手机店，要缴通话费或买储值卡都很方便。设备齐全：连220V转110V的转接插座都有。自助早餐：是当地风味的中式餐点，内容丰富。服务态度：前台、客房服务、餐厅等人员都很和善，主动尽力为旅客提出帮助。人员服务态度真可比五星级。真要找出待改进的地方，就是浴室狭窄了点。
1,虽然说是四星的，实际上比某些号称五星的强很多，占地面积非常大，分三个大区，酒店整体上也算豪华，设施什么的都很好，靠海边就是舒服，视野好，价格上没什么优势，不便宜也不算太贵，餐厅的自助餐还不错，算便宜的。
1,房间很大很舒适，服务也很好的，价格也是五星里面算便宜的
1,比想象中要好.呵呵.服务热情周到.客房舒适.就是早餐品种稍微少了点.住店客人停车要30元/晚.不太划算.
1,"1.地理位置不错2.周围设施商圈热闹方便3.酒店比较旧,应该改造了4.服务态度不错"
1,四星级酒店，房间(高级客房)很不错，窗户双层玻璃封闭，无法开启，隔音效果好；客房设施配套完善，三部电话(书桌、床头、洗手间)，小冰箱，小保险柜，热水壶，收费饮料品种选择较多；淋浴水量充足。缺点是：1、酒店入住、退房登记时都遭遇了排队等候2、酒店所处位置打车不便
1,第一次去郑州出差就住的这家，总体感觉还是不错的。房间的一次性用品相对给的是这些酒店中质量最好的。卫生意设计的很有意思，空间利用非常合理。坐便的私密性处理的很好。
1,"不错,就是院子小了一些,到海滩需要走一段端小路,奇怪的是青岛所有酒店都没有自己的海滩"
1,除了前台服务态度一般，基本不会微笑，其他情况良好。房间干净，周围有苏果超市，交通也算可以。卫生间感觉太小了。
1,酒店地理位置在古城区最繁华的十全街上，环境非常好，很有园林特色，让人感到很舒服很惬意！前台入住和退房的速度也很快，服务人员很友善，有问必答！房间也很有特色，墙上刻有金色的诗词，听说每个房间的诗词都不同呢！下次还会选择这里！
0,"三个字：脏、乱、差！房间里面看上去还可以，但是仔细看，很多地方极其脏，服务人员貌似没有培训上岗的,永远封杀了!不明白的是携程竟有这样的协议宾馆,无语!所以也不能太相信携程,自己还要擦亮眼睛."
0,第一住的房都是味，地上有好香灰，后了另外一味那麽重！建酒店清生必注意，及最好有非吸
0,"本来预定的就是别墅标间,前台小姐很热情的给我们推荐了""超超豪华的普通标间""给我们入住,说是比我本来网络上预定的还要好，进去就是一股异味,好象是几百年没人住过的老式里弄,我们后来还是强烈要求酒店给我们原本预定的别墅房间,的确就不一样了，但是这样一来给我们的感觉非常不好,我想这也是酒店的手段吧."
1,暑假入住，小朋友太多了。我们每天都被走廊上奔跑的小朋友吵醒，晚上回酒店大堂里也都是小朋友的喧闹声。所以情侣还是不要在暑假入住这家酒店了。酒店的餐厅很贵不好吃，和迪斯尼里面差不多。可惜，这次在香港都没有吃到美食。但酒店整体还是非常可爱的风格，让我们回到了童话世界。
0,这是我住过最懒的酒店。。。脏！乱！差！连最起码的两瓶免费矿泉水都不给提供。。。打电话问客服，说是成本太高，给取消了。。大家千万不要住。。马桶堵。。毛巾脏。。地毯是我有生见过最脏的。。这样的比100多块钱的招待所都差，还说是4星，要380.。。好冤啊。。。相信我。。一定不要上当。。补充点评2007年10月14日：五层是夜总会，骚扰电话就没停过
0,结帐的时候刷卡总是刷不过去，为了赶飞机，只好答应他们说走后再解除预授权并结帐，回来两天了酒店也没有主动联系，昨天我打电话过去说还没有弄好，要等周一
0,房间设施太旧、太差，环境也不好，房间大而无用。非常不喜欢
1,"早餐丰富.服务人员态度不错.但是入住时发现卫生间有积水,housekeeping来检查未有结果以为是我们的小孩子搞的,心情落差.擦干后半小时内又有积水,他们只能叫维修人员,原来是水斗的一个接头坏了.口头对不起.checkin&checkout比较快.Italian餐馆味道不错,服务很好.价格跟上海差不多.4楼海景不够好,应该往上层更佳.去海港城和广东道不够方便"
0,住的房间靠近马路，比较吵。房间有股味道。不如锦江干净。不推荐入住，早饭还可以。
1,"这个酒店值得推荐,地理位置真是好,中式庭院也很美.就是服务有待改进,住了两天没看到什么笑脸;因为手机充电器是英式插头无法充电,向前台借接线板,回答是没有,第一次在四星酒店听到这样的回答...总体来说硬件是不错的,设施或许不是很新,但是环境优势突出."
0,酒店房间小，设施陈旧，酒店靠马路，窗户很不隔音，影响休息
1,订了套餐，酒店花园风格大气，感觉不错，我想春天应该会更美吧！晚餐用了地方风味套餐很“土”，也很入味；60元抵用券在商场买了些粽子；客房挺安静的，睡得很好；早上7：30就去用早餐了，品种够多（早起的鸟儿有虫吃啊~~嘿嘿~）。恩，总体感觉不错，我挺喜欢的，有机会还会去滴~~
0,"酒店房间甲醛含量过高,严重影响客人身体健康.我入住的是932,刚开门差点被熏倒.第二天回来开门再次被雷到.换房626,情况稍好,但床单上有三处污点,退房时有和总台反应,好象没什么反应.吃早饭,你吃东西的速度要赶上服务员撤盘子的速度,否则桌子上会什么都不会留下.补充点评2008年7月6日：哈,刚住完,酒店价格就从450降到418,下次和携程""砍价了"""
1,7月23日-26日住了三晚，338的大床房，床是2米*2米的，超爽，其它房间内设施一般，稍微陈旧了一点，不过影响不大，跟破旧还差得远！整体感觉这个价位还基本可以，不过要是跟酒店四星的牌子比，最多也就是三星标准而已！有一个问题请酒店方注意，不知道我这个是个案还是普遍现象――房间里的电话竟然不能用，连市话都要收费，而且还要交押金后才开通，这点来讲是我在酒店里头一次遇见，确实有点夸张。既然开通，干脆把电话撤了算了，免得看着碍眼。宾馆反馈2008年8月11日：感谢您选择入住我们宾馆及为我们提出的宝贵意见。对您提出的意见我们也将及时做出整改。我们已向领导反映领导也及时做出批示，以后入住商务房型的客人市内电话一律免费。希望您下次还能选择入住我们宾馆，再给我们提出更多宝贵的意见，只有这样我们宾馆才会不断提升。最后，再次感谢您！
1,酒店在开发区口上，正好是出差在开发区办事。所以感觉很方便。房间的暖气开的很足，所以-15度的气温也不感觉冷。房间质量还可以，开发区有这样的酒店很满足了。就是早餐质量有待改善，便宜是便宜，但是实在是没什么可以吃的。
0,这个酒店就是招待所改建的，所以各项硬件设施非常简陋，关键是大门在二楼，也没有无障碍楼梯，背着行李上楼，更没有服务人员帮忙！晚上在一个居民区里休息，都不敢开窗户，总之，很不满意！
1,住过服务最好的酒店之一（top3），服务热情到位，不是只认洋鬼子，酒店内有一家餐厅（但不属于酒店，不能签单），菜品很好还便宜。
1,总体感觉性价比较高，很适合拖家带口出游居住，房间比较干净，服务员都很热情，游泳池不错，小孩子玩得很开心。只是我们住的套房有个卫生间的门不能锁，需要派人在门口站岗，有点搞笑。
0,"新年和太太了二天泉,最後是住了一天就走了,原因房感比不,洗手陋,前台管理十分混,Checkin入住人很多我可以理解,所以Checkout原因前台唯一的刷卡有,使我用信用卡下的金做不了取消,害我苦等了一小.本人很重服素,酒店唯一可取之是房服不,房服很貌,只可惜我再也不考再入住了...."
1,房间大，细节不好，住过上海新梅万豪，三亚万豪，这个万豪最差。把我订房的携程积分都弄丢了，呵呵，携程问过我好几次，很烦。最后还是没用。补充点评2008年4月10日：是的，空调也不好调节，弄了几遍都不合适，早餐那个简单，简单得过分了。
1,如果按3星级的标准，绝对比北京的3星要货真价实的多，性价比很高。开始我以为198元也只能住个学校招待所的标准，但没想到的是环境还是很好的，朋友也都很满意。早点北方人会觉得一般，卫生还是很好的，我住的屋子空调是有些声音的，就像排风扇。洗浴的开关是相反的！总之这次旅行住的还是很舒服的！结算时应该比以前快了，说明他们是有进步的，鼓励一下吧！希望他们保持住并给我们更多的优惠和服务，我们会经常光顾的！
0,酒店房间太烂。服务一般。地点也差。房间小，卫生间小，居然还是蹲便。。。
1,"四星设备三星管理二星服务客房服务可嘉前台服务尚可就是慢。餐厅不知什么是服务只知端饭送菜到桌连怎么放都不懂菜还搞错奇慢免费注册网站导航宾馆索引服务说明关于携程诚聘英才代理合作广告业务联系我们Copyright1999-2008,ctrip.com.allrightsreserved."
1,这家酒店不错，入住的30楼，可以直接看到玄武湖，风景不错，房里的飘窗做得有特色，喜欢！床也很软，有台电脑可以上网，比较方便。房间也挺大的，用具不错，放在一个小盒子里，感觉很好。离中心比较近，去哪里都蛮方便的。顺便说下狮子桥里的回味，鸭血粉丝汤很不错，值得一试，比夫子庙那家好太多了。去了二天基本没吃好一顿饭，发现南京的盐是不是不要钱，菜巨咸无比，连KFC都要咸很多！-_-！！
1,宽带基本等于没有什么网页都打不开房间还是很好很温馨的
1,"好的方面:-位置好,靠近蛇口码头,海上世界旅游休闲区;-设计独特,房间给人家的亲近感,更适合较长时间旅行的停顿,前台别致(两张桌子象银行大堂经理位);待改善的方面:-价格偏贵,直逼五星级;-早餐一般,物无所值.免费注册网站导航宾馆索引服"
1,三星级酒店，烟草公司投资的，但开业早，装修有些旧，房间比较大，但自觉不如如家等舒适。本来也没准备住星级酒店，但查携程未看到商务酒店。实际上我在商业区看到一家晋江之星，不知为什么携程没有。
0,携程的描述是错误的，根本不是什么“高级商务酒店”，应该是和莫泰168一样的“炮店”，整个房间是红色基调装饰，和妓院差不多，床的确是圆的，晚上竟然有蟑螂，退房时前台搞不清如何将预授权转为消费，折腾了很久，期间不停的提出要用现金结算等方案，在本人的坚持下终于消费成功，哎，打死都不住咯！！！
1,"饭店较新,服务不错,旁边有小便利店,就是房价偏贵.."
0,唯一找到的优点就是机顶盒比较先进，不过电视会突然没有声音。。打电话报修，竟来了位lady，根本不是维修人员，不知道是什么部门的，来看看情况，结果当然是“看看”而已。。房间里的水壶很脏，内壁有不明黑色恶心物。。房间还出现了一只巨大的蛾子，我们进房的时候窗户都是关着的，说明之前打扫不干净。。早餐种类少，质量也差。。牛奶是奶粉冲的，咖啡是速溶的，豆浆是有怪味的，粥也是口感不好的。。这种早餐居然要30RMB。。最气愤的是那顿晚饭，因为大家都很累，所以就在酒店吃了，打电话问有什么特色菜，居然以特色菜太多而不告知。饭店包间没有最低消费限额却还是不让我们进，只因为我们说我们吃不到400元。。大堂就是供应早餐的那间，桌布全是破的，上菜其慢无比。。一个菜吃完了还得等半天才来第二个菜。。本人等到胃痛，痛了一晚上。。后来的菜也有问题，在黑米饭中有不明物体，圆筒形，长约2毫米，切面和圆珠笔芯差不多。。叫小姐倒个茶要半天，端上来的茶竟是透明的，只能称为水！！叫小姐拿餐巾纸，小姐看了我们一眼，然后继续收隔壁那桌的桌子，收完了才过来招呼我们。。结账的时候，居然给我们打折了，百思不得其解，第二天才想明白，我们少了一道菜。。退房的时候，也蛮气愤的，用了接近20分钟，什么效率啊，有人入住的时候就把我们退房工作停下来，把我们晾一边。。我们说先把押金退了，也被拒绝，当我们把信用卡收起来的时候她又叫我们拿信用卡，然后不退押金的直接付账，我们明明告诉她信用卡是退押金的，另一张卡是付账的。。而且态度也不好也不够礼貌。。再也不会去住了。。
0,"标准大床间,面积较小.宽带每天20元(其他连锁店一般免费).床垫上只有很薄的床单有很硌的感觉.服务生年龄一般都很大,老油条服务,较差.步行到世纪公园站约5分钟.如果参观上海新展览中心而入住该店,性价比刚刚及格."
0,"1,交通离石龙路地铁站步行10分钟，算是比较方便。2、房价和屋内设施不太相符，屋内设备太简陋。3、商务电脑上网还要5元/小时。总值，感觉性价比不好。"
1,"酒店情况很好,早餐还行.就是长沙的出租车太脏,长沙火车站的候车室(掏10元钱的那个)空气太差,候车室厕所没人维护.劝大家不要上当受骗."
1,"位置离我们单位很近,从价格来说,性价比很高.我要的大床房,168元,前台服务员态度很好,房间硬件一般,但是想想价格也就这样了.还算干净,就是床垫子太硬.BTW:没有骚扰电话,这个很好补充点评2008年3月4日：对了,这里能够免费上网,刚好上网加班一晚,很不错"
1,成熟型酒店，房间、服务都还不错，商务房间，配液晶屏电脑，上网速度也很快。特别是没有一般经济型酒店的隔音差的问题。位置属于市中心，去各个地方都不远。不足：一出电梯，有一股怪味，是夏天潮气？好在房间里面没有。早餐地点太挤，品种一般。总的来讲，浙江饭店还不错，房间价格稍贵。如果便宜100元，就很有竞争力了。
1,"比较满意,酒店比较新,房间也比较大,感觉还可以"
0,酒店性价比很差！住过无数的酒店，这个算是非常差的！服务差，设施差，房间小，骚扰电话！卫生间淋浴竟然没有门，创意啊！不知道为什么，老毛子住得多，估计是喜欢骚扰电话！建议大家选择其他酒店！
0,同意下的.完全正.酒店是不是童啊?水果是粒橙啊?其中一了!是五星酒店?差!差!差!600多一晚!真不可思!
0,"我住在6楼,3楼KTV的声音很吵!打电话到大堂投诉居然把电话挂掉就算了......以后肯定不会再入住这酒店"
1,"除了离机场近,我实在想不到什么其他理由非得选择他."
1,老五星级酒店，358元标房，价格实惠，就是房间电视太小，其他不错。
0,上次出差住的套房，以下几点感受：1，房间大；2，装修很一般；3，好像没有卫星电视节目，上了两晚上网；4，早餐极其一般，就餐环境像食堂；5，附近什么设施也没有；
1,"这个酒店感觉性价比比较高.房间价格不算高,但里面环境还是不错的,房间里也比较干净,下次要是再去周庄还是会选择这家酒店的."
1,去几个朋友一起订的，因为要去吃蟹，窗边看湖还是风景不错的，硬件有待提高，服务还是不错的，接待我们的上海经理谈吐素质也挺高的
1,"酒店的早餐太差,多少年都一样,果汁也改为果珍了,实在和4颗星不符!"
1,"没住过苏州其它的五星..但感觉万丽还是不错地..至少环境比较好..拉开窗帘入眼的就是金鸡湖水..周边也很静..噪音几乎为零.不象住在市区那般吵闹..周末价比较超值..和心爱的人相拥而眠,再去逛逛江南的小桥流水,怎一个惬意呀..."
1,我是1月20日入住的。。订的大床房。位于西环的中远，很明显有内地装修的风格。。哈哈。比如电视能收到中央一台而没有cnn之类的。。400一晚。。后来两天380一晚。我觉得很抵！lg跟我觉得最赞的是那个大大的浴池。。每天从街上很累的回来。。可以很爽的泡个澡。。实在是。。。goooooooood。其他的设备比较简单。。但是这个价位。。这么大的面积（少说也有25平米）在hk是很难找到了。。对于我酷爱地铁的人来说。。唯一的缺陷就在于他的位置离地铁比较远。。以前住的港岛皇悦就方便多了。。。。
1,房间很干净，就是有点小。服务不错，服务员都很乐意帮忙。早餐也很棒，有很多广式点心。就是嘉善的计程车司机太黑了，大家打车前记得跟前台问清楚路线
1,地段还不错，从酒店走到市中心大约十五分钟，酒店还比较干净，就是我们被安排在一楼，有点潮湿，而且有蚊子，窗外就是一个住户家的院子，从早上六点起就一直在放收音机，严重影响睡眠~
1,地理位置很方便，就在中山广场边上，去景区均有公交，打车去也就十多元钱，我们在11楼，窗户边能看到中山广场美丽夜景。只是房内设施较旧，不能上网
0,"简直不敢恭维什么,千万别住楼层高的房间,因为它11楼说的是茶楼,其实是KTV,晚上会吵得你半死!免费注册网站导航宾馆索引服务说明关于携程诚聘英才代理合作广告业务联系我们Copyright1999-2008,ctrip.com.allrightsreserved."
1,"机场接机很贴心,前台也会询问是否要安静房.内部设施一般般,洗手台有些不方便.但是,当天我们是晚上11点到达桂林,工作人员很友好,很热情.当晚不慎把手机丢失在接机的面的车上.第二天早上还能失而复得.工作人员的这种精神值得称赞.总的来说,这家酒店让人觉得很温暖.机场专线就在楼下,去机场也很方便."
1,酒店位置没说的，很好!就是大堂稍微小气了点，还有房间的设施也老旧了一点，比起刚开业时的那种感觉逊色了很多，不过还是挺喜欢这家酒店!
1,酒店房间-干净&简单，四星级的房间；温泉-特色温泉选择不少，人有点多，没有去过其他温泉地方，不好比较；服务-很好，工作人员很热情问候和回答问题，五星级服务；餐饮-自助晚餐丰盛，早餐一般般。
1,感觉比老街口客栈舒适，很中规中矩的3星级，推荐大家住主楼的豪华间，设施比较好，前台和大堂的服务比较热情，通过酒店推荐的出租车司机十分的讲诚信，守时！这才是我最喜欢这家酒店的地方。就是洗澡水有时忽冷忽热，希望改进。
1,还不错酒店，就餐和出行都很方便。服务态度也比较好。
0,服务员太差，房间很吵，隔音不好，房间味道很重，很一般，不如稀土国际大酒店好，收费有低，还是四星，服务很好，离火车站方便
0,酒店设施起码有十年使用时间了，而且维护欠佳，走进房间，一股发霉的味道扑鼻而来，地毯上污迹斑斑；走廊里的木制衣帽柜，柜门无法正常关闭，打开柜门霉味更浓，衣帽柜上面还有一个关不上的小柜门，打开后，发现里面是管道和蜘蛛网、以及厚厚的尘土。床和控制台中间的空地上居然还留有上次住过的客人留下的空饮料瓶，卫生间的毛巾上居然还有几根头发……真不能相信这就是电话预定员眼中的“网友评价较高”、“三星酒店”。今后如果再遇到上网条件不便又急于订酒店的情况，我绝对不会贸然做出电话订房的风险举动！
1,"我4月23日晚入住的该酒店,前台小姐先给了我一个两幢楼之间的一个房间,很是不满意,去前台给换了一个,还可以.觉得酒店是不应该先把不好的房间先给客人的!!我是从前山坐索道上山开始游览的,带孩子和母亲,走到该酒店的位置也确实该休息了.排云亭的位置很近,风景我觉得也是最美的!也去西海大峡谷走了一段,确实美.觉得从前山上\后山下的话,住该酒店的位置刚好是一半的位置.早晨去丹霞峰看日出,要爬一个锁着的铁门,有些扫兴.看日出到现在也总觉得太阳是从西边出来的!哈哈!黄山确实不错!!补充点评2008年5月12日：我喜欢旅游.我的QQ:410073425"
0,很旧的酒店，前台服务员没笑脸，门口没有行李员，房间里各处都有污渍，天花板竟然还有一块没有盖好的，露出上面的管道，淋浴龙头非常不舒服。介绍上说房间有冰箱，结果两间房都没有，因为有药需要冷藏打电话给客房服务问能不能帮我冰下，竟然反问我房间没有冰箱吗？得知没有后开始说帮我拿个冰箱上来，等了很久都没有，再次打电话后帮我拿了一包冰块上来。早餐是我这次旅行中最差的一次。
1,"在沙区算是很好的了.因为在沙区办事,所以只好选这了."
1,除了价格有点偏高，其他相当满意。不过所谓的豪B在23－24层，普标倒在更高的楼层。所谓的海景房朝北和朝南的可以看到局部，朝东的对面有一个高楼，视野受影响。早餐不错，MS座位很少，最好错开高峰。豪标MS送水果和报纸。地理位置虽不是市中心，交通也还方便。马路对面就是大润发超市，购物餐饮都很方便。由于酒店23层以下是写字楼，所以大厅比较简陋，服务人员虽然态度不错，但是明显缺乏培训，很多事情爱莫能助。总之，是个值得推荐的酒店。
1,4星那边的价格还是可以接受的，不过我今年5月5号入住的时候正在装修，给我原价320元免费升级到5星那边去了。估计还要装修一段时间，大家可以去试试运气，哈哈哈。1、早餐不怎么样，花色和口味都不怎么好。2、水果居然泡在水里，没什么味道了。3、房间的下水道居然堵住了。4、住的人非常少，估计是淡季的关系。温泉没来的及去不知道怎么样，价格大池子70几，单人间的也有300多点（据说可以洗鸳鸯浴）。补充点评2008年5月6日：半夜的时候睡觉居然后面还有‘旺财’叫个不停，早上就被鸡给morningcall了。
1,环境还可以，房间不大但也不是太小，够住了。写字桌前的落地灯离得太近了，每次移椅子都会碰到，另外有一点就是隔音效果不好，夜间车子路过的声音有点吵，其它的还行。
1,整体感觉都还不错~~~服务也还可以就是洗手间比别的锦江要差
1,"不错呀,房间够大,因为带了孩子,定的是TWINBED房,说了不要3,5楼,去的时候其他楼层的没房间了,前台主动安排大床房,免费加了一张床,态度满好的."
1,性价比非常高的一家四星酒店。尤其是山东大汉服务生，服务非常好。自主餐很好，向您极力推荐。青岛的星级酒店很正规，比起其他的旅游城市，青岛整个环境很好，城市清洁，出租车司机都很好，不愧山东人本色。
1,开始定的大床房，进去一看一个人睡都觉得小。无奈升级到双床，700多的价格实在没什么吸引力。不过房间还是不错的，卫生间也很大。整个院子里环境很好。前台的小姐和礼宾部都特别热情。就是订餐部的人态度不好，定了批萨说美居没有番茄酱什么的，说了半天给送了一小包。最难以接受的就是索菲特的巧克力屋，早上9点出去玩儿前问前台，前台说10点开，查了一下房间的案内也说早10点到晚10点，晚上没吃晚饭9点半特意又去买，结果那里的小姐说关门了，什么都没了。我说不是10点关吗，她说改9点了。这个大的酒店，关门时间说改就改，挺难接受的。后来跟大堂经理反映，态度还不错，但还是很扫兴。整体环境还是不错的，下次还会住。
1,酒店环境很好，别墅每层都很高，宽敞，只是晚上比较冷清，只能到几公里外的博鳌镇上逛逛买点水果什么的．这次去时估计是客人较少，早餐不是自助是分别点的，中式早餐粮食太多（粥，炒面，馒头包子，一些花生米榨菜半个咸鸭蛋），西式的还可以，但不问的话没有主动给咖啡，奶（不知为什么）．酒店所有人员．补充点评2007年11月15日：浴室光线较暗，没有挂衣服的地方．同意前面几位的说法，环境和服务都好，就是内部不能细看．
0,1、酒店比较陈旧，房间小；2、临街的房间噪音很大，从早到晚汽车、摩托车喇叭声不绝，路人高声讲话至深夜，无法安静休息。补充点评2008年6月21日：酒店弥漫着烟酒味道，每天如此，特别是像那种醉酒的人吐了之后的味道，很不舒服。
1,"过年时一家三口在这家酒店住了一周一线海景套房,感觉很不错.房间安静,又能看海,服务也不错.就是当时人太多,前台CHECKIN,CHECKOUT都要等很久."
1,入住的酒店设施有点老，电视机也不较小，跟500元的房价还是有点差距的，不过服务不错，当天还送了生日鲜花和水果。
0,"酒店外面的环境很脏,酒店里面不仅地毯是黑的,连瓷砖地面都是黑的,离市区太远"
1,宾馆的地理位置很好，还远处有一个超市；环境也很好；房间很干净，服务员服务态度很好。
1,1.服务非常好，这次是第二次来，发现加送了苹果，报纸，还有大堂会打电话询问入住情况，服务生也很主动热情。2.离火车站和民航大厦近，第一次来就是看中了去坐机场巴士很近，处在旧市区的繁华路段，就餐购物等都方便。
1,这个价位很不错的了，很干净卫生，而且离汽车站还算比较近，步行大概15分钟样子
1,作为一家五星级的酒店，各项设施陈旧，房间面积显然没有达到五星的标准。酒店checkin的速度极慢无比。晚上11点左右到达的，等了15分钟。房价太贵，除了地段的因素比较好，实在达不到五星级的酒店水平。早餐按ctrip的价格还算可以。房间的卫生间不错，水压很大水温舒适，也非常大没有局促感。建议大家可以考虑不远的粤海。
1,交通便利，从酒店去大巴扎只要起步价就到了。房间也舒适，就是隔音不怎么好，隔壁声音听得见，正好碰上隔壁打牌，同前台打电话后，前台派人跟隔壁说了，就不吵了。总体不错。服务不错。
1,"在副楼的房间有老旧了些,实有必要再整修了,尤其在地毯部份,不然整体上是不错的的.在早餐的服务上还是可以的,仍有著水准."
0,"如果这就是如家，那如家离倒闭绝对不远了。免费注册网站导航宾馆索引服务说明关于携程诚聘英才代理合作广告业务联系我们Copyright1999-2008,ctrip.com.allrightsreserved."
1,"酒店位置交通方便,但是临街噪音较明显,窗户隔音效果不如人意,浴室中配备的冲浪浴缸无法使用,房间中的桑拿房也无法使用,酒店自助早餐的品种和口味也一般,较为遗憾"
0,这个酒店实在太差，房间设施和二星级的差不多。淋浴间真是有些脏，地上全是一块一块的黑点点，也不知道是些啥东东。一次性的拖鞋包装已经被折掉，有一点点脏，好象已经被用过。还好那次刚好自带了一次性拖鞋，否则要穿着高帮鞋在房间里走来走去了，想起来就让人不舒服。前台小姐也是面无表情，像人家欠她钱一样。前台距离房间实在有些远，是极不方便的。空调的声音很大，还有即使开到了三十度都感觉不到暖气，幸好网线有些长，可以坐在床上用电脑，
0,真是非常的不爽，本来来慈溪很喜欢住这里的。因为这次来的时候没有带本本，所以住了行政双人间，6楼真的是太差了！！！！！晚上房间温度有29度，空调竟然不开！！！窗户打开，对着外面就是一个汽车货运站！跟前台说换一下房间，竟然直接说，另一面就是马路！！都是很吵！！真的是太太失望了....换，坚决换，下次肯定不住的了。补充点评2007年5月16日：实在没有办法，共2间住了2天，真的想连评4次，都给个1分，太气愤了！！破网络也是一塌糊涂。
1,还不错，有水果送，房内有电脑，而且早餐还可以，房间比较大，水龙头旁有饮水龙头，基本还是很满意的
1,观景大床房，住了2晚。酒店位置很好，距离虹桥机场只有不到10公里，出行、叫车都算方便。据说是人大培训用的酒店，三星标准。服务还可以，但是洗手间设施比较陈旧，淋浴间的下水不太通畅，毛巾也是很旧的样子。
1,10楼和27楼是同样的价格，有点想不通，当然是要住27楼啦。10楼的网络不通，电脑部的人居然不知道，白忙了一个多小时，最后换房才解决。等电梯很考验人的耐心，唉。。。不过酒店其他地方都不错的，早餐丰富，下次还会住这里。
1,这次去广西在金都住了2天，一次普通房，一次豪华房。规规矩矩4星级。服务很好，房间不错，离火车站步行10分钟。性价比很好。当然广西整体房价不高。推荐。
1,看到前面好坏参半的评价，定的时候还有点犹豫的。不过去到那里，觉得超值的。酒店有自己的码头，在厦门轮渡码头（面向大海的右手边）往前100米就可以看到，一进一出相当于绕鼓浪屿一周，住客单程3块，就这一点，已经加分了。酒店门口就是海滨浴场，在那里可以一直可以看到披着酒店大浴巾出去和湿漉漉回来的住客，让自己也忍不住有往大海纵身一跳的欲望。服务员也非常有礼貌，我们在他们中餐厅吃晚饭时，我们说怕有蚊子，服务员就主动拿来了蚊香，很贴心。中餐厅的菜也OK，白米饭很香哦。至于房间设施，不算豪华也不算新，但已够用，而且有个大阳台，站在那里看海吹风听涛，非常惬意。如果是喜欢游泳而且希望游完泳可以马上会自己房间洗澡的朋友，这里一定适合。酒店离龙头商圈较远（步行15分钟吧），但离日光岩和菽庄花园很近，所以酒店周围算是安静型的环境。我们下午到了先小睡一下，然后游泳，然后洗澡，在酒店吃饭，晚饭后就逛到龙头路，然后再慢慢从海边踱回酒店，一早起来在海边散步再游泳，觉的那怎一个安逸。这里绝对是我下次来鼓浪屿住的不二只选。
0,我全说客观的，大家自己参考。1、酒店电话不能打外线，携程为什么不说明？2、拖鞋不是一次性的3、买点小东西不能计入房费，要单独结帐。4、我住的房间插座竟然掉在外面，是不是太不安全了。5、最关键服务态度就是招待所的态度。6、觉得不满意不能退房。补充点评2008年1月22日：7、早餐七点半供应，有点晚吧宾馆反馈2008年8月16日：感谢您的评价，我们己经将意义和建议反映给上级领导了，并且改进了服务，希望您下次入住时会真正体会到我们的进步。
0,锦江贵宾楼房间装修还可以，环境一般，我认为本次入住餐饮服务比较差，比如我点菜时他告诉我68元，但结帐时时98元。而且价格比较高。
0,Checkin时入住的承诺到了第二天结帐就不承认了。。。另外前台Checkout速度慢的惊人！再也不住了！
0,我订房间时提供了信用卡担保，酒店却擅自将我订的房间换掉，非常不愉快！
0,"酒店服务不行，尤其是餐厅服务人员。房间较冷，没有暖气、电话。不方便。免费注册网站导航宾馆索引服务说明关于携程诚聘英才代理合作广告业务联系我们Copyright1999-2008,ctrip.com.allrightsreserved."
1,"2008年1月16-20日,C楼405房间入住.也是看了前面的兄弟给的评价去的.大厅正中央挂着5星级的牌子.房间内2个字""巨大"".整体感觉不错.可惜电视要是壁挂的就更完美了.进门左手,会客市.可以玩麻将.前走.左手卫生间.5电吹风必备.再前卧室.也是大.感觉不错.性价比高。去广安的朋友首选."
1,"首次入住该酒店,整体环境很优雅,房间不错,离车站很近,总台服务态度很好."
1,"物超所值,房间比较新,干净.温泉很不错,早餐也很好."
1,"酒店的位置很好,距离火车站非常近.总提感觉酒店的性价比不错,房间不是很大,但是对于出公差来说,也是十分不错的选择了."
0,标准间较大，接站服务不错。总台服务不太好，退房结帐后，在总台打一市话，告知：需2角！
1,房间、服务尚可，就是电视频道太少，门童不是很积极的服务，可能天气冷？
1,周边交通方便，但是附近有工地施工，房间很不错，就是浴室透明让人不习惯，总的来讲还是不错的
1,我是第一次住公寓式的酒店，感觉很棒。一进客房特宽敞明亮。我住的是一室一厅套房，干净整洁，服务员的态度非常好。我是和姐姐一起过来的，她喜欢看日本台，这里能收到好多国际频道呢！楼上的餐厅也是我喜欢的那种画廊式餐厅，非常Mordern哦，如果是一家人来这里真的很超值方便呢，值得推荐一去啊～～～～补充点评2008年1月24日：房间很大很超值，远远高于三星级酒店的标准，可以跟四星级的媲美了呢～很棒～如果下次到北京我还是会到这
1,上帝啊，价格怎么半年就涨了100元？我得回到光大住了。。。不过，作为一个公寓式酒店，蛮值得推荐的。就是早餐不甚好。
1,这次入住的宜兴宾馆性价比还是比较高的，房间很大，房内布置也比较温馨。早餐品种太少了，服务员态度比较好。
1,跟同一条街不远的经济型酒店比较我更喜欢假日之星酒店我订的是商务大床房相比房间面积大一点感觉不那么狭窄还有浴室提供吹风机另家经济型酒店同类房间里也没有缺点：大部分经济型酒店不提供早餐还有就是房间的隔音效果做的不是很好神经衰弱的不建议入住
0,"黑店,黑店,绝对黑店.黑店,黑店,绝对黑店.黑店,黑店,绝对黑店."
0,"整个就是一招待所，热水简直小的可怜。所谓套房原来是里外两张小床。原本打算住两天，半夜到的早晨起来就退房离开了。不知为什么点评的分数如此高，上当了。估计都是托。。。。宾馆反馈2008年6月4日：针对顾客反馈,酒店领导高度重视,现已将原观景套房改为观景双人房，内部设施稍作调整，房价与观景标准间房价相同，给您带来的不便，请您谅解！我们将恭候您的下次光临！"
1,"地点不错,离开汽车站不太远,走路十五分钟,打的两分钟就可以.订房时送的早餐质量强差人意,但附近有麦当和肯德鸡.房间挺宽,干净,但电器的插头是圆孔,有点不方便.宽带的插头离开桌子一段距离,不太方便.大堂服务员态度可以接受,不太冷.泳池的水是绿色,不是蓝色,太差了,我不敢下水了."
1,"清明节入住两天.从进入酒店就感受到无处不在的服务,非常周到,又很得体.从大堂,商务中心,到前台,拉丁餐厅(早餐).我在前台checkout时,那个商务中心遇到的小伙子会很殷勤的问要不要出租.步出大堂,好像没有车啊?一瞬间,看到酒店工作人员已经催促备好的出租开过来,一切让我感到轻松自在,备受关怀.服务水准在5星之上."
0,"方便的地方:1),离机场近;2),有车接送,很方便.极度不满的地方:1),骚扰电话不停,对电话那头说:'你们再打电话,我要报警了""得到嚣张的答复:""有种你去报啊!""吓得赶紧把电话线给拔了;2),在大堂里面的商店买矿泉水,因为没有零钱,给了张100块的,结果找回一张50的假钱.过后才发觉.不建议大家在那里住."
1,"服务非常好,希望不是正好赶上奥运才这样.去哪里都有人带路.宾至如归啊!早餐还算丰富,门口也有不少餐厅.出门就是海边.风景美.值得一住!"
1,干净，房间也够大，缺点是厕所太小，特别是大床间，几乎不能转身。不过对于这个价格的宾馆而言还是很超值的。
1,"入住时酒店安排在一个看起来跟我生日有些联系的房间，如果是刻意的，我很喜欢。不满意的是房间有一支四角朝天的“小强""躺在电视机旁的地上4天也没人为它送葬，很让人不舒服。大堂结帐时始终是忙乱的，大概他们自己没感觉。工作人员从前台客户旁边走过走员工通道没有任何问候用语，很别扭。这次不能给高分，算是一种激励吧。"
1,洲际酒店，携程的价格确实有竞争力。应该是沈阳最便宜的五星级酒店。1）地理位置：位于商业街太原街附近，交通方便，但门口老是堵车，建议打车的话在酒店对面下，然后过马路。2）房间：很小，但可以看到街景的不错。3)健身中心居然不给拍照，其他同类酒店没此规定4）礼宾部门口服务不好，可能因为沈阳冬天太冷，人都不出来迎接客人。5）最糟糕的一点是：叫礼宾部打辆出租车去机场，上车前还问酒店的人是否打表收费，确认后上车，结果到了机场竟开口喊价，50元的车费司机喊100！！当时因赶飞机的原因没有追究，事后投诉洲际，到现在仍未解决。相当失望！
1,酒店外观不怎么样，但是里面的服务很好，而且房间超级大，床也超级大，绝对可以睡4个人，早餐也可以。总体来说不错，性价比还ok。从虹桥机场过去打车19块，十来分钟就到了。要是在虹桥附近办事，推荐这家酒店，很方便。
1,地处闹市区，出门倒是方便。早餐还物有所值，咖啡厅会客方便（人不太多）。房间隔音不太好，影响休息。停车位太少，向大堂经理反映后，才给了保留车位。没办法，这已经是当地最好的酒店了。
1,非常不错的酒店，环境很不错，就是房间稍微笑了些，但很干净。交通也比较方便宾馆反馈2008年4月14日：欢迎再次光临.
1,总体感觉不错。房间略小，已经够用了。性价比很高。位置略偏。附近有公园，超市，KFC。
1,很好的酒店，强烈推荐．只是服务员打扫房间有点太勤快了．我刚出门几分钟，也没要求打扫，她们就自己进去打扫了．不过，还是不会影响我对这家酒店的好印象。
1,房间很干净的，住的朝南的房间，太阳照进来很舒服，现在可以上网了，网速也不错的说。宾馆的交通老方便，闹中取静的地方。月坛北街上的护国寺小吃我也老喜欢的。宾馆里提供10元的午餐和晚餐也不错。缺点么，就是隔音不是很好。总的来说，还是不错的，生意也不错。
1,帮朋友定的反应还不错下次去应该还会定那里吧：）
0,除了地理位置靠近王府井，其他实在不敢恭维。入住时发现茶杯里有半杯水，通知服务员更换，惊愕的发现，服务员把杯子中的水倒在卫生间后用水洗洗就放回原处，问她杯子不消毒吗，竟然毫无反应的离去。
1,"整体来说是一家中规中矩的四星级,在香洲的酒店来说算是好的了,没有明显的优点和缺点,反正去香洲的话肯定会住这个酒店"
0,"虽然预定比较方便，但是宾馆的对顾客的关怀不足，房间冷得让人睡不着觉服务人员还说暖和的！！！宾馆反馈2008年5月4日：首先感谢您入住汇宾楼,并给我们提出问题.由于五台山的海拔高,气候潮湿温差较大,酒店由于冬天停业,开业后房间的温度夜间可能会有点凉.给您带来的不便酒店深感歉意."
0,交通不方便，没什么车，隔音很差，虽然是新开的，但是同价位还是选择汉庭和莫泰吧，房间感觉就像是纸糊的，浴室太差了
1,还不错的酒店，虽然有些旧，日方也撤资了。可能南京本来也不大的原因吧，从酒店去新街口等地方都不远。服务也很好。
1,我和老公定的是海景房，感觉非常舒适。完全的私密空间，窗外就是景观和海景。房间干净明亮，两张大床完全能满足一家人的需要。就是衣服不太好晾晒，卫生间没有通风的设施。其他都很好给5分不为过
1,10月3日入住的该酒店，前台免费升级到了行政间，感觉酒店服务不错，不过旅游城市假日期间有点贵但比起杭州同星级的酒店价格还是有优势的！！以后还是会入住该酒店！
0,除了环境比较好，在云龙公园对面，酒店设施太旧了，价格高，性价比低，在这个天气，房间里竟然有好多蚊子，半夜被蚊子打扰几次
1,住的是标准间B，酒店整体性价比较高（在上海），房间还比较新，干净整洁。离商圈不算远，离地铁站很近。服务人员很热情。房间大小也可以，个人觉得比经济型连锁酒店好，（如如家、7天、汉庭、莫泰168等）缺点是床不太好。另外不提供赠水。没有抽手纸。建议改正一下。
1,第一次入住，说实在话就是图个方便就近，因为离我学校很近，而且听说还不错！但是入住以后才发现服务态度是不错，可是效率和处理问题的能力太差，入住那天天气那么冷，宾馆的空调不开，还是冷风，说是中央空调定在那个温度，强烈要求下答应给我调高两度，但是等了一个小时还是那样！第二天再次去电话，他们大堂经理说空调一直在维修！我不知道到底怎么了，但是认为这样肯定不是合理的！所以下次应该不会选择这样的饭店！失望！宾馆反馈2008年1月18日：首先感谢您入住本酒店，看了您点评后，经酒店调查，该天空调确在维修清理中，故十分抱歉影响了您休息，若您下次入住，本酒店可为您免费升级您所订房间，以做补偿，希望您下次能再次入住本酒店。
1,酒店离长途汽车站很近，走路5分钟就到了。整体环境不错，房间很干净。我住的是标准间，作为三星级酒店，我感觉很好了。服务态度很满意。沿着酒店大门前的路一直走就是鸣沙山。打车10元，公共汽车1元，酒店门口有站。据说是敦煌最贵的酒店了。不过我只住了一晚，就无所谓了。
0,该酒店新开业，各方面都不完善。携程上介绍的东西很多都没有，包括电视节目，居然没有一个海外节目，国内电视节目也很少。结帐的时候，居然因为餐厅有笔帐单重复计算，让我等了足足有半小时。很需要改进！在商务中心，我希望能用自己的笔记本电脑上网，也同意按照他们要求的一小时20元的价格，但一开始服务人员不同意我用自己的电脑上网，后经一貌似经理的人询问，说是可以，但令我气愤的是，那位经理很严肃的和我
1,这次住的是高级行政房，很不错，房间够大，相当于一室一厅，而且有两个卫生间。就是厅和房间之间的隔音不好。
1,"大床非常舒服,早餐很丰盛,前台业务不熟练,予授权搞错,耽误时间."
1,酒店服务满好，房间设施不超过四星，晚上没有骚扰电话。宾馆反馈2008年6月16日：谢谢
0,服务的态度还可以，只是我住的那间房实在是太太太小了（大床房）。
0,最滥的酒店什么都不行。这种酒店千万别去。80年代的3星
0,这应该是我在用携程订房以来所遇到的最烂的酒店了，居然还是4星的。理由如下：1，酒店所提供的房间是临窗的，下面就是一座立交桥，虽然是在10楼，但是还是非常吵，特别是上下班的时候，简直就像住在菜场里面。2，房间的淋浴室花洒没有办法调整，站在淋浴房里你就得准备先享受享受冷水浴3，门有时会发出神经质的报警声音，估计是报警器的接触不良，修了也修不好。4，电梯太慢5，整个酒店的小姐特别多，而且完全不分白天黑夜的到处乱窜，简直不得了6，停车就不用说了，还要拿个票到前台盖章。有时候忘记了，好不容易开车出来到门口，发现没盖章，保安说什么都要你交停车费。再有就是你办事回来的时候千万不要遇上上下班，要不然，你就得和轿车、卡车、公交车、摩托车、自行车、行人甚至是动物争抢每一寸马路（真不知道立交桥下怎么会有这样的交通状况，就像是10年以前的中国县城）6，而且，礼品有圈套的。携程写明有礼品赠送，其实就是一瓶水。我们刚刚入住酒店，酒店的前台经理（后来才知道）打电话告诉我们：酒店冰箱的可乐和鲜橙多是免费的。想着有携程的描述，还不错。哪知道一结帐，告知我们消费30元，因为我们消费了冰箱的饮料。后来前台经理才说，只赠送一瓶，可乐和鲜橙多任选。你想想，我两个人入住，只让喝一瓶，这是什么狗屁规定！一瓶10元，别说赠送1瓶，送3瓶都有赚的了。不知道携程有份参与没有，只是酒店坚持必须买单我们就非常不舒服，哪有星级酒店这么干的，客户与酒店产生异议的时候，从来都是酒店主动让步的，切！补充点评2007年10月19日：看到了下面的评价，我马上查了一下信用卡帐单，果然是预授权还没有取消，我的天哪，2400呀，就算冻结了，真是要命！
1,住的是江景房，房间超大，环境一流，价钱不算高（258元包2早），美中不足是服务有点跟不上，总体不错。
1,按照我朋友的话说，就是这家酒店有着破烂的外表，却是内里奢华的装修。服务绝对的好，从一下车，到进房间，再到退房，都有非常专业的服务生在接待。帮我拿行李，送到房间，开空调，开灯，泡茶。。。。。。而且坚持不收小费！我住的是特色大房，很好，以后去福州一定还来住这个。很舒服，很宽敞，免费3小时国内长途，电脑免费上网，而且游戏齐全，速度很快。
1,服务稍微差一点，入住后房间打扫不彻底，床单不能每天更换。
0,"一直认为锦江各方面质量很高,性价比好,比如在西安我总是选择锦江之星.但这个店,是我住锦江之星所获得的最差的印象地."
1,环境非常好，服务非常好，交通不方便，价格有点贵
1,为了等海口到广州的椰香公主号，暂住一晚，才发现携程订房的问题：同宾馆低价位的房间不推荐，怕是回扣不够高。当晚办入住手续时边上有人开房间，前台价格直接能打折到338元，比我携程定的还低40元，一问才知房间倒是一样的，就少一台电脑，比我的房间实惠，携程最便宜的房间要378元，很不爽。
1,目前为止，是我第一家还想下次去的酒店。无论是环境还是服务，都能让我感受到5星级的服务，尽管我去的时候是春节，一部分餐饮关闭，但是服务生快速的应答到位的服务还是让人感到贴心。
1,宾馆本身还是很不错的，餐厅的服务相当到位，就是宾馆位置不太好，周围不太好
1,酒店有些老，设施一般，早餐一般。位置位于火车站附近，但是周边环境有些乱。
0,"隔音效果很差,客人住在九楼,晚上四楼的KTV一直营业到一点,客人反应无法入睡.所以本来预计定三天,后来提前退房,换了酒店"
1,酒店地理位置方便，服务也不错，而且我们订的房间含接送车服务，很实惠。缺点是房间偏小，而且下面就是香港殡仪馆
0,高级大床房没看到一点高级的地方。床垫弹簧很明显的能感觉到，房间没有大顶灯只靠2个昏暗的床头灯照明，饮水壶和茶杯都放在卫生间里很是让人不舒服，茶杯里的茶垢也不知道是哪天留下的，浴巾很旧颜色看上去都不忍目睹，第二天退房时告诉我房间3个枕套及床单上有污物，和服务员一起重回房间他们拉开了房间的窗帘，这才看到枕套和床单上那些黑色的斑斑点点将我恶心到死。竟然说是我们弄的，晚上入住的时候没有顶灯根本看不清楚房间状况，白天这一看全是起鸡皮疙瘩，还说是我们弄脏的要赔偿，我反问他们你们收拾房间也看到了，我在房间里留下的垃圾中是否有能够造成这种污染的物品，他们也没法回答了。最后虽然是没有让我赔偿，但是还是说是我们弄脏的让人气愤不已。以后不会选择汉庭入住了。宾馆反馈2008年5月30日：首先非常感谢客人的入住，对于在我店不愉快的经历，我深表歉意！说明一下：一根弹簧的床垫一直是我们汉庭酒店的特色，已得到很多客人的肯定，但是每位客人的需求不一样，希望客人能理解。房间的灯光我们也是特别设计的，为的是能给客人提供一个温馨的睡眠环境，这个不用再做说明了。至于客人反映的三个枕套和床单是有污渍，经我酒店查实污渍是很明显的头发挑染的红色掉色。在这里我也不想多做解释是谁的责任。考虑到客人的心理，在礼貌提出赔偿未果的情况下，我店做了报废处理。我们的宗旨：服务第一！希望客人做出客观评价，也希望更多地客人对我店监督指导。谢谢！
1,酒店位置不是很好，，但是房间还是可以的，很大。宾馆反馈2008年7月2日：您好！感谢您的评论，我酒店是位于大连市西部商业中心，毗邻星海广场和星海会展中心，酒店周边环境相对来说差一些，酒店正在努力加以改善，希望我们酒店的周到服务会迎来您的下次光临！
0,换了2次房间，刚入住的时候，房间是脏的，那个时候已经下午2点半了。然后换房，热水是坏的，然后和大堂经理交涉，又换了房，说是Upgrade了，结果空调是坏的，害我早上起来感冒。然后我出去办事，我打电话给前台，让他们派人去修，结果。。我下午回到酒店根本没有人来修过。这是什么四星级酒店？？？设施也很烂，电视机很小很小。性价比实在太低了。一塌糊涂！！！！！
0,纯粹就是国企招待所的作风和质量.整个酒店看上去显得比较陈旧.
1,"酒店环境还算安静,离古城有点距离,好在出租车价格便宜,早餐一般.房间装修很新,还很赋现代感,干净,整体房间设计舒适,人性化.房间打扫人员也很仔细.还算是不错的选择.补充点评2007年11月23日：市内外的电话是免费打的,很贴心.该服务不错."
1,房间整体感觉不错，有家的感觉，但床比较小，而且给我们的房间阳台外面就是锅炉台，有一股味道。早餐一般，没有想象的好。酒店附近的环境不错，边上就是家乐福，购物吃饭都很方便。
1,带阳台的房间很好，窗外的自然景色，有山有水有云雾，很舒服。宽带的速度相当快，儿子打游戏直喊爽。就是餐厅服务欠缺，建议外出用餐。
1,"这次我们订的海景房,入住比上次入住时的环境稍好一些,地理位置也是靠近海,比较好找.可惜的是到了晚上热水没有了,都是凉水.不知是锅炉太小了还是其他什么原因?等到第二天早上开热水时,一下子又把人烫得要死.变化太大了吧!还有就是娱乐项目的价格偏高了一些."
0,强烈建议携程取消这个酒店的合作！14日为招待客人预订四间客房，客人入住过后即发现房间内均有强烈的刺激性气味，怀疑是装修造成的，4位客人在房间内呆了2小时左右，即感觉呼吸困难，眼睛红肿，无奈要求店方换房，前台服务员态度十分傲慢，坚称从未有客人投诉房间气味问题，并称房间均已住满，不可能调房，要求退房也可以但是房费不能退。后来客人要求退房并请有关部门进行空气质量监测，这时前台经理才出现，给调整了房间。本次经历严重影响单位形象，而且深感奥运在即，对国宏的服务水平表示担忧。
1,非常宽大的房间，非常宽大的床，足有1.5米，非常宽大的卫生间，去云台山只有12公里，自驾车住中州宾馆是最好的了。
1,"不错的酒店.性价比不错,接待的服务人员态度很好,酒店的位置也不错,交通也方便,下次去还会住.房间很大,不过有一点点旧,最不好的是我住的房间窗外就是马路,隔音不好，有点吵,如果能把这个方面改进的话,是一个很好的酒店."
1,"酒店服务亲切,我们当时喝红酒没有开瓶器，打电话给客房部，专门给我们送了过来，非常感谢。同时麻将免费租借也是非常人性的服务。缺点是，酒店别墅的设备比较陈旧，早餐也比较单调。还有附近的交通实在是不怎么方便。补充点评2008年6月23日：没有吹风机希望可以准备。另外就是牧屋区和内部游览区增加一些指示牌就更好了，我朋友进去找马场找了好久，最后不得不打电话咨询。对了，还有客房部的服务人员非常好，我们退房的时候朋友拉下了手机，等我们走了以后，他们专门打电话过来。多谢阿"
1,非常不错的酒店，房间虽然不大但很精致，落地玻璃墙感觉视线宽阔。酒店服务也很到位，客房服务也很周到。购物、出游交通极为方便。下次去还会选择该酒店。
0,实在比较差的酒店，强烈不推荐！CTRIP现在也越来越不象话！！定的还是豪标房，一进房间，居然两个床靠在一
1,除了地理位置、外部境不会再方座相、服比、性非常高。速漫BusinessMan不便、前台的熟度尚差、需要努力。
0,设施太陈旧了，服务很差劲，态度恶劣。
0,感觉相当差劲，异味很大，性价比太低，绝不会再入住。
0,通过携程订的所谓豪华房，设施陈旧，房间还一股臭味，根本不值320元！办入住在A座，住宿却在B座，前台也不告知，害得我拖着行李跑来跑去，不知道酒店对前台员工是怎样进行培训的！晚上骚扰电话不断。早餐更糟，全部品种加起来大约10种。唯一可以的是客房服务员的态度。总之，性价比太差！
0,房间很旧，很差，后来我就换酒店了，不到3星标准。宾馆反馈2008年7月22日：请您提出具体的方面！我们将尽力完善改正！谢谢！
0,此酒店硬件设施非常差，比如：房间是KTV包房改的，被子很薄，早餐在简陋的包房里就餐（早餐太简单），服务员叼着烟往餐厅里送早餐，大堂只有一个男女公用的卫生间，里面还放着两辆自行车，等我到了酒店服务员还找不到我的订单等等。所有这些都是客观事实，并非我捏造。
1,房间OK，但隔音差，服务也不错，地理位置不太理想。
1,酒店很干净，服务不错，所以决定今晚再次来入住。宾馆反馈2008年7月31日：感谢您多次选择国宾大酒店入住，并对酒店予以认可。我们将一如即往，以优质的服务，热情的微笑期待您的再次光临！
1,"房间设施不错,服务没问题,早餐也不错,就是打车难,不过,还是直的住,有一点,前台动作较慢,前台服务还要加强"
0,怎么看都是个要倒闭的招待所，虽然只有300多的价格，但还是不值。但这是个离殷墟很近的住所。所以没有选择。提醒去殷墟的朋友，千万不要去王陵遗址！！！真的是个废墟。
1,餐厅可以签单。我觉得内部环境不错，很有点情调。就是价格较贵。谭家菜名头很大，吃起来并不怎么样。有个马术俱乐部，觉得新鲜，去了之后发现很小，很萧条。
1,"房间温馨小巧,酒店整体设计很有情调,离步行街很近,购物,吃饭都很方便.如果下次去苏州,还会选这个酒店."
1,很好！在闹市中难得隔开有这么个清静地，进去以后环境很好，有小桥亭子，有餐厅，很幽静，很舒服。我住的迎宾馆观景房还可以从窗户看到旁边公园，不错
0,当地的知名度挺高，出租车司机都知道，大楼顶上高挂民航的招牌；酒店设施有点成旧，入住一小时后，感觉房间内没有什么暖意，用手试了一下取暖器，发现没有热气，于是想与总台联系，但在房间内找了半天，除了在显著位置有按摩中心的电话外，实在找不到总台与客房中心的电话，只得下楼去。还好在电梯内碰到客房服务员。回房间后不久，服务员打来电话说管道老化给换间房，于是带着行李搬家。房间内的设施也很旧，有浴缸，淋浴的水很大，蛮舒服的，毛巾很旧还有破洞。早餐有各式各样的菜，感觉冷冰冰的，吃得很少。因为是下午3点的飞机，跟总台商量可不可以晚一个小时退房，总台小姑娘把头一别说不成！虽然换了房总觉得房间内不够热，得穿很厚的毛衣才行，于是第二天睡觉时又加了一条被子，到半夜就冻醒了，觉得奇怪，去试了一下暖气片，冰凉的。只能披上外衣，半夜3点下到总台，总台小姑娘马上叫来一个小伙子，一看是穿警服的。小姑娘对小伙子说看又来一个叫冷的。然后对我说，，你住的房间窗户大本来就够冷的，给你换间房，还有一样冷的房。问能否换一间窗小一点的，服务员脸一拉说，不行要价钱。这么随便就换房，在订房时协程不是说房间很紧张，没有信用卡担保还不让订，后来留意一下其实入住率极低。没办法只能换房，于是半夜三更收拾起所有的行李，先到总台换房卡，然后再去新的房间，服务员始终带着奇怪的面容看着，没有任何欠意的表示，也许值夜班也无聊，总算有点乐子。到了新房间，还是冰凉的，才发现走廊上有客房中心的电话，打过去，服务员说半夜里酒店把暖气给停了，说除了有备有被子外还有备用毯子可以都盖上。天哪！次日起床后就觉得肠胃冻坏了，咕咕叫，还拉肚子。等到中午退房，总台最显著位置放着按摩中心的广告牌，墙上挂着“四星级酒店”“青年文明号”“吉林省优秀服务单位”等招牌，不由得长叹一声。这肯定是一家民航系统的国营酒店，所以服务意识基本上还停留在“在举目无亲的他乡赏你一个铺你就该感激涕零”的文革时代。对于国营酒店，国家旅游局向来有1～2颗星的水份。
1,携程工作人员按照我的要求，给我介绍了这家酒店，我抱着试试看的心情，去住了一次，总体感觉还是非常不错的。我是一个非常注重干净整洁的一个人，也很在意细节，所以，住酒店我一直都有点担心，迫于工作性质，必须经常在外出差。很多我之前住过的酒店都不太理想，但是这家酒店还真是对胃口了。房间非常明亮大气，非常干净，我从服务员口中得知，这家酒店已经开了2年多了，但是床单、被套、毛巾都是崭新的，床非常大，柔软，有家的感觉。晚上开好夜床，床头柜上还放有糖果，很细致的服务。房间给人的感觉非常放松，空气也非常清新。房间里上网免费，很方便。入住时还送了一张免费的咖啡券，虽然没去喝，但是还是很高兴，能享受到如此周到的服务。房间里面的电视频道非常多，好多国家的台都有。早上退房前，我给前台打了电话，说需要退房，两分钟后，礼宾部的男孩子就到我的房间了，我非常吃惊。跟这位员工聊了几句，他是接到前台通知来帮我拿行李的。他说，只要他们不忙，会在第一时间赶到需要帮助的房间，帮助客人，听得我很感动。原来他们以为我打电话到前台是要寻求帮助的，想得太周到了。在办离店手续的时候，他们已经自动帮我叫好了出租车，可能在之前的谈话中，礼宾部的员工已经知道我要去机场了，太人性化了！我到机场也只花了18元钱，离机场真的很近，很方便的。不会耽误航班。
0,经常入住京伦酒店，感觉还不错。但是3月份去的一次，安排了一个最拐角的房间有一张双人床，服务人员说要是豪华间多交钱才能给大双人床，以后去北京会考虑入住别的酒店。
0,酒店很安静，去旅游区很适合住这里，步行几分钟就是景区的秦堰楼入口。在市里办事就远了。酒店有几个问题，一是当天入住由于客人少，锅炉房根本没有少开水，前台还有服务员还一直让我们把水开开开多流一会就会热，结果流了10分钟也是凉水，第二天有那么几个人来住了才稍微有一点点温温水。二是同样由于住的人少，酒店早餐没有自助餐，服务员给你打一碟小菜，几个馒头。酒店就是环境比较舒服，而且这里吃饭米饭非常好吃，注意。
1,房间很干净，住的比较舒服，就是床有点硬。但是，号称在海河最美的一段纯粹是骗人，离海河至少要走十分钟，而且根本谈不上美。
1,本人于3月29日入住自己住一房一的朋友住房一依算不房很大缺是停再就是水器置在室然有制排是有煤味道清程度很好一有免咖啡真的不下次我是考住
0,"这个酒店给我的印象如此之差.先说房间,一般,没有什么好,也没有什么不好,酒店开了很大的餐厅,比较吵闹,其他附属的什么购物中心,美容美发全部取消了.服务:前台的一个小姐非常专业,我刚报出姓,她即能以全名称呼,而且也长的很漂亮,是该酒店唯一的亮点.用餐非常不好,早餐非常差,没有什么东西吃,都是菜饭什么的,打些做中午的快餐还能将就,适合做早餐的除了很少的几块糕点和粥就没有什么了,怀疑菜都是酒店开的餐厅的存货.早餐的牛奶是奶粉冲的,有很浓的香精味道,难以下咽.晚上到餐厅用餐是最痛苦的回忆:少数人很难点菜吃,因为都是适合人多的菜,象我一个人几乎没法点.套餐,简餐都没有.炒个青菜要18块.重点给你们讲讲这个炒青菜,我一个人,所以点了香菇菜心,上来一看,没有一片香菇,我问为什么,答曰,这个菜的名字就叫香菇菜,它的菜心就叫香菇菜心(上的也不算是菜心,是整棵的小青菜)还有点了个小份的辣子鸡丁,上来一看,很大一盆,我说错了吧,我不要大份的,答没错,我吃了发现的确没错,而且还是超小份,因为里面没有几块鸡,还大多数都是骨头,很少的肉连在骨头上,再一看,大盆还是满的,全是辣椒和一些花生米粒.这个酒店我是再也不会去住了.是我住过最过分的酒店再说周围环境,柳市的民风也很不好,出租车全是宰客的,起步5元,都收10元,还随意加价,记价器都不能用,即使给你用你也看不清,因为他们都不换色带,打印出的颜色几乎没有,要报销的可就惨了.换车也没有用,都一样,刁民我建议到乐清的都住在乐清市里,据说只有市里的出租车比较规范,附近镇上全部都是宰人的出租车,出门从乐清市里叫车比较好"
1,酒店就在海月广场，且酒店大门口就是椰梦长廊，风景秀丽，并随时可以下海游泳，交通非常便利，整个酒店的环境也很不错，是度假的好酒店，二楼还有小泳池，晚上坐在泳池边的椅子上，吹着海风，看着漂亮的夜景，听着海月广场上传来的阵阵欢快的音乐，真是舒畅极了。胆子大的朋友也可以在晚上去海里小游一下，或许在海滩边散步，放孔明灯，都是非常浪漫的。
1,"20070501日入住,3星酒店4星的价格!"
1,今天刚从三亚飞回来，住这家酒店是前天晚上。酒店正在搞基建，没看到游泳池，没看到新房子，没看到客人――门口倒是停了两辆旅行社的大巴。酒店里海边还有一段不短的距离，碰巧所在的小路正在整修，断了直达的路，只好绕远，当是散步好了。a.确实是亚龙湾一带最便宜的酒店，本人入住的是6号楼的623，最便宜的标准间。进门有点霉味，可能是因为最近在搞基建，酒店没有完全对外开放吧？！不过开窗透透气马上没有了，房间可以直接看到内湖，风很大，空气对流很好。特别要说的是，房间很大哟，尤其以洗漱间为最啊，那个大啊，可以用来当客房了。洗澡水也很好，住了不洗，绝对是你的损失！b.餐厅似乎最近没有营业，最近的海鲜大排挡，绝对是宰你没商量！慎重慎重，带包方便面吧，你会感谢我的~~~~~~c.离海边较远，如果自己有车，则完全没有问题；若实在没有，酒店有租自行车，所以至少请务必会骑自行车；两个条件都不具备，剩下的只有text，起步价5元，2分钟到，想想觉得实在划不来啊！d.特别想要谢谢酒店的某位先生，不知道是不是老板。我们一家提着行李到了酒店附近，找不到方向，酒店马上安排了人过来接我们。漂亮的小轿车，司机不像只是普通员工，倒像是老板，又或者是“高层”，人很好，所以――谢谢！！基建期间，周围很吵――当然只是白天，且交通不便，房子看上去确实较陈旧，不过整体来说还是满意的，待装修过后，情况应该会改善，不过价格会不会变动就不知道咯！！
1,很实惠，就是不灵活安排。希望能更加进步，下次去还到这里。
0,5月1日入住，其他地方没房间，定了锦地星座的特惠标准间，checkin的时候被告知升级到高级标准间，心里一阵暗喜，没想到经过一段乱糟糟的路（好像是厨房的外面）后，到了1号楼，进了房间更加失望，床小不说，还什么都没有，设施陈旧，马路上汽车的噪音更是让人难以忍受，洗个澡水流一地，哎，下次还不如去住个连锁商务酒店，同等的条件价钱最多只有2/3。
1,硬件还可以，软件需跟上。交通方便，娱乐设施全
1,10月5日入住，宾馆环境不错，服务很好，房间蛮大的，很干净。卫生间隔音效果不是很好，有滴水的声音。宾馆依水而建，池塘和游泳池错落有致，名副其实的水庐，还好这个季节蚊子不多了：）院子里可以停车，距离天目湖景区大门约1公里，可以沿湖散步过去，约一刻钟。
0,好小的门面，没有电梯，房间也不是很一致！最郁闷的是我不知道我们公司跟他们有合约，他就让我的客人（另外一次）直接用我们公司的名义住的酒店，而没有通过ctrip。还好第二天ctrip打电话给我确认，让我退单了。
1,我是6月7日入住宾馆的，宾馆里的环境不错，餐厅做的菜挺好吃的。服务也不错，我要的东西很快就送到。晚上睡觉很安静。同等价位，我推荐这间宾馆。
1,别墅式客房，周边环境挺好的。别墅里面楼道有点黑，胆子小的还是别住了。室内比较简单，电视太小了，应该不是四星标准，靠虑到房价较低，也就凑合了。
1,自驾的确是蛮方便的．服务员也都很热情．房间也不错．就是大概是秋冬季节去的，景色萧瑟的很．一出酒店就没什么逛的．还是窝在酒店好．ps：酒店的叫餐服务也蛮周到的．可以点菜单上没有的菜．但是却不能提供一些基本的药品：如退烧药，感冒药．希望周边服务还能加强．
1,房间设施比较旧，餐饮贵，服务不错，没有任何景观。外观比狮林好点
0,房间设施差，房间里一股发霉的味道价格出奇的贵早餐比较差与对面的际豪酒店相比，完全没有竞争力不建议入住此酒店
1,不错的酒店，就是房间较小了一点，床较硬了点儿，其它都还不错
1,如果走对路的话，到地铁站步行５－１０分钟．附近有一个吃早茶的饭店，稻香，步行３分钟，吃早茶的，都是当地老年人，早茶味道不错．居住环境，有点象上海的南市区，马路小，附近在施工．步行到旺角，一路体验港人平民生活．房间奇小，淋浴间小，卫生间只有台盆和马桶，床宽９０厘米．这一套房间绝对不超过１０平方米．
1,的确很靠近火车站及汽车北站，走路不超过15分钟。房间里摆放了3本推荐的新书，其中一本是童话双语的，感觉很好。不知道为什么房间里不备电话簿。
0,酒店周末都系学生情侣入住，噪音实在恐怖，发现很多学生在前台的价格系120元哦.环境，设施实在系太差了!不建议住
0,在临安还是不错的一个酒店，干净。不足的是：1窗的隔音不好，很早就能听到外面的汽车声。2电视频道太少，临安已经是数字有线电视了但不知酒店为什么还没有。3没有免费的饮用水提供。4前台服务员不够专业、热情和礼貌。
0,"房间太差,电梯爱坏,差点被锁在电梯里出不来,爬到六楼快累死了,再也不会住.强烈建议大家考虑其他经济型酒店,如家越来越差了."
1,住的是豪华房，面积很大，设施还不错，可能靠马路，有些吵。餐厅的早餐品种很多，价格35元，物有所值。前台的服务很热情，退房后要赶车去上海，行李员一直将行李送到车站，服务让人满意！
1,酒店设施不错，服务很好。但是交通不方便，出租车不好找。去朱家角要计双程。且酒店没有什么娱乐设施。晚上比较无聊。酒店靠近东方绿洲2号口。2号口里有出租自行车的地方，强烈建议不要去那里租车。车子很破，服务很差。且4：30就关门。过点就没办法还车，押金就算买它的破车！？可以到1号口或者在酒店里面租车。
0,"1,前台不能刷预授权，必须交押金。没有投诉机会，最多给你一张白纸写点意见，估计你转身就丢进垃圾桶了。2，主楼的所有单间和商务套房都是临街，老窗户不隔音，因为是在主干道上晚上车水马龙，除非你的瞌睡很好，否则很能睡得很踏实。第二天换到靠里面的标间楼下却又是靠锅炉和空调，晚上也很吵。第三天换到所谓的商务楼套房，其实就是普通的家庭楼房装修了一番，老房子，靠楼梯上下，这里住的都是当地打夜麻将的人，晚上在楼梯间大声喧哗，隔音更差。3，第四天退房后打当地出租车，问司机这个酒店如何，司机说这里几乎都是当地来“耍的”，打牌XXX等等，几乎很少出差的商务人员住这里。4，感觉很不好"
1,酒店比较老，但是房间还好。酒店虽不在市中心，但离我出差的公司较近，所以住过几次。
1,"大床房很舒服,宽敞,干净,安静,早餐一般.去的时候他们在搞活动,住一天送一天,门市价也只要245,只比携程价高几块钱,要不是赶时间,真想多住一天.开车的话要从毫州东出口下高速,不然到市里不好找."
1,酒店挺不错的，服务也好（这个我是很满意的），设施也比较完善，只是早餐品种有点少，位置有点偏，打车不算太方便。下次还会入住的。
1,群山环绕之中的温泉酒店，空气、水质都是没话说的，但酒店的服务细节还很不到位。因为没有公共交通直达，自驾车比较方便，否则需要叫路边的私车送达。很适合度假的地方，要是长住可以多打折就好了。
1,酒店非常好，距离高速出口很近，服务也很到位，值得推荐的酒店，到泰山应该是最好的酒店了．
0,"房间装修实在是不敢恭维,洗脸盆下面还漏水,还四星级,我看三粒星可能是花钱买的,还不如锦江之星,如家快捷等酒店."
0,我凌晨12点半抵达时，房间居然完全没有收拾过，屋内有垃圾，洗手间里还有用过的卫生纸。我不得不干等了半个小时，等他们收拾好房间。然后早上8点就被酒店的施工人员吵醒。前台解决问题的态度还不错。
0,打车太不方便，我在门口等了40分钟；早餐品种少。宽带还比较快！房间空调调不了。苏州还有一个茉莉花假日，下次试试。补充点评2008年4月22日：刚接到酒店预订部的电话，对所提的意见进行了跟踪反馈，赞一个。与我14日入住的上海华港雅阁酒店（虹桥机场）比起来，真是天壤之别。24日又到苏州，不过这次我已经预订了另外一家酒店，下次到苏州，我会考虑再次入住友联。希望真的已经改进。
1,"入住了一晚,感觉携程的价格和自己打电话预定的价格相差不大,没有优势.订的是3号楼所谓行政楼的豪华园景房,结果住下一看,窗户对的是酒店内部的马路,根本没有园景看看.所以要么直接订湖景或者是经济房.酒店更象是度假村,娱乐设施全,中餐厅的风景不错,全景玻璃对着太湖大桥.但价格不好.如果吃饭,不如去西山镇上吃.房间设施还可以.点评"
1,酒店地理位置不错服务人员态度很好感觉很舒心~大堂是小了点但还算干净明亮房间设施还可以~总体来说这次没选错呵呵~下次仍然会考虑入住雅戈尔富宫...
1,老用户了，就图个距离公司近，过马路就是。
0,"大堂服务态度很差,乱收费,把洗浴的收费项目和免费项目混装在一起,客人不知情用后,明明标价是10元的洗液,大堂结帐时非说是12元,因赶时间就未与之计较.另房间空调出冷气较小,晚上骚扰电话不断,无法完睡."
1,"酒店位置稍偏,但不愧是从前的香格里拉,硬件和服务还是不错的,提供的婴儿床很棒,就是上网宽带还要收费,不太符合国际潮流"
0,"太一般了，比他原来办的如家要略差些！另外，一楼手机是没有信号的，不知道其它楼层怎么样？对不熟悉成都的人来说对会，不过后来得知成都有许多产权式公寓酒店，才138,比它强多了！"
1,"前台服务非常好,到的时候由于开会没有我预定的房间了,自动帮我升级到了套房,房间很干净,酒店整体性价比都很高,只是如果不坐车的话就需要走大概100米的上坡路了哦!不过锻炼身体也是不错的,总的来说很满意,以后还会住的."
1,看到众网友的评论，带着忐忑的心情入住了此酒店，入住后，我想客观的为它平反一下，让好的东西大家一起分享：）嘉峪关是个很小的城市，这家酒店大概是这个城市最好的酒店了。最令我满意的酒店的免费接机服务，毕竟来到一个相对陌生的环境，能有人接待让人有一种安全感。酒店的门童和服务员都很热情，嘉峪关相对于广东真的很冷，不过酒店很暖和。房间比较舒适，而且很干净，嘉峪关天气比较干燥，房间竟然配了加湿器，这一点比较人性化，充分考虑到了我们这些南方生活的人。关于早餐，我觉得很好呀，品种比较多，楼上的说开到九点，可我那天去的九点多了，还有的吃哦。看到楼上的数落，我禁不住为它说几句，嘿嘿或许服务仍然有提高的空间，但勿庸置疑，这样的城市是没办法和北京上海这样的大城市比的，我想他们朴实的热情已经填补了他们硬件上些许的缺憾，毕竟西北大家都很清楚。如果再来这里我会选择在这里住，也会介绍我的朋友在这里，^_^，客观不客观，还是自己试试才知道的，这是我的经验^_^，如果去嘉峪关，记得吃羊肉串，挺不错的，还便宜，去城楼看看，蛮有意思，这是提外话了^_^
0,1。我住的是靠马路的标准间。房间内设施简陋，并且的房间玻璃窗户外还有一层幕墙玻璃，而且不能打开，导致房间不能自然通风，采光不好。2。吃了三顿早餐，品种少得可怜。3。二楼餐厅被租出去了，价格特贵。原来订餐时告之房客可以打九折（房间服务指南里也明明白白写的，等到结帐时却告之海鲜和酒水是不能打折的，而且没有发票，找来经理才好不容易在第二天拿到发票。综合来说与四星级差距太大了！
0,退房时竟然说没有发票，由于急于赶飞机，没有时间和他们理论，留下一张名片，要求他们按照名片联系方式把发票寄来。结果到现在还没有收到发票，害得我出差费至今无法报销！
1,第一次住在这里儿，我针对大家的意见，特别关注了一下，感觉如下吧！1、标准间虽然有点旧但很干净，被子盖得很舒服，也很暖和，卫生间也蛮大的，因是在商业中心离很多还算很近。2、酒店服务还算可以，没有像这里说的那样，入住时，退房时也挺快的，总的来说我很满意。3、早餐也还可以，环境也不错，有点江南的感觉；菜品种品也不少，挺可口。4、可能是在市或者离火车站的距离很近，稍微有点“热闹”，来找我办事的人不方便停车，但还好这里有地下停车场。总体来说，我感觉很不错，值得推荐！！！
1,酒店的位置非常好、地处闹市房间却很安静，但设施有点旧，被子上面竟然很多洞，服务态度较好，尤其是礼宾人员，服务很热情、很主动，但美中不足的是我预定到28号的房间，27号酒店就通知携程说我退房了，还有28号退房时，忘在酒店的洗面奶竟然查房的没有提醒我。
1,"房间设备旧了些,室内空间挺宽敞,酒店附近购物逛街办公都很方便."
1,虽说是4星，但服务绝对是5星的。从进入酒店就有人问候，入住和退房的速度都很快。房间的布置和设施也很让人满意，一进去就有舒适的感觉。住了很多次，每次选酒店都会选它。对于在开发区办事的人，绝对是首选。
1,房间大小还可以，但设备比较陈旧，天花板低，感觉有点压抑．
1,环境很好，还可在6：30以后免费游览明孝陵，下次去南京还会住。
1,"酒店位于昆明中心区,地理位置不错,可惜酒店服务有些差,第一天晚上可能入住的客人不多,空调根本没开,打了电话问,说是中央空调要晚上统一开,结果晚上也没开,就热了一晚上,第二天有开会的入住,晚上就有了空调,不得不说酒店经济帐作的好.房间的床太硬,睡的不好.酒店的早餐就如其他人评价一样,想法的难吃.不过携程的预订价钱还不错."
1,作为老的四星酒店，房间依然很整洁，相当不错。机场接机服务很好，可以在车上办理入住手续，节省时间。
1,管机场接送，住起来总体不错，适合一般的客人，是那种大体不会出什么问题的酒店。
1,我住的行政房，管理不错，行政楼层有单独的前台很方便，房间偏小，沙发布面脏了旧了。行政楼层早餐独立的，但是东西实在太少，品种少，数量也少。
0,"非常差的服.房和床比小,人房原本分床床,一定要另外充明是床,否床,本人因此"
0,房间安排非常不合理，要穿过很远的厨房才能到达房间，闻到厨房一股做饭的味道后到了房间都没法休息；大床房间反而不能上网，而标准间能上网，不合理；服务态度也很一般。
1,实惠，位置也可，设施好，物有所值。推荐。
1,酒店所处位置不错，只是搭乘德士比较不便，早餐品种虽然不多，但相当实惠可口。补充点评2008年1月3日：酒店服务态度热情周到，入住时，由于没有本人所预定的房型，酒店主动免费给予升级，火车站就在咫尺之遥，周围商店餐馆林立，十分方便，下次到徐州公干还会再次入住。
0,酒店服务态度极差，设施很差，建议还是不要到那儿去。
0,环境不太好，大堂灯光也不行，没开几个灯，一进门感觉挺暗的。
1,服切，所有服人到客人都打招呼，房置高雅。酒店在道旁，出入方便，但啥地方逛街，後面有菜市及夜市商，人出差非常合。入住天是冬至夜，我去小超市了一包，回到酒店大堂理助我吩咐房煮我吃，不到半小就送了，很切的服，下次到安！！
0,1.早餐是我迄今为止见到的最差的!简直绝无仅有啊!还好有几个鸡蛋可以稍微安慰一下肚子.2.地毯好像经过2次描绘:地毯+污垢!
0,2月2日，我在这里住了一晚。由于有事情需要处理，我到下午4点才退房。根据酒店前台告示牌的说明：12点后退房的，每超过一小时需收费20元，最多收取50%房费（下午6点前退的）。这样，我应该另外再付80元。当付款时，服务人员（经理也在）则坚持要收我半天的房费（全天是178元）。我就根据他们告示写的据理力争，后来，他们表面认可我的观点。然后让我刷卡结帐，由于他的终端机器上没有显示具体金额的数字，我输入了密码，确认了。结果等打印出来的签单一看，数字是89元，而非80元。我拒绝在签单上签字。（后来问招商银行，银行说只要打印出来就有效，不管签字与否！我就奇怪，那签单上的签字有什么用？）服务人员包括那个经理，见他们小把戏得逞，在一边暗自高兴。我觉得很气愤，为这样没有信誉的员工，以及他们的落后意识。也不想想，因为自己的不道德，导致消费者对他们公司也产生不信任，这种后果是区区9元钱能比较的吗？后来我投诉到总店，过了一小时左右接到这个店经理的电话。基本意思是，有两种方案，1、我去店里拿下9元钱（而我这时候已经在武昌候车厅等待上车了！）2、下次还住这家店，给我补，并且按照比写成优惠很多的价格和我结算。我心想，真是无聊的很。我去拿？可能吗？我叫出租来回还要40多呢，且不说我时间。下次住？可能吗？别说你这个店，整个扬子江我都不会选择了。这种小聪明，欺骗消费者，最终决定了扬子江将是一家没有什么前景的企业。大家在入住前也仔细考虑下，别因为自己良好的愿望而向我一样遭遇到没必要的烦恼。
1,地理位置虽说很市中心，但出入除了打的外其它交通都不是很方便。离万象城相当近。
1,游泳池的水很冷，小孩子被冻的发抖，不知为何？
1,今后去大连可以住这家酒店。房间整洁，也比较宽敞，上网速度很快，另外酒店比较安静，晚上休息的比较好。唯一问题是标间的两张床靠太近了，跟同事两人入住时就担心晚上会不会亲密接触，呵呵。
0,虽然是四星级的酒店，但是房间内部装修比一般宾馆还差，但服务员的服务还是不错。宾馆反馈2008年7月10日：赵王宾馆有普通间、标准间、商务间、套间等多种房型，目前，大部分普通间已经完成升级改造，携程客户预订普通间享受免费升级到新改造房型的优惠。
0,酒店服务意识很差，餐厅不能签单，说是怕消费的高于预授权。服务生明显没有经过培训。
1,环境还可以，就是空调太差，没什么温度。热水器没法说了，洗一半热水就没了，后面烧2个小时水都不热，换了房间还是如此，烧了一整夜第二天早上才有澡洗，我想我不会再去那了。
1,"对一个三星级酒店来说,他们做的已经很不错.酒店环境不错,很方便.服务人员很努力.特别很感动的是,在餐厅是,我要冰水.每次服务员总是不厌其烦的去做(他们没有冰水而是用开水加冰做).前台服务生也是一样。帮助叫出租车很耐心。房间也是不错。尽管没有无烟房间，房间里没有烟味（5楼）。不足的是浴缸墙上有发霉。而我自己不巧，健身房之类在装修，没机会利用。"
0,这个饭店真的很一般，感觉不太好。服务人员态度也不是很好，房间的水龙头出来的水开始相当长时间也是黄黄的。下次不会再去了
1,酒店环境不错，房间也挺干净，距离千岛湖广场也很近！就是牙刷质量不怎么样，一刷毛都掉下来了，满嘴巴的毛！早餐的酱瓜很好吃！
0,酒店位置还不错，附近就有不少饭店。由于是单行道车子只能停在酒店的后门，到前台要走点路，这点不是很方便。酒店的门童如同虚设既不会帮客人开门，更不要说帮客人拿行李了。前台态度也不好，对客人爱理不理的。房间设施一般，网速不仅慢还会经常断网。
1,地理位置对出差的人士来说还是很方便的，好找啊.
1,"我是春节来的,总体感觉不错,整个酒店被树林包围着,空气清新,虽然有些旧,但是三星的标准还是有的,这里的服务不错,就是离市区稍远,但是打的还算方便,总台可以叫车,5分钟左右就可以到市区,个人意见同,下次有机会的话还住哪儿."
1,离厦门市区太远，酒店没有车接送，自行前往很麻烦。温泉离酒店隔离一条大马路，无法直接前往，很不方便，必须走高架桥或坐酒店电瓶车绕路前往，如果是冬天客人穿衣服去泡温泉就会很麻烦。温泉确实不错，硬件设施比较齐全，但单独收费项目太多，没有在进去之前说明，原来以为酒店昂贵的房间价格包含的温泉票就包括温泉的消费，真正进温泉才知道不是这样，温泉内部大大小小的收费很多的。另外，酒店的服务态度不很友好，特别是财务人员。
1,很一般的五星级酒店，周边的环境感觉很乱
1,订的是标准间。房间设施本人认为4星稍微差点，服务4星没有问题。早餐也可以。就是地理位置偏一点，但秦皇岛不大，还可以忍受。
1,"房间还是不错的.至少在酒店式公寓里算是好的.前台不是很热情,毕竟是酒店式公寓,不是酒店,所受培训不是很够.酒店的ShuttleBus很方便,司机师傅也很热情,很好.推荐入住."
0,服务态度还可以，离景点也近，一入住的时候觉的还不错，可是晚上被咯吱咯吱的声音惊醒，还以为是床的质量不好，可是一开灯，发现一只老鼠正在肯我带去的小麻花，而且还和我们对视一分钟后才跑了。把我恶心的把所有的零食全扔了。告诉酒店，前台说让服务员过去看一下，难道老鼠还会乖乖的等你来看吗？退房的时候又提起此事，找经理说没上班，一句对不起就把我们给打发了。小地方的酒店真的不能住啊！
1,订的商务房，虽然很小装修陈旧，但是家具倒是很有古都特色，早餐一般，但却是25楼的旋转餐厅用餐，看楼下的牡丹广场很不错，可惜洛阳的天老是阴霾
0,"这是我住过的最糟糕的所谓的4星酒店!酒店的装修很粗糙，我住的大床房,很硬.地毯很脏，大片的污渍。卫生间洗澡的喷头喷出的水打在身上要多难受有多难受!酒店特别靠近马路,早晨想睡个懒觉早早就被吵醒了.我不知道他们的星级是怎么评的,要我说连三星都不算!不如住如家。"
1,不好的地方就是我们搞不明白这么差的兴安县城怎么会有那么好的酒店，呵呵，乐满地我们没有去游，可能是因为那里吧
1,酒店设施看得出来质量不是很好，细节都很粗糙。服务还可以
0,携程当天预定的房间，在1个小时都不到的时间到达酒店，却被告知已经没有该房型了，我不知道这个酒店是怎么管理的，如果没有诚信做预定，那就不要挂靠在携程上！而且还向携程反馈了不真实的信息，明明是入住了，却反馈没有！这次预定是给我的客户预订的，却搞出这等麻烦事来！以后不会再考虑这个酒店了！
1,大堂不怎么样，可房间住得很舒服。最满意的地方是酒店的大堂副理和客服人员，对顾客的要求可以及时，尽心尽力的去完成。让人有家的感觉。借此感谢一下他们。
0,刚回成都没有地方住，就只有在等朋友最近的地方定了紫薇。去之前很担心，因为该酒店的评价一直不是很好。到了大堂果然失望，服务人员就像刚从周围打工市场招来的，连衣服都不怎么干净！态度还很冷淡！房间里面最大的缺点就是设计问题。阳台的玻璃门打不开，整个房间没有办法透气，很闷！！不过早餐还将就，服务还可以，才算得上四星级的酒店，其他的，真的很让人失望，大家最好还是不要去的好！！
1,非常感谢携程为我们安排的酒店我们对该酒店的服务表示满意，希望携程的服务越来越好，为携程的贵宾提供更优良、更全面的服务。
1,"这个宾馆服务很不怎么样?当然,如果谈到房间内部肯定非常好,比HYYYAT,喜来登...,都要好.但是问题就在这个服务上(除了二楼意大利餐厅热情的迎宾女孩子),其他人不冷不热的,还有一进门的接待设置简直""自以为聪明"",以为在门口可以提前找预定,事实在笔记本上找非常浪费时间也不效率,我们就在门口站着等她找了3-5分钟,不得不到前台.....这个门口""笔记本""接待简直就是胡闹!酒吧很没有意思!其实整个酒店的地理位置也不怎么样.....最后我们一行人换到了金茂君悦住,感觉好多了,再也不住外滩WESTIN了."
1,"上周末刚去杭州游玩回来,住的是这家新侨酒店.也是从携程订的,我的感受是:1)酒店位置真的很不错,离西湖非常近,而且在解放路上,又方便购物又方便找路.力顶!2)房间不知道该如何评论,我订了一间为大床房,在7楼,另一间是标准间,在16楼.感觉上7楼的房间比16楼的标准间要来得旧一点,我是说装修和设施的感觉,但是7楼的大床房反而倒比16楼的标间要贵.这个可能是房型条件所约束了的吧?3)门口还是有较多的人上来兜售西湖一日游包车,茶叶等等,很烦.4)酒店旁边的永和服务质量超差,叫了东西等了很久也不来,东西也做的粗糙不好吃.等去跟他们交涉的时候,他们的态度还很不耐烦.可能附近就这么一家快餐类的点心店吧,没有KFC和麦当劳.5)自驾车在酒店有免费的停车,很好.总之,我比较满意,特别是地段和免费停车的服务.下次如再去杭州,有机会的话还会住这家酒店.宾馆反馈2008年7月25日：尊敬的宾客，非常感谢您选择入住我们酒店并提出了那么多宝贵的意见。您提出的第三点意见，饭店非常重视，也已让安全部加强管理工作，尽量避免在酒店门口出现这种现象。至于房间问题，应该和装修风格有关系，而价格的确是根据房型来定的。您提到的KFC和麦当劳，其实饭店周边是有的，都在延安南路上，步行约5分钟。您下次入住我们酒店时，如有这方面的问题，可向总台服务员咨询，我们将随时为您提供帮助。"
1,"酒店设施还是很不错的,房间舒适,早餐也很不错;但温泉没有想象中的那么好,不管在设施还是在娱乐性上都不能和小汤山的比,不建议大家去泡....别的都还不错的!"
1,环境一般，房间还可以！交通不是很方便，服务也是一般化！
1,我是在海洋公园玩了一天，带着疲劳的身体在金钟打的到酒店的，原来以为打的会很贵，其实也不是很贵，因为来之前就打电话问过前台的小姐，从金钟怎么到酒店。前台告诉我坐5B就能到，结果是我在金钟下了车之后，不知道在哪里找到可以坐5B的车站，所以一狠心，就打的了，也就是27元港币就可以到酒店了。到达酒店，前台的小姐语气温和，速度也还挺快的，当一切手续办好之后，轻声地告诉我：已帮你升级到行政房。那一刻心里面是狂喜。上到房间，里面还不错，虽然不是很大，但也没有想像中的小（因为之前已经去过香港几次，再小的我们也住过）窗外就是民居，也能看到海。洗手间也还挺干净。放好行李，马上下楼去找吃的，附近还有几家没关门的小店，十元一碗的云吞面在香港来说是低消费。味道也还可以。白天再下去看的时候，原来那条街是个菜市场，作为一个主妇，顺道也对比了一下价钱。才发现，原来我们的物价真的是太高了。有些东西居然和我们的是一样价钱。但，人家的收入是我们的N倍。不说了。总体来说，这家酒店，从各方面来说还行。不次如果有机会去香港的话，我也还会选择这一家酒店。不过就是觉得酒店的价格偏高了一点点（HK715）。或许是暑假的原因吧，如果平时去可能会低一点吧。而且每天的价格不一样，有点像海鲜价。
0,"房间又小又不开空调,然后边上施工吵得要死,电梯没两分钟你别想等到,看似一幢很高的楼,其实才7--15层是酒店!说好1411是情侣房,到后来结帐又说情侣房也算商务房的价格.(实际上从价格单上看,情侣房跟普标一个价,比商务房便宜的)宾馆反馈2008年5月8日：现在已经24小时开着空调,周围的施工已经完成了,客人不会再受影响."
1,"服务非常到位,无论工种酒店员工都很热情,有的时候不是他们的服务范畴,也会热情上来关照,酒店的花园超大,很适合散步.唯一欠缺的是酒店房间的地毯总是有一股发霉的味道,房间的被子潮乎乎的.总是软件不错,硬件有待改善."
0,本以为携程推荐的错不了，而且房价是800，以为是比照四星打造的由几幢别墅的联合体，但去一看，失望到极点，只是私人承包的别墅，而且我用信用卡担保的房间竟然被人住好了，本想和CRRIP理论，但那老板还上路，跟我们协商，只是周六的房间的确紧张，只能接受，最后住到238号，交通太不方便，从皇后饭店开始得爬100个石阶才到。房间的卫生间卫生状况不行，水龙头还可以，是摩恩的。第二天的早饭，只有粥和淡馒头，鸡蛋还是限量供应的，小朋友是没有的，强烈建议去山上住莫干山山庄，去看过真不错，只是双休日估计房源会紧张。千万别住私人承包的别墅，第一次对携程推荐的星级产生怀疑。
0,订的豪华标间，738元的价格，住过的同等对比是最差的。周边环境除了一地铁口没有其它，餐厅不行，周边也找不着吃的。房间小，住了两天还有一天晚上没水，宽带收费40，打印贡献了几十个10元。绝对不值。
1,广元现在最好的酒店，各方面条件都不错，下次还会入主。
1,我喜欢这个酒店，因为那里有笑容！因为方便！因为价格合理！还有登州路56号的青岛啤酒！到芜湖，经常因为仓促而订不到国信。一大憾事！
1,位置不错，去海滨浴场挺方便的，就是房费有点高。门口的出租车不好打，最好往北出了口再打车。服务很好，态度不错。
1,在上海这个价位住这样的酒店算很不错的了，我住的是标准间，房间是属于很宽敞的那种，卫生状况也不错，出门左转不远的路口有家南翔小笼很不错，可以解决早餐、午餐或晚餐，出门直走大约15分钟就到静安寺了，很方便。
1,我住的是虹口商务酒店，就在虹口大酒点的对面，相比较起来外观实在落差很大，酒店大堂也小的可怜但是入住之后才发现不错。优点：价格适合年轻人或居家旅行，性价比比较高。卧房和卫生间干净整洁，地理位置紧邻滨海大道（烟台人的骄傲，很漂亮），交通便利，环境很好。缺点：房间隔音比较差，内部设备有些简单陈旧（电视），大堂很小，和对面的虹口大酒店对比落差很大，并且大堂内常有鸡出入，很是不爽。
1,从市内打车要15元，偏远了一点，不过到了以后才发现环境不错，比较满意
1,地理位置还算可以，酒店房间有点旧，但不影响什么。只是房间的隔音比较差，旁边的进出房间和说话都听得很清楚。有时会影响睡觉。
1,"房间一般,花园一流,真正的花园宾馆,全国也不多见.很大,下了电梯还要走好远."
0,是第二次入住，因为离客户很近，图个方便。先说第一次的入住，空调不冷搞得房间像桑拿房一样，我把它归类为运气问题，略过不计，可是网络速度慢到只能用不可思议来形容。中国电信的宽频服务在这个酒店居然速度比拨号上网还慢，我算是开了眼界。再说第二次，从checkin开始，就让我决定了不会再来这个酒店住第三次，前台那个男员工，吊儿郎当不说，再加上一副爱理不理的腔调，问三句话还只勉强回了几个字，我想，那搞不好是老板的儿子，要不然我还真想不出酒店用这种员工的原因何在。早餐烹饪区的厨师也是不知道怎么教育的，老是躲来躲去，想下一碗面，站了半天硬是见不到人，后面服务台的小姐索性也装作没看到我，估计是希望多一事不如少一事吧。房间设备这次倒是正常了。想赶走一个客人就是这么轻而易举的事。没办法发现或管理好不适用的员工，那是酒店管理的问题了。我只能说，如果贵酒店觉得自己根本就不想做个四星级酒店，那我为了我的吹毛求疵道歉。也对绝大多数兢兢业业的员工表示歉意。
1,连着住了两次燕山，感觉整体环境还可以，只是房间里的配置比其他城市的四星宾馆差不少！竟然连吹风机都没有！卫生间里分别有淋浴间和浴盆，这点设计比较善解人意！
0,前台服务人员的态度差到极点！下次绝对不会再入住这家酒店了。
0,房间很小，设施的装修都不如它旁边的姊妹酒店，但其实两家价格相差无几。服务态度比较一般，自助早餐就在一楼酒吧里面，感觉比较差。老实说，到了才发现酒店后面是一片蔚为壮观的坟场，当即想要取消预定，但酒店死活要扣钱（据携程表述），不得已免为其难住了一晚。可怜我这次去香港还和女友一起，我们再也不会住这家酒店了。补充点评2008年7月10日：对了，这家店的门牌也是相当的诡异。也许是我们先看到后面的坟地的原因，上楼之后看所有的房门上都没有门票，正面墙上也没有门牌，我们都不约而同背脊发凉……还好我很快低头发现门牌在……地上的门槛石上，我瀑布汗――太吓人了
1,价格比较低。房间很干净。感觉很不错。当然，整个东北在服务行业方面的意识，与沿海几个大地方还是有些差距。这个宾馆身处长春，能有这样，就不错了。这个宾馆绝对值。下次还会去的。
0,第一次评价。为什么呢。因为该酒店结算的时候多收了我50元钱。说是消费了：一把刮刀15元，另外35元是保健品。可是，苍天为证，我根本就没有用过那所谓的保健品。当时退房时也没有过多和他理论。让前台算就算进去好了，可是一再强调没有用过。前台MM还好，说要确认一下，不然不能乱收你钱的。确认了一下，服务员还是说没有掉了。呵呵，真是见鬼了。补充点评2008年6月9日：补充一下。酒店的隔音很差。门里门外，没有区别。然后性价比还是有的。当然也有好的一面。大家可以入住。
1,入住鸿鑫感觉非常好，印象最深的就是服务生非常热情、尽职；酒店位置也不错，出门走3、4分钟就是购物一条街，两边都是商场。酒店房间的环境也不错，我住的是豪华标准间，比较宽敞，也很干净、整洁。总之，下次去乌还会住那。在这想对携程提一点的是，我在前台问了一下，豪华标准间打折后的价钱是260元/天，普通标准间的价钱是200元/天，而通过携程定豪华和普通标准间的价钱都是200/天，也就是说普通标准间通不通过携程预定都是一样的价钱，这个就有点说不过去了，希望携程再接再厉，努力为会员提供更大的实惠。
1,说实话初次到绍兴，住这个酒店比较好，为什么呢，因为离景点都比较近，条件还不错，房子比较有特色，只是楼道慢陡的，接送的师傅人比较好，服务员也还不错。
1,感觉还不错，房间干净，舒服，具有五星酒店的质数，服务态度还可以，因为觉得服务员有点冷淡。最不好的是地方比较偏，酒店所处位置说得好听的是新城区，直白的就是差不多就是郊区了，好在汕头并不大，到市区繁华的地方也花不了多少时间。另外，酒店附近有一间酒楼，名字叫快活海鲜城，不错。装修上档次，但价钱不贵，出品好，值得推荐。
0,我是11月份去住的，当时见网上评价不错。但到了才发现，总体感觉比较脏，11月份的北方天气了，房间内竟然还有苍蝇！下午打死两只，第二天早上，发现房间内竟然还有一只。更可怕的是，晚上睡前打死一只蚊子，到睡时，还有一只一直在骚扰我，一直到半夜才迷迷糊糊睡着，也不知那蚊子到底咬我多少血。补充点评2007年11月20日：房间内有难闻的味道！但前台服务员的服务还是不错的。
0,非常非常一般的酒店，无法跟如家或者莫泰比，居然还称之为是环保经济型酒店，汗啊。第一次见到房间里有燃气热水器，还是“前锋”的，是那种开了之后发出哄哄声响的！！！床也不舒服，垫被会移动，毛毯。。。古老的毛毯啊，已经十年没见过乐。唯一称赞的是地理位置，附近吃的喝的倒是有很多。
0,"总体感觉比较差,房间家具老旧,商务套间的地毯居然到处是黑斑,让人看了心里非常不舒服。我们因为工作关系，每个月都有几天住在昆山，我的同事们也一致评价誉兴太脏。以后只要有其他的选择，坚决不住誉兴。"
1,经济实惠，房间毛巾不够白，千万要住8层以上，4层的KTV太吵了！
1,"酒店卫生干净，感觉不错。免费早餐比较丰富，家人都表示满意免费注册网站导航宾馆索引服务说明关于携程诚聘英才代理合作广告业务联系我们Copyright1999-2008,ctrip.com.allrightsreserved."
0,从徐州出完差假道回厦门，原来想好好放松一下，因为是晚上九点钟才到，所以预定了高级房，无所谓前台服务怎样，拿到房间卡片开门一看，跟携程图片完全两样，典型九十年代中的装修，没所谓，我只住一晚，将就了。毕竟提前放置在房间的水果，还告诉我是携程的客人，但随后而来的服务员改变了我的想法，她直白的告诉我，总服务台叫她将水果撤掉，问原因，送错而已，但是携程网站上是有送水果饮料的，我很尴尬，我打电话询问携程，客户专员会协调，最终反馈到我这里时，只是简单的前台不知道我是携程的客人，不知道我是携程的客人，他如何知道预定的房间是高级间，如何知道我几点到达？我不清楚是不是我们的衣着打扮不得体，还是我们是小地方来的引来这种问题，还是真正由于工作人员疏忽引起的。可惜了，原来我本想去1912的，没了心情早早睡下了。（稍后我拒绝了大堂经理，升级房间，延迟退房等道歉方式，来稍稍抗议了下我的不满）我想下次去南京，我会慎重考虑下我的选择。
1,广交会期间没有免费饮料吧了，没有免费长途电话了，可还是想来住~~不过，广交会结束了以后还是没有恢复之前635送100元代金券，饮料吧免费，及免费长途电话的服务，有点想不通。有段日子没去了。
1,环境非常的好，服务也非常的热情、周到下次还会住！
0,除了地点靠近地铁，几乎未发现其他优点。房间有异味，卫生间有污渍。最难以忍受的是电话和网络：电话机拿起来就是怪异的忙音，要连续拨打七八次才能接通一次，问到前台，答曰确实有这个接触不良的问题，没下文了，眼下之意您就忍着吧！当面告诉了前台，我要开通网络（虽然收费20元/天）。答曰：没问题，这就开通，自动分配IP地址，不需手动设置。可回房后发现连本地连接都没有，联系前台后，有了本地连接。但是试了半天也无法打开网页，再联系前台（已经快崩溃了！），十分钟后服务员过来，胡乱指点我删掉了公司的IP地址（只是备用设置，不是默认连接，根本没必要删），然后才将默认连接的自动获得IP改为了他们的手动地址。彻底晕倒，，，，，，，，以后再也不敢住这样的酒店了，也请携程对用户负责些！
1,1、上网速度不错，很流畅2、早餐品种太少，但是有现煮的面条、米线等，还可以，油条非常难吃3、没有送水果4、床很大很舒服
0,住了特价的房间，实在是差的没法说了，房间小得完全出乎意料，像个剩余的角落留出来的空间弄了这么一个房间。还有停车场，实在不方便，而且地下三层，而且非常的陈旧，去停车场的电梯怕怕。第一次遇到这么差的停车场。下次不再去，永远也不去。宾馆反馈2008年8月4日：尊敬的客人您好，首先感谢您对酒店的评价，对于您在酒店的遭遇我们深表歉意，酒店除了特价大床房之外还有其他多种房型可供您选择，对于停车如您遇到困难可向前台与酒店安保部门联系，我们会第一时间为您解决。我们还是希望您能再次光临，在下次入住之时会给您一个不一样的感觉！
1,旧楼(1)房间内设备较差，淋浴室的门坏了没修，以至浴室很湿
1,"酒店房间不错,还有厨房,就是大堂小了点."
0,外部环境不错，但房间太旧了，晚上睡觉阳台门须用东西顶住。性价比不高。
1,房间不算太小，床不错，虽然不太软但也挺舒服，干净。最大的问题是上网太贵，HKD70/HOUR，抢钱似的，为什么香港的酒店都没有免费上网呢？
1,总体不错，价格实惠，就是酒店周围的环境较差，乱哄哄的样子，房间也还不错，大堂的CheckIn的时候还算好，退房的时候实在是太慢了。主要的缺陷在4，5和6楼是对外开放的娱乐场所，形形色色的进进出出大大降低了酒店的品位，尤其是商务酒店的品位。
1,所谓商务间和普通间的区别就是多了台电脑，对于自带电脑的商务旅客完全没必要多加100元，其它都好。合肥的出租车态度很差，可能是因为这个城市出租车比较少。
0,地理位置不错，距离商业中心政治中心和黄河都很近。但是服务太差，连东部地区的三星都不如。1。白天门童公然和闲人说话而不招呼客人2。在酒店住了2天，没有一个服务人员遇到的时候主动说“你好”3。早餐太差，品种少，服务差。如果不主动要，是不会有服务员问你是否要咖啡的，而煎蛋的厨师更是绝大多数时候都不知去向，在的时候也态度很差。4。酒店开业时间不长，但是地毯等都很脏了，连棉签也没有。5。酒店结构奇怪，感觉象是按政府办公楼设计的。6。电梯速度非常慢，一共3个客梯，控制纽居然不是联网的。7。任何人都可以用客梯，我就见过送快递的、送饭的等人。8。大堂副理/经理的位置是空的，只见过几个军人经常坐在那里，好奇怪。总而言之是一个非常不愉快的经历。我是8月18日入住的飞天大酒店，后来因为觉得太旧了而在21号换了这个酒店。但是这个酒店比飞天大酒店可差多了，真是一个错误的决定。（可以参见我在飞天大酒店的评价）补充点评2006年8月23日：大床房的大床根本就不大，最惊奇的是早晨服务员收拾好房间后，我回去一看，椅子还是我走时候的样子，根本没复原，而我扔在地上的一次性拖鞋的塑料袋子居然都没有收走。根本没有开夜床的服务。水的桶装水，有一次水没有了，我打电话20分钟后才送过来。太差了，建议不要住。
1,前台小姑娘很有意思，经常入住，都熟了，呵呵
1,服务好。环境安静、位于国贸商业区，交通方便。就是房间内有点暗。不过相对于价格，还是瑕不掩瑜。
1,１酒店的服务非常好，就连酒店做卫生的阿姨都会很有礼貌的对小朋友打招呼，是我在其他酒店没有感受到的，非常适合居家度假入住。２中餐厅很有特色，乾隆一品鱼头很有特色，半个鱼头３．６斤，再加两个小菜，一家三口可以吃的很饱。３室外游泳池一定要去，免费的不享受可惜了，白天晚上的感受不一样。相比之下千岛湖旅游项目倒是逊色了很多，不如在酒店好好享受了。
0,前台服务员着装不整洁，有穿工作服的，有穿便装的；使用信用卡，本以为是刷预售权，谁知道刷完才说不能刷预售，只能刷消费，也不提前通知，而且态度恶劣，恶狠狠的说：“住一天！刷600！”，搞的好像我欠他们钱一样。房价与当地的一些单位的协议价格还是有差距。
1,"为什么协程的早餐要68元啊，我上次由于日期预定弄错了，到酒店才发现。总台按协程的价格给入住的，但早餐只要20元就可以了补充点评2007年11月1日：这次入住的是498的房间，用了早餐(68+10%),程的是68元。酒店的解是因用餐之前有和前打招呼，所以要收服务费的.岂有此理!!!协程也没在网上要我选择要不要预定早餐啊.我既然是通过协程预定了酒店,而且标注了早餐68的价格,我想入住的客人理所当然会以这个价格为准,和酒店交涉无果,只能交钱走人."
0,超级的差，用信用卡预付房费时和结帐时，都是把信用卡扔出来的。房间又脏，而且订的并不是那种经济间，是商务间。房间还有蚊子，要电蚊片却没有机器。
1,经常出差在外，住了很多酒店，无锡木棉花真的不错，前台的接待服务员都很平易近人，尤其是秦经理，让客人有种回家的感觉。宾馆反馈2008年8月12日：相信有了您的认同和肯定，我们的服务会更上一层楼，代转秦小姐对您的谢意，酒店全体员工期待你早日回家！！呵呵！！
0,环境较差，马路噪音非常大，而且房间之间的隔音处理得不好，睡在床上能听到楼道里的讲话声。房间偏小。另外，离机场非常远。出租司机走外环线，说是速度快，但走了40多公里。饭店周围的环境很乱。
0,"感觉硬件太差,下次不会去,价格还不低,服务态度一般."
1,这次的价格比以前贵一点，但是还是客户来住的首选。环境非常好的，服务也好。出了门口的服务生呆呆的，其他都赞。
0,"一次难忘的经历,第一天入住后,便把自己的饮料放入冰箱,平时自己都爱喝凉的,晚上和客户一起去吃晚饭,等回来后想喝饮料时,冰箱却被锁了,晕啊....我想出差在外的朋友们也不会碰到这类的事吧,然后打电话给客服,过了好久才来了个服务员,说来开冰箱,因为等了好久,一气之下,叫他把负责人叫来,又过好久才来,解释到因为今天有什么团体,要把房间消费的东西都拿走,我想我下午入住,住的时候还没拿走,晚上就锁了,我和老板3人一起开了3间房,就我被锁了,下面开房间的人是不是傻了啊,以后不打算去了,周围还有很多可以选择."
1,"非常不错的一个酒店,我住的是标准大房,388一晚,很值,需要提点意见就是厕所里的地板排水严重不行.冲完凉后厕所地板上的水一直流不走,最后没办法拿浴巾来当地板...中餐不错,床.简直就一个爽字.超大!"
1,真如其他会员所说，隔音效果真的是一塌糊涂，隔着3件房间，都可以听到他们的电话铃音。并且强烈提议，酒店的床单，被套等一类，换成白色的。感觉上会比较干净！另外总结一句，携程的介绍还是比较符合实际的。另外在临安市是第一高楼了。大概在20层！补充点评2007年7月30日：希望可以在房间内增设冰箱。
1,因为看到各位携程网友的留言评价很高，就顶了。入住之后，果然名不虚传，服务非常好，酒店的设施也还不错，酒店的地理位置在市中心，去哪里都很方便。餐饮做的也很好。下次一定会选择。
1,"我订的是主楼的房间,房间不错,酒店周边环境较好,有宽带,我住的九楼有个公共大阳台.酒店的早晨品种比较多,但是品质一般,服务员态度热情,但是业务水平有待提高:例如给我的房卡第一次开不了门,要到前台重新制卡才OK."
1,这家酒店性价比还是很高的，入住的是行政楼层单人间，给客户订的是行政楼层双人间，酒店内硬件设施很好，免费宽带上网，早餐丰盛，而且酒店更准备了免费的行政楼层下午茶和晚间鸡尾酒，虽然由于时间紧没有享用到，但给人感觉非常好。员工也很热情，服务也好。酒店距离地铁也很近，而且和一家商场紧邻，购物也很方便。唯一的缺点是我办理入住手续时，大堂办理速度比较慢，我排了将近30分钟队后被告知是行政楼层房间可以到行政楼层接待处直接办理入住手续。哎，如果能够在酒店里有直接说明就不用排这么久了。很辛苦啊~综合评价，我还是比较满意，尤其能令客户满意我也很有面子。
0,"感觉这个酒店很一般,隔音特别不好,窗户都不是中空玻璃的,又临者马路,相当吵人,一夜都睡不好,房间的隔断也挺次,旁边房间讲电话,这屋听"
1,300多的价格入住这家佛山历史最悠久的酒店也真是值得，起码起到缅怀历史的作用，要知道它是广东第一家具有楼顶国产旋转餐厅的酒店。推荐这家酒店吃的地道，很具佛山本地特色，不管是二楼中餐还是楼顶的旋转餐厅用早茶、午饭、晚饭都可以，价格平民化，不像一些带个旋转就一定来个套餐。如果是初次来佛山，推荐入住这里。酒店服务设施难免老化，但是还过得去吧。房间10多平米，不大；附近就是佳宁娜听说那里的房间更加小；附件游览的地方是百花广场（商业广场），祖庙
1,这个价位住到这样的房间对我来说是惊喜，订的商务大床房，很夸敞舒适，房间最里面顺着靠窗的地方走进去居然是个小小的书房，很不错！
0,"这家酒店充其量只能算是三星,无论从硬件还是软件方面来说都达不到五星的标准.我9月14日网上预定了三个房19日入住,结果到了前台被告知没有收到预定单,经过和携程联系后等了足足半小时才入住,这其间没有得到前台一句道歉的话,而且还把我们几个房间分到不同的楼层,说是没有同一楼层的房了;可事实不是这样的,后边我们同行的还有几个朋友入住都分到我这一楼层,证明不是没有房间而是前台有意刁难.到前台与之理论一番之后才把我们几个房安排到一起,真是让人生气,以后再也不会入住这酒店了.另外在前台直接办入住是488,携程的价格是588."
0,"到半夜竟然没暖气,怎么住啊????!!!!!!!!!!"
1,在潮州这样的城市还是不错的.整体性价比.早餐内容也比较丰富.
1,"我订的是318元的,但我觉得240元的风格更好一些,有一张可以半卧的沙发.建议大家订普通间!"
1,这是我出门住过的性价比最高的酒店了～～～服务很好，房间也没漂亮，开开窗就是滨河路的景色～美中不足的就是酒店大概有KTV包房，晚上12点前在房间里都能听到好大声音的音乐……其他的服务简直好极了～以后希望还能入住。呵呵就是莱西地方太小了
1,晚上泡温泉之后已过八点，只能够选择在酒店的中餐厅吃饭，朋友和家人对菜品的味道赞不绝口，可以说是我们假日出游所最意想不到的收获，所以特别在这里对酒店做出鼓励！
1,再次入住该酒店，不过这次入住的是标准房，在4楼。房间的设施其实和豪华房是一样的，只不过因为3楼是夜总会，晚上有点吵，而且外面走廊的地毯有点脏。另外，早餐还是和上次入住一样，10点多一点就很多东西都没有啦，而且那天还是星期天。
1,"酒店总体可以,出门交通不太方便，离市中心较远，房内设施有点旧,电视机太小且旧,配不上五星级。饮食酒店配套还可以，中式，西式，日式都有。要提的一点就是房间没有提供收费的卫生用品（如一次性毛巾，安全套，清洁洗液等），我打电话要安全套，酒店房间清洁阿姨跟一同童装束的人抢着送来，一问之下每个收费50元，也太贵了，难怪他们抢着送来，可能他们在赚外快，不知道酒店对这方面有没有管理。"
0,"这酒店太烂了，左、右及后边是3个大型的娱乐场所，吵闹声一直到凌晨3点多，酒店隔音很差。房间装修很俗，中央空调声音很响。宾馆反馈2008年7月15日：尊贵的客人，谢谢您对本酒店提出宝贵的意见。我们非常地抱歉在您入住本酒店期间给您带来的不便,对于您提出空调响的问题,我们酒店管理层非常重视,马上找专业人员改善空调的问题，今后我们将不断改进我们的不足,为您及所有宾客提供更优质服务,再次感谢您,并期待您的下次光临,谢谢!"
1,地理位置好，主要是韩国人入住，早餐韩式的，房间比较干净，洗手间很小。
0,"了二次房间,第一间在洗地毯(前台竟然不知!!??),第二间房门不用钥匙就能开,到第三间己经不是预定的大床房....窗外还有一个蜘蛛在结网"
1,"说不清是第几次入住了,一般到成都就住在这里,感觉确实不错.不过以前我住标准间的时候,明明浴缸上是有浴盐的,不知道为什么现在没有了.问服务人员,说一直都是只有套间才有,这肯定不是,以前我是用过的.不过如果打电话问他们要的话,还是会给.这点还可以."
0,酒店位置十分偏远，交通，购物，餐饮极不方便
1,我5月30日入住，6月1日退房，但比较离谱的是当我5月31日外出办事时，回来竟发现房间已经checkout，当时我极其郁闷，酒店也很纳闷，幸好房间我没有放任何私人物品。还好，酒店的应急方案不错，并送了一份水果致歉，最好告诉我说是新来员工摆乌龙，这个理由有点勉强。
0,2008-01-6日住了一晚288的豪华套房，原本打算住两晚，结果一个晚上就受够了，酒店是在是垃圾，设施陈旧，隔音效果差，门外走廊内的脚步声在里面听得很清晰，价格也没什么竞争力。房间内的服务手册与实际一点也不符。说是有室内小酒吧，结果什么也没有。而且手册上明明写的可以随时打电话叫服务中心人员来添加，最后退房时在总台结帐。结果打电话过去，服务中心却告知打另一个号码。打到另一个号码却是一楼的一个商店，跟酒店没什么关系，而且不能总台结帐。房内送餐同样是一个德行。而且服务中心的人员还振振有辞，说什么服务手册是很久以前的，跟实际情况有出入是很正常的。真是差劲的要命！质问携程：怎么会跟这种差劲的酒店合作？大家的投诉这么多应该早点将其列表中删除才对。再这样下去真的同样对携程也没信心了。
0,"酒店设施陈旧.家具很旧.电视很小.浴衣好像不是新洗的,而且就一件单布的.房门不隔音.没有免费的速溶咖啡和茶.预订时携程说酒店设施是四星级的,太失望了!"
1,补充：大堂服务的人员太少，感觉不太像四星级酒店，早餐78一位，不知道是不是搞错，记得午餐只有38
1,根据大家的点评选择了这家酒店，总体感觉还是很不错的。此次预定的豪华A，因无房免费升级到行政间。房间比较宽敞，干净整洁，隔音不错，服务很温馨：千纸鹤，小便笺，还有清凉的绿豆汤和水果。点点细节体现着一个四星级酒店的服务。满意。再说点小插曲。在前台，服务生查看了预订情况，推荐我升级，我谢绝了他们的提议。之后说我订的是双床间，我说我要大床间（貌似预订时是无法选择大床还是双床的），接着便打电话询问有没有豪华大床间，听着他们一会儿说有一会儿说没有，弄得我一头雾水，最后告诉我：现在没有房间，因为这是酒店的缘故，所以给我免费升级。这个小插曲虽然让人有点不快，但终究本着顾客是上帝的原则去解决问题，比较满意。以后还会选择这里。宾馆反馈2008年8月13日：感谢您选择国宾大酒店入住并对酒店予以认可。看您的评论，猜想您可能是通过网络直接预订的房间吧？通过网络直接订房没有对房间特殊要求的选项(例如大床等特殊要求)。如果订房对房间有特殊要求，建议您拨打电话预订，酒店和携程的预订人员会共同做好记录，按您的要求提前准备房间。携程订房电话：800-820-6666，400-820-6666（手机）；酒店订房电话：0311-86911999。再次对您的点评表示感谢！祝心情舒畅，一切顺利。
1,本次入住的是商务双床房，基本满意。房间空间比较大，环境和布局都比较好，在整体的空间内体现出卧室和客厅的格局，客厅完全可以接待三两个朋友。电脑是dell的电脑，性能基本主流，网速也令人满意。不足之处：卫生间空间比较小，但整体是满意的。酒店门口停车比较麻烦，行李必须从路边拿下来走到大堂，而门童的服务意识也不是很强。餐厅关闭时间太早，晚上9点钟就不提供服务了，要知道在酒店附近想找吃饭的地方可不是很容易的。
0,宾馆没有晚餐，附近也没有什么餐馆。网速时快时慢，常掉线。我去时正维修，没凉水，热水没法洗澡。房外车太吵，让人睡不着。宾馆里没东西卖，什么都没有。很差。宾馆反馈2008年6月18日：由于酒店开业前期给您入住造成不便表示歉意！现在酒店二楼餐厅已经正常提供中晚餐。冷热水管道已经改造完毕，已经正常稳定。前台商品柜已经配备各类小商品，正常供货。欢迎您的再次入住，提出宝贵意见。
0,差差差，太差了！不是一般的差，我希望以后携程不要再推荐这样的酒店给我！！！
0,经不住携程这么多好评的诱惑，本来不打算再来住的，决定再体验一次，以决定取舍，果然这次基本没再让我失望。上次住的358元精致客房，这次住的456元的行政套房，唉！一分钱一分货啊。卫生还可以做得再好一些－－床单上有多处黑迹。细节还可以再注意一下－－餐券上怎么没有时间？还得再打电话去问；卫生间排气扇噪音太大了，感觉跟在飞机上一样；装修用了太多玻璃，有点眼花缭乱，卫生间应该用不透明的门。2007年11月15日点评的时候曾经提到“君临天下”，后来还真去住过一次，感觉就仨字－－“很失望”，浪费了这么高的大楼和这个好名了，装修太业余，没档次，服务太差，11.18去住，居然没有取暖措施，也不告知客人，害得我空开了一宿空调，直接冻感冒了，在前台结账的时候，发现服务员也感冒了，症状很明显了，还“带病坚持工作”－－不想想对面的客户什么感受？正赶上发票用完了，站那儿干等着服务员用了五分多钟才换上新发票，自始至终就没一句表示歉意的话。补充点评2008年2月29日：不好意思，2分点评是给“君临天下”的，给宏裕4.2分吧。
0,"太差了,千万不要订这家酒店!!!!表面看着很气派,其实房间在后院,而且一边在锅炉旁边,一边在路边,房间还不隔音,所谓的大床房其实是最小的房间,就一张床的大小,关键是吵的睡不着,厕所有味道.早餐就更普通了,总之,千万不要订这家酒店!!!!"
0,我和MM14日入住的此酒店，第一眼感觉还行，checkin后发现房间极小，隔音效果极差，大白天走道的声音都特大，唉！郁闷啊。第二天我们下午回酒店时发现房间还没有打扫，问了服务员说是酒店要求他们先打扫退房的房间，人手不够所以就没有来得及打扫，酒店的管理和人员配备应该加强！！此酒店带来很多不便，下次不会再考虑入住
0,"本来不想评价了,但为了携程的携粉们,还是说一下,这称不上是酒店,细说就真没必要了,就一个字:差"
1,我是6月5-6日住的，主楼园景双人房，对酒店非常满意，设施还算新，房间够大，布置也不错，大堂够气派，服务也好，酒店外就是白鹭洲风景区，一出酒店就是湖，非常舒服，而且地段也不错，10元就能到中山路，送的自助早餐不错。如果下次去厦门，我也会再住这里的。
1,整体感觉还可以吧，价格方面在厦门还算可以，叫了餐服，服务态度还不错，房间感觉不是太好，用的洁具都很一般
1,"酒店设施还可以,服务也不错.值得一提的是:早餐不象是所谓的五星级的早餐.门童的服务也不到位!其他都还好!"
0,酒店设施不差，只不过由于前身是一家烂尾楼改造的，整体太空旷，而且很多房间没有窗口，预订的时候需要特别注意。所谓的行政房绝对不能够去住，厕所和冲凉房是在一间房子内用玻璃隔开的，洗手盆居然就在床边，匪夷所思的布局，还居然是行政房。服务员素质极差，我通过携程预定，写明两个男人入住，居然只保留了一间单人床的房子，还坚称“携程没有说明要两张床”
0,轻轨虹口足球场站下来是西江湾路400多号，店在700多号，不近也不远。在预订时间内到达，前台告知订的商务房要再等3小时左右才有空房，建议换成同价位的标准房，于是入住标准房。房间设施马马虎虎：台灯有两个，一个写字台一个床头柜，不错；电视剧有点小，而且经常信号不清，画面模糊；窗正对轻轨，因此有点吵；窗边的墙面已经烂了发霉。另外，夜里十二点多洗澡时热水不足，不过早上恢复正常。进楼道也需要刷房卡，安全措施好
1,非常好的服务，虽然酒店挂牌4星，但服务不比5星差，整个酒店的服务员都很热情，你所见到的每个人都会主动向你问好，该酒店在细节的服务上也做的非常好，如：你在大堂内入座，服务员马上会给你上茶水和毛巾，都是免费的哦；你下出租车，服务员马上会递给你一张卡片，上面有你所乘坐的出租车号码，以免你万一有什么事可以找的到那辆车（因威海出租车的发票上没有车号）。如果一定要找一些酒店的缺点，那就是酒店的餐厅上菜的速度较慢，而且不要点川菜，因厨师不太会做。但不管如何，下次我去威海，还是会去该酒店入住。
1,"各方面都还不错,只是前台接待不知道怎么想的,我和她说要2个房间靠一起,不在一起也要近点,她还是给了个319和325房间,这2个房间各了9个房间!!牛!还和我说只隔3个房间!不知道怎么想的.更晕的是我们入住的当天下午我隔壁才有人住,我们入住的时候都没人住,晕啊."
0,"实在是差啊!!我当晚住的是双人房,三楼餐厅旁,一路的黑灯瞎火,还有一股味!!!"
1,"和其它如家一样,感觉不错.只是打车要说北纬饭店旁司机才知道."
1,服务热情，交通便利，早餐品种少点，但是比较干净，下次去重庆还会去住~~~
0,酒店是旧房改造，怪味根本无法忍受，若不是酒店不肯退当天的钱，我连这一晚也决不会呆。酒店没有提供饮食，旁边的永和超贵，没有什么好吃的。不明白其他朋友怎么给这么高分？
1,硬件可以，安静，无骚扰电话，比较舒适。出现两个问题：1.晚上好像停过电，电视机又突然启动，吓一跳。2.晚餐，自助没什么东西吃。早上较好。宾馆反馈2008年7月9日：多谢您的意见，我们会继续改进，尽量满足您的要求！
1,一般，没有特别的独到之处。价格方面也没有太多的优惠，反正总体来说，就是一般一般啦
1,"房间比较小,酒店设施可能时间长了有些陈旧.服务态度尚可,总的来说这个价格还算可以的,如果早餐能够再丰富一些的话就更好了."
1,住过两次了，第一次是出差，第二次是自己去玩。周边比较热闹，虽然不是吃饭购物最理想的地方，好在交通方便。房间宽敞干净，服务态度和效率也是蛮好的。在300-400元的价格段里，自感是携程协议酒店中性价比最好的一个。交通方面，直接跟司机说安内宁夏大厦就好了，胡同口有指示，行车时仔细留神可以看到招牌。
1,房间大小合适，装修比较旧。周边环境较好，离白鹭洲很近，步行只要几分钟，晚上散步不错。泳池是室外的，更衣室设施一般。房间的烟味较大。
1,酒店环境不错，不过饭店什么的很贵，稍稍消费就要1000元左右。江景房的视野开阔，很漂亮。他们有的是室外泳池，有2-3个池，很大，很干净，后悔没有带泳裤。
1,房间里没有电话，有点不方便。早上清扫人员的噪音太大，都不能睡懒觉
1,"这是我第二次入住了,非常不错的酒店.非常干净.整洁。里面的卫生间是我非常喜欢的布置。晚上12点回酒店的时候想吃点东西，厨师都已下班，在水吧点了份水果色拉，正好看见一只苹果，就问厨师能不能只把苹果切了，别的也不用放。那厨师居然说“送给你们吧，”我问多少不要钱吗？他说“不用了”。真是态度超好哦。从来没有见过这么大方的呢。每天都有当天的报纸。"
0,"餐厅很差,菜的种类水准都不行.酒店基本没有旅游配套服务,其实河南有很多有吸引力的旅游景点,但是实在缺少相应的服务."
0,隔音很差，又难找，老厂房改造，门口接待小的差点找到隔壁的酒店，上海人的小气
1,来江门出差一直都住这个酒店，觉得性价比还可以
1,"环境5星,自然氧吧名不虚传;服务4星,特别是开电平车的小伙子,总是露出自然的笑容,餐厅服务也不错,就是上菜慢了点.菜的味道不错,虽然有点贵(特色红烧肉西兰花打底:48,羊肉窜8窜薯条打底:24,毛血旺:28.早餐按照15元的标准,也过得去了.但没有西餐品钟,看到一老外围着转了一圈盘子里还空空的.哈哈,有待改进.本来想给个5分,但房间里的洗涑用品是个败笔,牙膏是那种家庭旅馆才用的那种中华牌,就是刷了没有泡只有渣的那种,建议自带牙具."
1,"服务不错,房间也很好,叫车比较方便,就是周边没有超市.另外,就是早餐实在是不与酒店成正比.一是品种太少,二是比较难吃."
0,"真是可笑,入住该酒店结帐时要多付一袋开心果的费用,他们点不清自己的物品数量,出了差错,埋单的竟是消费者.请问各位:这样的地方你们敢去吗?我选择坚决不再去.如果要我给该酒店评分,我给它0分,他们的服务给客户的好感全被结帐时愚蠢的举动所抹杀.补充点评2008年4月15日：建议大家到日照时选择其他酒店,祝大家在日照开心."
1,我住的是商务标，房间不错，很干净，服务也好！下回还会住。。。
1,酒店有两种房间，一种是豪华型的，是主楼，一种是商务型的，在副楼，但事情别选择副楼，附楼有点像民宅的感觉，有不安全感，主楼还是不错的，符合四星级的标准，更值得一提的是距离京沪高速很近，非常方便。
1,每次来福州都住这里，比刚开始贵了不少。不过就是喜欢他们家的羽绒被，比我自己买的舒服。不知道酒店考不考虑将被子出售，如果是新的的话。早餐也还不错。
1,酒店陈旧，但房间暖气供应很足，非常好！宽带速度很快，非常方便。只是早餐时的红茶，咖啡需提高，口感和颜色均令人无所适从。三楼酒吧非正常人能享受，特别是女性。一楼的大堂吧很冷，无法在酒店找到可以餐后轻松聊天的地方。
1,价格确实比较高，而且还没有早餐提供。携程拿到的价格不好？还是自己保留起来不愿意让利给我们这些客户呢？到前台搞价格，430就可以了。
0,太差。就差是露宿街头了。携程把这样的酒店包括进来，实在是很幽默。十堰还有燕良大酒店，据说还行，为什么不去联系？这样我们也方便一些。
1,位置不错，购物方便，但是房间太小，同等价位在东莞这个地方没有竞争力，服务一般，前台都不懂得英文，酒店也不够大气。
1,地理不错，大堂环境不错，房间设施齐全。不过早餐一般，不是很丰富。
1,"这次住尖东,其实也不是很不方便.走路到弥墩道或者去海港城都不远.离星光大道很近.房间是边套的海景房,还不错,很干净,面积也大.每天有两小块巧克力送。有迎宾的水果。海景嘉逸的大堂比较小，让人感受不到五星级，服务和早餐都还不错的，周围环境也好。除了海景，离公园也很近。比住在海港城附近更舒适。"
0,1、酒店门口的服务生对于客人拎着的行李无动于衷，2、当我们与前台说明通过携程预定时，两个女服务生均面无表情，说了声传真那边已经下班，我们不知道，后来我们又自己打电话给携程，在携程与前台协调期间，他们不肯让我们先登记入住，3、第二天早上起来用早餐，9点还差两分钟进入时，已经收拾得一滴汤也不剩，我们询问服务人员，他们抬头看我们一眼，一点回应也没有，4、到达那两天下雪，酒店大堂写着有军大衣出租，我们想租衣服，询问前台，又是一副欠他们300两银子的表情，说200押金，我们很客气的问能不能看看衣服，他们扔过来一句，没有钥匙，锁起来了，我真奇怪那让我交押金干什么，5、这一点客观来说，可能不是考酒店的错，但是管理真的也很差，我们两间房间半夜和凌晨被莫名其妙的敲了三四次门，本来就有点高原反应，这一来更受罪，都休息不好，6、房间的热水时冷时热，洗澡洗的都冻感冒了。总而言之，当时我们预定了建塘宾馆，就是因为临时停电才换了饭店，两个宾馆的服务简直是天壤之别，第二天一早我们就走了，这个宾馆给我的印象太差了，以后再也不会去。补充点评2007年11月16日：补充一下，我们的车子上有积雪，问宾馆借拖把打扫一下，态度非常傲慢，不肯借！
1,"设施比较陈旧了,但携程的房价确实比实际的门市价便宜了很多.离蓬莱风景区比较近.住的商务大床间,屋子很大,其他都很一般."
1,"城市不错,房间也很好,很大的房间和床,就是前台服务不是很及时."
1,酒店真的不错，就是早餐都是韩式的有点怪。
1,位置、设施都不错，价格也还可以，就是隔音太差了，被隔壁吵了一晚上
0,1，整个房间找不到一个纸巾2厕所里没有抽风机，不知道是不是以前有人投诉过抽风机吵到人家睡不着就拆了，3煲水的水煲都没洗干净还有黑黑的水垢都有，连倒水出来哪里都还是有。4冲凉房踏脚塑胶超级脏，黑到可以吓死人。5电梯没有空调，在这样的大热天走进电梯没空调，焖在里面大家想想舒服吗？6我有一个朋友说走上楼上客房走廊好像走进桑拿了，说明走廊是多么的丑。7我在房间用完了的纸（这里指的是写东西的纸，像有些朋友经常出差在外难免要用纸张写东西）服务生收房间竟然不放纸。8新国际展览中心打的要12块，在展会出来打的居然没人知道那个酒店在那里，说在锦江之星哪里就有人知道，酒店在一个小巷里不好找。有一点好，门口就是小店。交通还好。周围没什么吃饭的地方，就有一家西餐厅，老外说不好吃，酒店本身有中餐，没去吃过不知道好不好吃。房间倒是还干净。早餐好难吃，东西又少还要20块。酒店前台服务马马虎虎，女人去问她什么她会不理不采的，建议女性朋友不要去住。以后不会再住这家酒店。
1,帮助客户预订的，酒店的地理位置和设施都很好，购得上四星标准！
1,"不错,交通方便,楼下就是美食城.豪华房有液晶电脑.或许标准房也有吧.卫生间稍小了点,是淋浴房."
1,地理位置不错，闹中取静。房间比较干净，布局合理。但是隔音效果太差了，有住简易客栈的感觉。临水的房间风景不错，很舒适。楼道的地毯比较脏，跟其他装修不和谐。补充点评2008年7月27日：本人是7月18日入住该酒店大床房，价格为338元。
0,令人恐怖的记忆！一个停水停电的酒店在零下十几度的山顶上，居然敢继续叫卖，真是让人后怕不已。幸好最后换了酒店，否则我们都将冻死在山上！！！
1,酒店的位置很好，世外桃源的感觉，特别推荐的是早上7点之前（因为免70块钱门票）去隔壁的明孝陵遛弯，空气质量和四周环境比前天的中山陵好多了。当时预定，是因为酒店是四星级而且价格不高，觉得是占了便宜，没想到去了之后，房间有很怪的味道，想换房间说没有了，四周都在重新装修，真搞不懂为什么不赶在国庆节之前竣工。房间硬件，服务和早餐最多就是三星级标准，建议大家不要有更高的期待值，否则会有些失望。
1,早餐真的太差了！！！房间设施还可以，就是临街一面太吵了
1,通过携程预定该酒店保留到晚上6点的。但是下午3点多接到携程电话，居然说我给酒店打电话取消我的房间，问我有没有这回事。简直很气人！后来到酒店办理入住时，问了前台有没有这回事。他们居然回答的很干脆，有这个事情。酒店也太不负责了，为了自己的入住率就随意取消客人的预定。一点都不配万丽的作风和职业道德。另外，该酒店不能用民生银行信用卡做预授权，只能用中国银行和交通银行。这点很不方便的，请大家以后入住的时候请注意了。
1,第一次在宁海住酒店，印象最深的是服务好，无论在哪碰到服务生都会微笑地打招呼。住的是标房，房间挺大的，但床有点硬，不太舒服，早餐非常一般
1,房间设施装修都不错，服务到位，餐厅早餐还够的上标准，但发现餐具清洗的有些问题。我们一家三口连续住了三天，每天都发现餐盘和咖啡杯上有污迹，算是美中不足的一点缺憾吧。
1,一家很不错道酒店，无论软件硬件都比较理想，离市区并不算太远，在重庆繁华的大都市能住到这样好道酒店非常满意，重要的是价格也不贵。
1,房间装修挺新，设施不错，配备电脑上网，就是网速有些慢，还有免费的VOD视频点播，卫生间也不错；酒店位置离九华街中心稍远，但是自驾的就很合适；总之在九华山上这家酒店还是值得推荐，下次还会住那儿。
0,里面的装修太旧了，洗手间和浴室觉得不太干净，我住的房间所有的水龙头都不太好使，晚上的电话多，服务也比较一般
0,"房间临街，隔音很差，加上外面施工，吵得很！房间门锁似乎有故障，插入门卡显示绿灯但就是打不开，服务员的门卡插进去马上就好了。由于只在携程定了1天，临时有事要加一天，前台办理时不爽快，第二天总是催问何时退房，很烦。宾馆反馈2008年5月20日：您好,给您的住宿带来不便,酒店向您表示诚挚的歉意!您提到的问题,酒店都已作了改进和跟踪,并将尽最大努力减少影响您入住行程的小问题.并请您继续给予我们信任和支持!酒店周边的施工问题,我们已经进行了协商,夜间施工将得到有效的控制,我们一定会用如家真诚的服务理念,为您提供更好的服务."
1,"厦门司机都知道的酒店,还不错,卫生,房间,设施都可以,不过早饭一日不如一日~(我们住的那三天)~~"
1,因为决定匆忙，我是通过电话预订的金源饭店，携程的客服很耐心，这里先谢谢一下！:)金源饭店环境很好，就在温泉公园的旁边，有空的话还可以去散散步；大堂装修的不错，那天去大概有3对新人在那里举行婚礼，都笑得好幸福（羡慕ING）；前台CHEKIN速度很快，还没有5分钟我就拿到了房卡；一到房间就有服务生送上当天的报纸，和福州市区的地图；房间里的设施也很人性化，有音乐，还有drinkingwater，我的外国老公说在中国其他酒店他还没见过（赞一下！）；那天小小泡了一下澡，非常舒服，浴缸很干净，泡澡水还是天然的温泉水。总的来说，金源饭店让我们在福州的旅行非常愉快，下次还会再定这家酒店！
0,房间非常糟糕，零乱不堪，弥漫一阵腐霉气味，家具极其陈旧，地毯脏臭，冷热水不能调，龙头漏水，灯罩不翼而飞，不可想象居然还挂着三星的标志。有些酒店虽然营业时间久远，但维护得好，仍然可以入住。但此酒店简直象无人管理一样，破败不堪，非人可住的，与网站介绍完全不是一回事情。希望携程把好协议酒店的关，不能让此类酒店误导客户。
1,总体来说的确像大家点评的那样好。服务周到，态度很好，checkin和out速度都比较快。离开的时候因为要赶飞机没时间去吃早餐，貌似是他们的大堂经理还是什么其它服务人员还一直提出要替我们装一些食物带走，让人感觉很舒服。拉丁餐厅的自助餐还不错，那个男歌手声音也很好听^^超喜欢豪华房的那个圆形小沙发，呵呵^^如果说还有什么需要提高的话，可能就是卫生间的设施可以再好一些吧，不过现在这样也能接受。房间还提供了大同地图，旅游攻略等等，很人性化。总之就是很满意啦，如果有机会再去大同应该还会选择这里的^^
1,这次去是在香港挂黑色暴雨警报那天，本想取消的，但是之前给携程打电话想取消，携程和酒店沟通后说是不可以，只好冒雨前去。结果去了才知道，原来我们活动的区域没雨。去时跟酒店前台说要层数高的，结果安排了27楼，很担心是民居中间，结果很满意，可以看到很远的地方，是个行政套房。卫生间真的是没让我出乎意料的小，但是干净整洁。交通相当方便，离地铁站很近，关键要摸清小路的走法。对酒店整体感觉满意，下次去还会考虑再次入住。但是在后面的确认阶段携程的效率太低下，从定单状态错误投诉到最终确认，已经过去了2个星期。
1,在都会海逸住了4天，还不错。下次来应该还会考虑吧。去尖沙嘴的酒店巴士还算方便，酒店附近吃饭超级方便。
1,每次到杭州都住这家酒店，习惯了。这回房间感觉有点旧，听说酒店正在一部分一部分的装修翻新，希望下回能住到新装修的房间。酒店提供枕头套餐，可以选择不同好几款枕头，这点比较有特色，床很舒服，不是太软也不太硬。宾馆反馈2008年5月20日：感谢您的点评，酒店目前房间装修已经结束，欢迎您下次来体验我们新装修的大床房，期待您的再次光临！
1,"一家很好的度假型酒店,环境一流,尤其是户外的自然环境很好,房间的设施也不错.唯一有点不足的是酒店里的餐厅价格高了一点,已和香港4星酒店内的价格差不多了.温泉一般,比南京汤山的颐尚差."
0,怎么说呢。以北京这种地方的房价以及房间质量来说。这价格已经算便宜的了。因为先前住的几个北京的宾馆，都是又贵服务又差而且房间相当小。平安府的房间也不大。特别是厕所，太狭小了，房间窗户对着墙壁和暖水设备，根本开不了窗太吵了，也晒不进太阳，而且宾馆里没有电梯的，得自己提着拉箱抬上三楼房间，中间服务人员也没人来帮忙。去结帐时，前台送了张VIP卡，说下次您来直接给我们打电话预定，我们的价要比携程要便宜！
1,有道机场的专车接送，就是价格太高。其他的还可以
1,"入住了2间行政湖景房2个晚上,感觉房间有点小,但是设计还不错.卫生间和四星的行政房来比就真是小了不少.电视也是很旧款很小的那种.景色是真的不错.出去散步也很方便.服务就要看人了,CHECK-IN的时候明明说了要求要吸烟楼层,前台居然骗我说行政楼层都是非吸烟的.进了电梯才发现只有我住的24层是行政楼层的第一层,也是非吸烟楼层.25-28楼都是可以吸烟的.在这件事情上弄的很不愉快.宾馆反馈2008年3月5日：非常感谢您选择入住金雁酒店，并对酒店服务提出了宝贵意见。在此表示最诚挚的歉意。经过调查了解，主要原因是该员工接待经验不足,为求快速为您办理入住,在您提出是否行政楼层都是非吸烟的疑问时未能严谨回答。我们将对该员工进行语言表述的培训.再次谢谢您的宝贵意见，衷心期待您的再次光临！"
0,很普通的一间酒店，应该说不值这个价格。酒店老，房间小，早餐差。周围正在修路，乱得一塌糊涂。想找个好一点儿的饭店，很难！在酒店吃了一顿饭，居然连正规的餐牌都没有，蹊跷！不过服务还是不错的，这也是唯一值得称道的地方！
1,新华酒店设施齐全，地理位置比较好，在酒店的顶部有一个旋转餐厅，能够在享受美味的同时浏览整个唐山市貌。价格还算公道。
1,"还不错，环境挺好，挺舒服的。最主要的就是自然。免费注册网站导航宾馆索引服务说明关于携程诚聘英才代理合作广告业务联系我们Copyright1999-2008,ctrip.com.allrightsreserved."
0,"酒店服的服度不太有貌,入住的房比陋,房."
1,酒店装修有些旧，电梯都是最老式的。但房间应该重新装修过，比较大也比较干净。位置极好，离汽车总站很近，对面有新一佳也很方便。
0,我是通过携程预订的巨川假日酒店，2008年3月17号晚上入住（因为第二天要见客户），我不是经常去塘沽出差，这是第二次，第一次和老总住的是巨川国际商务酒店还可以就不多说了，这次我带一个同事去，住的是巨川假日，下面就说说我的遭遇吧:晚上一到酒店大概9点多，前台手续办得很利索，可是我到了屋里401（同事住402情况差不多），打开房门一股让人想吐的味道扑面而来，我打电话找来服务员，说是空气清新剂的味道，可我从没闻到过这种类似烂红薯、腐烂、发霉味道的空气清新剂，天还很冷，无奈我打开窗户，味道久久不能散去，我只好整晚开着窗户，可是我太冷了就打开中央空调，可是这空调好像一个拖拉机在你耳边轰鸣。我彻底晕菜了，房子挨着马路，也不隔音整晚能听到过大型车的声音，与其这么臭噪音这么大，我为什么不直接睡在马路上呢？于是整晚我都在问自己这个愚蠢的问题，一直到天亮补充一点:卫生间提供的毛巾硬的可以当脚垫用唯一令人欣慰的是我找服务台投诉时，接电话的态度很不错，反复的说屋里都是这个味道我们也没办法，提示我开窗通风。既然别的屋也这么臭，我内心多少平衡一些，不过我下次绝对不会再来了发表上诉评论决不是我恶意污蔑，实属个人亲身经历，我是一名销售，经常各处跑，自认为对环境的要求不高，只要卫生干净方便就好，这里我要奉劝来塘沽出差办事的朋友千万不要住巨川假日。
1,档次不用怀疑，堂皇二字。房间设施略显陈旧，服务一流。要提醒的是，从机场大巴下车即到，小心过于热情的黑出租，会把你撞进车里，可能后果严重。补充点评2008年3月20日：自助早餐实在是太丰盛了。
1,商务大床房，房间很大，床有2M宽，整体感觉经济实惠不错!
1,酒店由假日酒店改成了千禧酒店，服务质量还不错，不过专业技能需要进一步提高--可能是有一些新人的原因吧。总体来说不错。
1,"干净,交通方便,服务态度也不错,368的房间带的早餐也可以.就是老宾馆,设施较老.价格略偏高"
1,前台服务较差，不为客户着想。房间有朋友来需要打扫，呼叫了两个小时也未打扫。房间下水道臭气熏天，卫生间漏水堵水。
1,酒店房间算不错，大床很舒适。晚上睡的很香，但房间提供的电脑不能用，大堂环境不到四星标准，但又比三星高一点。补充点评2008年7月20日：酒店房间算不错，大床很舒适。晚上睡的很香，但房间提供的电脑不能用，酒店环境不到四星标准，但又比三星高一点。
1,房间很干净，设施还行，家具稍微有些旧。商务间的楼层前台不错，不过清洁工很一般，住的时间比较长，好几次都没有放新拖鞋。不过4星里他家的价位算是比较低的了。
1,"8月1日入住该酒店,对携程网的服务非常非常满意,安排的房间非常非常满意,住的行政海景房,房间很精致窗外的海景更是美不胜收,早餐也很丰富有一些小零食,很细心,很干净和价位相符的酒店,比海航要好多了,一点瑕疵就是打客服电话需要服务,反映过慢,"
1,"这次去金源他们的服务意识好象提高了,走进大堂会有人主动和我微笑,前台的态度也比原来热情了许多,感觉好点点了.原来啊,叫一个冷脸...也许以后会来的比较多,只是ctrip不提供含早餐的房间么?这点我觉得不够周到啊.房间这次住的是598的,似乎只是比498的楼层高点,其他再无任何区别.但事实上,金源头即使是同一层,他的房间有区别,有的我记得会大点,有的会小点,我是说即使价格一样的话,希望ctrip以后能向客人交代一下下."
1,第二次入住没有前一次感觉好送的水果不新鲜
0,设施不是一般的差，就是一个招待所。我的毛巾挂在卫生间，等要用的时候，竟然发现上面爬了臭虫。只能把它扔了。餐厅价格也高，一个大葱炒鸡蛋要25元，其他菜可以推想。地段倒是不错，服务态度也还可以，还能够全程刷卡。
1,"离杭州不少路,酒店特别是晚上不好找,游乐项目不多宾馆反馈2007年3月5日：酒店已增加了园区内电瓶车观光游览、垂钓、各种球类运动项目、射箭、野外拓展、农家土柴灶自己烧、烧烤等等活动。"
0,差、差、差！！！沐浴水好像是从黄浦江直接抽过来的，黄，白毛巾变黄毛巾了。店方说是在修水箱什么的。。。。。这样的酒店能对外营业吗？差、差、差、太差了！！！！宾馆反馈2008年7月2日：您好，很抱歉这么长时间才给您以回复。过多的解释都是掩饰，我们诚挚的欢迎您再一次入住本酒店~！我们会用事实向您证明我们的服务和酒店的设施，请您再给我们一次机会！
1,感受的是热情的服务！从入门开始，一直很愉快！房间硬件只是准2星的吧，卫生间淋浴头在马桶上方，没有浴帘，会洒满全房间，塑料拖鞋，早餐按人配好，就是个招待所。在这种情况下，前台服务非常热情，打电话问路，因为路口没有标识，所以没法找到，前台干脆直接出来接！很不错，真正的勤能补拙！我们时间有限，请她推荐路线，很热情，信息也很准确，我们玩得很开心。地点在庐山别墅区内，稍偏，但是环境很好，花岗岩的外墙，站在走廊上看，犹如置身于古堡。建议酒店在入口挂个招牌。
0,"房间很小,早餐应当是九点结束,但八点三刻左右餐厅内还有近二十人坐着时"
1,订的市景双床房，免费升级到豪华双床房，感觉很好。服务台工作人员耐心有礼貌，态度很好。房间情况：优点：卫生间较宽敞，干净，力士的洗浴用品，环保好用。房间设施用品齐全，熨衣板、雨伞、文具都为客人想到了。空调冷气足，而且出风口比较干净，没有特殊的气味。床柔软，两个长枕一个方枕，看电视靠着很舒服。电视频道清晰。checkin和checkout速度较快。缺点：房间设施比较陈旧，需要进行重新装修。房间有点小，像三星级规模。这里的服务确实很好，工作人员态度都很温和，面带微笑，将硬件上的稍许不足都弥补上了。以后还会考虑入住。宾馆反馈2008年8月5日：非常感谢您对我们酒店的点评。您对我们的肯定和支持，是我们工作的动力。酒店会不断的提升酒店的品质，提高宾客居住的舒适度，为宾客营造轻松、愉悦的旅居环境。酒店另有按高星级标准全新装修的商务豪华房，宽敞精美。建议您下次入住时，可以选择该房型。感谢您的宝贵意见，我们衷心期待您再次光临！
0,酒店一般，设施还可以，就是床上可能有什么虫子，早晨起来感觉很痒，同住的同事也有同样的感觉，今后不敢再住了。
1,房间非常好，水也不像网上说的忽冷忽热。总体感觉很舒服。早餐非常丰盛。
0,早餐不错，房间太小，网上的地图不清楚、不仔细！
1,交通方便，房间舒适，服务周到，总体感觉不错。
0,一个破落的酒店、开车路过不得不住！奇怪的服务员早晨四点钟不知为什么要开门进入我房间！！！！听到开门声我大呼wye？该女人一声对不起，走人啦、、、、、门口停车保安说24小时有人看守！早晨6点30分退房惊见保安在总台用椅子变成床呼呼大睡！停车场空城计！！！！其它不评述了、累！！！总之、万不得以、不住！
1,通过携程电话订的，未到前有点担心，入住后总算放心，总体还是不错，特别是在张家界市外部环境脏、乱、差的情况，来到这个小酒店，感觉还是可以。我是国庆期间住的，价格有点夸张，不过只有忍了。
1,这个酒店是当地最好的了，就是这样一个中小城市酒店价格不便宜，三种价格的房间其实区别不大，最便宜的就是没有地毯，木板的，最贵的只是送了两包咖啡，晚上偶尔有送花，所以自己来玩的可以住最便宜的。这个城市也就是这个酒店了。
0,第二次去住，带着狗狗，保安说不能进去，我告知迟一点会交给朋友带走。保安无进一步意见，前台也未作任何提示，顺利入住。从进房间开始，就不断受到关照。1.一分钟后敲门告知要记得带狗狗出去；2.五分钟后打电话告知要带狗狗出去；3.十分钟后打电话告知要亲眼见到狗狗出去；4.十五分钟后告知如果没见到狗狗出去，他们要进房间检查；5.二十分钟后，再来电话，俺提出退房；6.三十分钟后电话告知退房要收人民币壹佰块！7.四十分钟后，朋友带狗狗出去。ps：期间狗狗没有发出任何声音，就好像是一条哑巴狗。不会再选择这家酒店了。
1,"感觉还可以,就是房间的隔音效果太差了,隔壁用衣桂,这边声音很大.周围饭店不多,不过对面的浴足店非常不错!临走结帐很慢,有急事就惨了!"
1,酒店本身是没得说，就是每次CHECKIN都需要等至少30分钟以上，总是－被告知“正在清理”，不过因为酒店位置方便客人出入的关系，多数是会订这家酒店的。
1,房间非常宽畅，服务也很好，喜欢住酒店式公寓。离李公堤、金鸡湖很方便，开车5分钟。室内游泳池不大，但水温挺高，适合小孩子玩。金鸡湖很漂亮，周边餐厅、酒吧、还有OUTLETS，无论中午还是晚上，选择在靠窗望湖的座位用餐，让人心情放松而愉快。
1,"总的来说,比较干净,而且地理位置很好,市区繁华地段.进出方便."
1,"总体还不错.现在还配了杂志,可以学英文.酒店大堂在装修,以后正门将朝马路."
0,"服务很差,房间供暖不足。换啦两次房间才行。态度恶劣。新房间床上有别人的毛发。叫服务员换还很不高兴。"
1,酒店现在只送早餐了，中餐晚餐是10元的自助餐，相当不错。服务还可以，结账也很快。
1,"住的是豪华单人房,房间很大,但是空调明显不足,冷死了补充点评2008年1月25日：还有,房间灯光昏暗."
0,因为公司在国贸，看到各位评价都蛮高，而且本人喜欢尝试新的事物，住了两晚上。说实话不如如家（国贸店，百子湾的那个），差了不是一丁点。管理者应该亲自进去房间看一下，打开房间门进去，屋内空气潮湿，有股异味，不知道可否在打扫完后打开窗户透透气？？床头墙壁上的画已经有霉斑，打算入睡时，发现床单上居然有小虫子（跟头皮屑那么大，白色）在爬。拉开被子一再仔细查看，不可思议的是隔着床单，发现席梦思上有貌似血迹的斑，数量>5！！装修格调很象如家，只是学到了形似。服务员没有礼貌，见人就跟没见到一样。唯一比如家好的，也就是洗澡水够大，够热。建议管理者好好去看看如家，差距不是一点半点。如家火，不是没有道理的！补充点评2007年11月2日：忘了一个，房间有UPS电源，但是没网线，要上网请自备网线。宾馆反馈2007年11月9日：尊敬的宾客，十分感谢您对我店作出细致的评论，我们已对以上提出各项问题逐一进行整改，我们也深刻认识到自身不足之处，将针对酒店的硬件和软件加以完善，尽可能为大家提供一个更加理想的商务环境和舒适的住宿条件，同时也希望大家能给本酒店提出更多宝贵意见！
1,地理位置不错，附近就是春熙路商业街，对面就是王府井百货。出门打车有点困难，附近吃饭的地方比较少，没有什么成都特色的餐饮。酒店的服务挺不错，但是银座边上有一个塔一样的东西，半夜会有轰鸣声，比较吵。
1,"酒店的地理位置优越,适合办公人事入住,服务也比较到位,下次会继续考虑"
1,"豪华双人间的床很大,一张单人床已经有我在香港住的双人大床那么大,一些细节也挺有意思的,象放在床头的小信封会有一颗糖果和会告诉你明天的天气.就是毛巾有点旧.浴室里也没有可以晾衣服的线.补充点评2007年2月28日：外面有点旧和脏,我们刚到的时候还犹豫着要不要换一家呢,后来看到里面还是不错的,是时候该装修一下外面了"
1,住在9楼，还能看到江景。不错。位置倒还一般。到机场30分钟，也不堵车，不过这个路程，在重庆却是不算近的了。就是结帐外卡不能用，与网上说的有点不符，也没什么明确的理由。
1,去上海一般都住这家，地段还不错，交通也比较方便，房间很大也比较干净，就是江景房有点差（以前住过，很小），一般标房就可以了，套房也很不错（有厨房，够大），每件房都有冰箱，很好，就是宽带不是免费的，一天好像要80吧，太贵了
1,"设施有点陈旧,位置不错,不过总体还不错."
1,"内容：其实对这次的预订,对携程的回复是非常不满意,因为我要求将退房时间延迟至下午二点.(有特殊原因)但携程从头到尾都没有帮我解决,或是将时间稍微延后些.酒店方倒是比较好,我说明了一下我要延迟的原因后,前台服务人员同意延后半小时.虽然仅仅是半个小时的时间,但这让我的入住情绪稍有了好转.一样是人与人之间的沟通,为什么结果却截然不同!!!"
1,很一般的酒店，因为定不到赣电了勉强入住下吧
1,该酒店住宿条件比想像中好，运气好的话房间里还会有除湿机，除湿机用途很广，可以在雨天的时候把鞋子烘干，洗的衣服也很快就干了。另外饭店还为住客提供电吹风，感动啊（到了那里就会明白为什么那么需要电吹风了）！不过黄山上吃的东西真的很贵，饭店80元一人的自助餐就吃了几根黄瓜和萝卜小排汤，当时又累又饿，一行十人也都不计较了，这些菜对刚刚爬完天都峰和光明顶的人来说简直就是美味了，呵呵。其实如果节约点也还是可以在餐厅吃的，两个人可以叫一份蛋炒饭（38元）和一碗番茄蛋汤，量很大，可以供3-4个人吃了。唯一不足的是饭店的位置不好，光明顶在该饭店和天都峰中间，因此此行爬了两次光明顶，彻底达到了锻炼的目的，所以大家要先安排好游程路线，不然也要象我们一样，从早上8点爬到晚上6点了，对此当地导游把我们一行人当成了疯子，哈哈。黄山值得一去啊！
1,装修简洁实用，但电源插口少，要配个接线器为好。另外浴缸的hot龙头请配图示，第一次来的一定弄很久。酒店lobby太大，早餐要历经磨难
0,位于友谊路金融街，找不到吃饭的地方。酒店刚刚装修好，有点气味，我能忍受，同事不行。酒店、楼下餐厅、酒吧、日式料理都是科技大厦单独承包出去的。入住的时候还是第一个月试营业，宽带很不稳定，打电话报修居然以正处试营业期来搪塞。没好就不要让客人住嘛，强烈鄙视这一点。
1,每次到福州都住这里，就是宾馆前台服务太慢了....
0,酒店位于市中心，比较方便，房间设施较一般，最苦恼的是，说是市政府规定，室外温度不过27度就不能开空调，所以白天几乎不开空调，热得我们没处躲，要知道这可是宾馆不是招待所，房间都是不对流的，不开空调能闷死人呢，真难受啊，还好到晚上空调开了，不然我就立马退房走人了。本市的地图是要买的，不像别的酒店都有赠送。
0,北京机场到酒店打表205元.挂牌4星的酒店，携程说是3星--非常正确！老实说是2星还差不多。1）不是所有房间都有宽带，即使有也请先试一下，我为此在晚上换了3间房间。2）标房内没有免费的瓶装水供应。3）要打电话的请注意了：：：不管对方接听与否，20秒后开始收费！！非常奇特的规定！所以，千万要小心了。4）800免费携程电话在这家酒店是要收费的，小心！5）10800AT&T对方付费电话是要收费的，不是服务费，是按本地电话收费的，反复解释还是没有用的！！！不只是他家的电话是不是中国电信的，中国电信10000#都说是免费的啦，还是解释不通！6）房间及其陈旧，拖鞋比纸还薄，空调不热，还没有暖气设施，害得我半夜起来加被子--难以想象，这是家在伟大首都北京的挂牌4星酒店。
1,"房间的设施不是特别好,但环境十分安静舒适,服务态度非常好.唯一不好的就是离正街有点远,约2.5KM"
1,到凤凰如不想住在江边的话，这酒店算是不错的选择，相当的安静。房间的装修有点旧，整体还算清洁。因为酒店比较大，我是给安排住在後座的5楼的房间，感觉有点远，因为电梯还在修建中！位置跟凤凰古城有点远，吃饭或到其它地方都需要打的。
1,checkin和checkout都非常神速。服务员态度很好，回答关于旅游的问题很热情。需要帮助打电话给前台，响应速度也很快。感觉比较亲切～房间干净，落地窗比较敞亮，住高点可以看到维港。房间比较安静。休息得不错～楼下有几个茶餐厅很方便，味道也不错。附近有诺士佛台酒吧一条街，别有洞天。下次还会选择这家酒店。
0,这里服务各方面不达五星级标准，早餐特别不好
1,本次入住黎明国际酒店，总体感觉不错。原来对东北地区的服务水平有不太好的影像，这次入住，无论是前台，还是楼层服务员均热情和蔼，有求必应。只是作为一家五星级酒店，上网还要收费，不太理解。本次入住上网了，但结帐时忘了付费，不太好意思（20元），如下次还能入住，一定给补上。
1,"该酒店在义乌来讲，交通环境出入方便，以前也入住过多次，酒店设施客房餐厅都比较满意。就是最近这次入住，在酒店客房叫了份西餐面，吃坏了肚子，连续上了五次卫生间，去街上药房买了肠炎药才止住，向服务员及类似领班性质的员工反应此情况后，对方也没个回音,（见对方没个回音，本人11月2日入住的，第二天就退房，住到伊美广场酒店去了）。不过抛开此事不谈话，该酒店应该是理想的入住对象。宾馆反馈2008年4月14日：给您带来的不愉快，我们表示诚挚的歉意，我们住店宾客的人身安全与食品安全是酒店关注的重点，如果有遇上什么事，请拨打大堂经理电话52，我们竭诚为您服务。"
1,第一次入住此酒店，订房间前看到大家的点评，说是早餐好吃就决定了。入住的感觉还好，前台及客房的服务员态度很好，又有笑容，就是结账有些慢，望能够提高工作效率。早餐确实好吃，连住几日，都有一定的更改，就是水果的品种有些少。房间能上网很好，但速度太慢，不知是否能够将容量增大，否则很难工作。另外，大堂中不花钱能够等人的空间过小，中间一大部分都是咖啡厅，做生意。就有几张椅子放在一边，有些憋屈。建议能够将一部分咖啡厅开放出来，做一个较大的休息空间。
1,除了没有浴缸和保险柜其他都很好，干净，安静，服务，对面就是海鲜大排档我们6人吃了330
0,"酒店是新开的.房间里的家具都是低档次的伪劣产品,一碰就坏的家具,还要你陪钱,呵呵!他们就是一家黑店,专门以碰坏家具油漆为由赔钱,宰客.是一家没有诚信的黑店.!今天我就被该店的范XX领班黑了30元."
1,总的来说是不错的酒店！！但还有一些小细节要注意，电脑宽带接线处的板已坏，早餐送房后在蛋饼里发现锅底灰。。经交涉后店方马上来电致歉（这点非常满意，但希望在下次入住不要再发生此类事件）！！下次去成都还会继续入住喜来登
1,简单来讲，房间还好吧，大过万达假日。不过当时冰雪节比较贵，觉得没那么划算。平时哈尔滨这个烂城市的房价普遍在400左右而已！
0,"隔音效果非常差,基本上隔壁房间的说话声都能听到.最后一天隔壁老早起来吵架,简直就是对着你在说话.不小心碰坏了酒店的一个直径18厘米的一个塑料框架的化妆镜,竟然索赔我315元.(据称,那个没有品牌标示的化妆镜系酒店定做的云云,我仔细研究了一下,差别可能是本来别人用金属做的支架,这个是用有机玻璃做的,因此稍微碰下就断了).入住的朋友看到的最好小心一点,要是碰坏个花瓶,画框,酒杯的话不知道要收你多少钱."
1,在香港难得有那么大的房间，不过就是卫生间旧了一点。对于去香港血拼的人来说这是最好的选择，因为酒店就在海港城内，偌大的海港城逛一星期估计也难以逛全，逛累了还可以直接到酒店歇一歇
1,地点很方便，就在火车站附近走路3分钟，但是因为第一次去竟然打了车被司机宰了个起步价，唯一的不足也是离火车站太近了，火车的声音比较麻烦，谁让徐州自古就是交通要道呢，呵呵。如果有可能下次还要入住。
1,"携程这次不错，订的行政房给我免费升级到了8号楼的山景房。对于酒店，总结一下：超5星的环境4星的房间3星的设施和服务酒店分栋依山而建，酒店里有专门的散步路线图，要把整个酒店的山景从容走完至少1小时，期间山水桥路，鸟叫虫鸣，空气清新，心旷神怡！8号楼是酒店最好的一栋楼了（价格最贵），进入房间，房间宽大，落地窗外就是山景翠色。但其大床一看就知不会很舒服，床很低，床垫质量不好，床上用品虽然干净但明显成色已经旧了灰扑扑的颜色，摸上去硬邦邦的，家具电器以及卫生间用品都很一般。68一位早餐品种还是比较丰富，吃饱没问题，精致美味就谈不上了。各处的服务员态度还是很好但服务意识和服务质量应提高，酒店有宽阔的停车场，不过无论住店客人均收费。宾馆反馈2008年7月10日：您好!感谢您对红珠山宾馆提出的宝贵意见,我宾馆现已经将布草全部更换,您的意见我们已经交给相关部门进行处理,我们诚恳地期待您的下次光临!"
1,"硬件很好,服务质量也很好,特别是酒店周围环境非常优雅.早餐也不错,下次去还会入住"
1,最物有所值的就是海景房的无敌海景了！房间一面墙的玻璃窗，维多利亚湾的美景一网打尽、一览无余。酒店服务也不错，很热情、贴心，没感到以前听说的对内宾的歧视。我们是上午11时到店的，按规定下午14时后才能入住，原本打算先寄存行李下午再入住，但前台的工作人员主动为我们提前安排了房间并一直陪同我们到客房安顿。要说不足的话，就是餐厅和客户服务员的普通话水平应该进一步提高，以免内宾不得不用英语来表达。另外中宾房的开关等建议增加中文标识。
0,前台的服务很差，10月1日的值班经理徐经理有意欺诈，将220元一晚的标准间欺骗我成380元的商务房，好在携程地客服打电话给我确认才没有上当。
0,性价比太差了！严重不复合所谓的4星标准，周围环境空气较差，最麻烦空调系统的冷气夹杂浓重的烟味，不开窗简直没法生存。
1,1.8月入住的该度假村，环境确实如网上大家所述，不错，挺满意的。省道上的标牌也够大够明显的。2.入住时可能正遇上该度假村接待一个中行的什么活动吧。说是网上预订的风景房，结果给的房间只能看到浓密的树杈！（莫非这也是一种风景？）3.尽管服务员帮我们换了个树杈不是很浓密的房间，但离我预想的风景房好像还是有所差距的。最后给的解释是：要看风景最后还是到屋外去。晕！4.早餐尚属一般，但服务各方面都是不错的。尤其是停车场，还要求我们按其要求的一致方位停靠车辆，够可以的，赞一个！5.该村最大的优点就是，风景不错，有点世外桃源的感觉，尤其是还有室外游泳池和网球场。（尽管我没机会享用）
1,很满意这次的选择。金版纳真是性价比极高。离开市中心又很近，早餐也比较丰富。别墅型的房屋让人回归自然。这个3星货真价实的
1,酒店位置还不错，周围设施也比较方便，周围小吃还挺多，基本上来说是一个适合住宿的地方。缺点是门童不太好，基本上没有什么礼貌用语，也没有眼色帮客人拿行李或者叫出租车。
0,"酒店着实很旧,旁边都有很好的酒店,吃饭比较不容易找地方,旁边都是咖啡店,真不知道在这样的小镇,怎么消费还那么高.酒店价格与实际设施严重不符.不划算."
1,早点还可以，酒店环境很好。不过丁山楼还是和主楼有很大的差距
0,入住的时候刚装修，味道很浓！房间内的床坐上去好像有点不稳！
1,酒店很不错，硬件很好。自助餐厅早、中、晚都有很方便。性价比很高！
1,中餐厅绝对不是五星：晚8点多时去的2楼中餐厅，没什么人用餐，餐厅环境犹如一般小店，餐具也很一般，桌上没有餐巾纸，没有牙签。上菜也慢。
1,非常好的服务，不愧是四星以及Marrito连锁酒店。服务很专业
1,"准四星已经正式挂牌为四星了,房间很大很干净,服务也不错,酒店就在火车站旁边,交通很便利,而且大商等大商场立着也不远,购物也挺方便,不过也正因为在火车站旁边,酒店门口显得比较乱"
0,客观的评价，酒店的位置不错，但是周围的环境不好，门的位置较偏，感觉酒店不旺，但是生意较好，都是旅行团。门口打车不方便，有一个大坡，去的时候，赶上下雨，要冒雨跑下大坡，步行2分钟，才看到出租车！预订的是一件大床房间，很小。房间的采光不好。家具太久了，有霉味。电视很小，也旧。但是会赚钱，有三级片（没有看）70元。浴室很小，水龙头花洒管是漏的，叫人维修，很热情，本来以为会更换一条花洒软管，没想到，师傅手巧，剪掉漏的一节，又可以用了，开眼界（鄙人从事过水暖行业制造，对此感到惊奇）被子看来也是很旧，10月入住，重庆已经冷了，想开暖气，但是开了没有，打电话到客房中心查询，马上来了一个维修师傅，很客气的用四川话，检查后告诉我还没有供暖，当时室内温度19摄氏度，哈哈！总体感觉和4星酒店差距比较大，比曾经住过的银河大酒店比，差距很大！唯一可以说好一点的是：服务还可以，比较热情，诚恳，但是不专业！补充点评2007年11月1日：补充一点，大床，不是酒店通常的大床，不是2米床，也不是1.8米床，是标准的1.5米床（和一般家庭的床一样），这样的床，实在不是大床！
1,酒店房间很好，闯很大，不是一般大！总体来说不错，唯一美中不足的是早餐还没到十点服务员就来收牌子，令到来晚一点的住客都不知道有什么吃的。
0,总体来说酒店真的不怎么样，首先空调是坏的其次窗户漏风，晚上非常冷，睡觉时只能把脑袋一起放进被卧里，这是我住过的最差劲的酒店，如果再有机会去丹东绝对不住这
0,"这是我住过的一家全国最差的四星级酒店.进房给你第一的感慨是灯光灰暗,我想看报只能去卫生间看,因卫生间照明亮度才能达到.我是晚上9点多进酒店,11点多想洗澡,却开不出热水,打电话给总台才知是市里供热管道出了问题,要我耐心等待.直到半夜1点多还是没供上,我又找了酒店值班柳经理,本人一天长途从上海开车12个小时到威海,就是能洗个澡好好休息"
1,装修和服务一流，但房间的床有点偏小，卫生间浴缸旁连放脚垫的地方度没有。另外床头灯不可调节。旁边的新开元酒店的饭菜不错，很好的一个去处。下次定个豪华间也许待遇会好些。
0,"前台的服待客人都是不耐的子,住酒店的大概都是地人士,教一些地的是的,度真是不好;另外,居然有忙打的服.....;房及其他施,算是可以."
1,又一次来到东胜海天酒店，比第一次的感觉更温馨，更舒适，嗯，很不错。
0,"新酒店的内部各方面都不错.服务也还行.行李生不会帮客人拿行李,只能自己拎上拎下那台阶.最不好的是,旁边一施工工程(海景房对着),日夜奋战呀!!!睡着了,也会给吵醒!还有夜间工地汽车喇叭声!下回最起码也得等这工程完毕才能住."
1,我一直很信赖携程，入住红墙七天，房价和饭店设施总体不错，房间虽然小点，但装修很好，特别是店内员工服务很是热情，就是打的麻烦些，提醒各位千万别让门童服务生订车，真黑，联系包车八小时内天安门附近游，收我800元，问司机才给600元，第二天我直接联系车主省下200元，
1,吸取网友们的经验，我们预定的是度假区高层海景大床房，于6月21-23日入住。很高兴亚太的服务还不错，完全按照我们的要求安排了房间。服务员在走廊里遇到客人也会问好；晚上在酒店吃烧烤，服务也不错。总的来说，酒店的环境和海滨浴场都不错，泳池造型很美，水也清澈，晚上水池的灯光也很漂亮，可能是淡季的原因，海滨浴场人很少，特别安静，适合度假。美中不足是房间的设施比较陈旧，电视太小，风扇和空调都有噪音，电话机也很老旧，拖鞋看起来不太干净，好在我们自带了拖鞋。再有就是早餐要提出批评，虽然种类很多，但味道实在不敢恭维，作为一个老五星酒店，房间设施陈旧可以理解，更新起来成本过高，但早餐质量应该尽快改进，这样才能与星级相配。另外，北京的五星酒店都会在入住的第一天送水果，甚至蜈支洲岛上的观海木楼都送了水果，可惜亚太却没有，这也是对客人表示欢迎的一种服务吧，建议亚太考虑一下。总的来说，酒店还是很舒服，给我们留下了比较好的印象。
0,"太同意前两位的点评了,后悔当时定得冲忙没看点评.除了没办法建议各位看看别的酒店吧."
1,三月入住的五号楼豪华间，酒店的环境真的不错，从室内的陈列到窗外的景色，以及酒店内花园都显得华贵而清幽。酒店早上的自助餐也很好吃，中西式的都有，而且选择也还算多。唯一欠缺的是，由于第一天入住酒店时间较晚，希望第二天退房后再去泡温泉，却被告知不能享受酒店客人的优惠价格，感到不太公平...宾馆反馈2008年3月29日：尊敬的客人，您好！您的意见我们已提交相给相关部门的领导，今后会根据实际情况酌情考虑温泉优惠价格的时限。
1,我是12月去的，环境很好，豪华的海景房，从阳台望出去就是海月广场，晚上的景色更美，广场上很热闹。还有特产超市，买东西也很方面。
1,大床房的大床象在家里一样舒服，环境好。早餐品种不多，味道还行。
1,"很不错的一个酒店,床很大,很舒服.酒店员工的服务态度很亲切."
1,"典型的客家山水度假地，就如山庄形象代表--餐厅服务员阿婷身上透谢着客家人和物的自信,开朗，纯真,朴实和美丽。元旦两夜三日三次登上越王山顶，流连忘返，感受超值。建议游客登山带上手袜，山庄在山径多提示不要丢杂物垃圾和注意钢丝头处的安全保护."
0,1、门童不专业，我们是晚上10点到的，下出租时，没人开门不说，连箱子都要自己拿。2、房间太小，浴室也小，不象是四星的标准。3、结帐时竟然说两间浴袍不见了，我们入住时根本就没见过浴袍。还想问酒店要呢！4、入住和结帐都慢，总之以后再去，不会再入住了。
1,非常不错的酒店，就像还不错的宜春一样（宜春非常干净，文明，这点在江西还是较少见的）。
1,"这个如家算是离SOHO现代城最近的一个了,打车一个起步就可以到SOHO现代城的地铁.出差去住了8天.预定的时候跟携程的工作人员说不要靠近电梯不要走廊尽头的,入住的时候果然给安排妥当.前台服务人员态度都很亲切.住进去发现宽带不能上网,要求换房,但是当天已经没有空房了.我也无所谓啦.等第二天有了空房,果然就给我换了一间...早上10块钱的早餐算是很丰盛了,炒菜也不错,很家常风味的那种.地下的保健中心可以叫足疗到房间里按摩.手法还算过的去.最后全开了餐饮发票里,回来可以报销了哈哈...总的来说,200多块钱的宾馆,这个如家算是性价比很高的了."
1,可以够4星。泳池屁股大点儿，水还不清。宽带慢如牛。早餐质量不高。
0,"酒店除了地理位置靠近火车站(50米)以外,没有任何可圈可点之处了,房间还算干净,但是设备和面积都不是很符合性价比,卫生间的马桶还有时堵塞;房费里包含的自助早餐更是差,还没到早餐结束时间,所有的盘子就都空了,只剩下咸菜和牛奶了...下次不会再住了."
1,已多此入住该酒店，服务还是不错的，早餐如果可以更丰富一些就
0,"差，太差了，希望不要推荐给携程用户。。。。。。。。。。。。免费注册网站导航宾馆索引服务说明关于携程诚聘英才代理合作广告业务联系我们Copyright1999-2008,ctrip.com.allrightsreserved."
1,定的商务大床房，房间偏小了，不过经济性酒店也就这样；环境一般，周围感觉蛮乱的，不过旁边有个易初莲花超市，买东西很方便；服务相对另2个经济型酒店算最好
1,房间还可以，还有我去的时候大堂摆了一个楼盘的销售模型，感觉有点不适合。
1,3月12日入住。价格方便，在哈尔宾算比较高的，而且是比较老的酒店，设施比较的旧，隔音的效果不好。前台其实还不错，没有前面的哥们说的那么寒碜。交流下来还是挺愿意服务好客户的。晚上没有骚扰电话。应该说如果你觉得价格合适的话，应该算比较不错的宾馆了。火车站去那边8元的起步费。飞机场的话，做门口的大巴到火车站，只要20元，然后再打车。交通还是比较方便的，步行就是秋林，远大。吃饭的话去远大楼上也不错。
0,酒店卫生服务较好，但代销的“长城一日游”是家黑旅行社，上车加钱签协议，协议上盖有XX假日旅行社的条形章，无公章和发票，黑心导游自称姓青，车尾号是564，行程时间7：30-10：30，实际登长城时间为1.5小时，昭陵0.5小时，其余时间全部被黑导忽悠“购物”和误导性消费。。。以后再也不住西翠了，想起来就恶心，西翠以前不是这样的啊。
1,"非常感谢携程工号84392的客服人员,帮助妥善解决了由客人自己信用卡担保的失误,没有及时告知的事件.下次有机会会再次光临本宾馆,支持携程"
1,酒店的房间太小了，一点没有5星酒店的感觉。前台给人的感觉好像是3星酒店。不过服务员的态度还是很好的！
1,这是第三次住在富豪酒店了，房间不错，就是感觉有点贵了，这里的自助餐算是远近闻名了，本地的朋友也会拖家带口来吃，唯一的缺点就是标双和大床间只送1份早餐，1个人住还好，如果两个人住，还要多买份早餐券了，不划算。
1,很不错的度假酒店，强烈推荐一下，真希望能多住几天，就是房价贵了些！
0,这个酒店基本上我不太满意，住了那么多酒店，就这家酒店打扫房间还要人催的，回到房间下午5，6点了，房间居然还没有打扫，而且不是1天2天，住了10天，有一半以上都是这样。但是宾馆2天会送一盘水果，每天还有免费报纸。虽然这方面还不错，但是作为一家宾馆，尤其是要充四星级的宾馆，这样的服务未免有点太。。。。还有餐厅的服务也不好，上菜也上错，餐具都是灰尘。。。。下次不会选择这家宾馆，我个人对于房间的卫生打扫还是很在意的。
1,蓝天宾馆的服务绝对的好，每个宾馆员工见到每个客人都面带微笑，说：“你好！”服务很周到，餐厅的菜也很合口，设施很齐全，四星级的酒店有五星级的服务，我们一家人都很满意，决定下次去威海，还住蓝天宾馆。
1,酒店位于南北主干道旁，交通非常便利，特别适合自驾车旅游者。（酒店门口免费停车）房间设施不错，服务态度挺好。就是牡丹节期间洛阳的酒店价格都上浮厉害。
1,交通方便，周边也热闹，房间小在香港那是自然的了，总的说来是物有所值了。
1,一，房间舒适卫生，且较为宽敞（豪华标间）。二，酒店服务还可以。三，所处地理位置极佳。强烈推荐！
1,不错，住得挺舒服的。就是打的不方便，要走很远才能截到的士。
1,住的标间，比较干净，餐厅的菜价格和味道都还可以，也比较新鲜。总的来说，性价比高。
1,"我住的是豪华大床间,368元1、冬季房间很冷，空调连续开了2天才暖和过来。2、该宾馆显然不是按4星级宾馆建造的。3、沙发很脏，毛巾感觉很陈旧，浴袍的领子一圈脏。4、服务不错，我用电脑，服务员主动提供一个插座5、家具床铺都不错。总的说来价格偏贵，300元左右还差不多，不知标准间怎么样"
1,"5月3日全家四口自驾游,订了两室一厅住了两天,来的很多都是这样的人.酒店房间环境都可以,门口免费停车,有一个不大的泳池,免费,地下健身要收费.电梯间设计很窄.两房一厅两张大床,1.5米和1.8米,只有一个洗手间,厅内沙饭桌齐,厨房还配有电饭锅,冰箱.适合一家大小住,象一个临时的家.北海不大,自驾到处都很近,无所谓一定要住银滩.二楼的餐厅味道不错,价格也不贵.补充点评2007年6月13日：补充一下,床垫太差,上层跟没垫东西似的,都可以用手轻易摸到钢丝的格子和交结,晚上被硌得受不了,打电话问前台是否有多余的被褥可以铺在上面缓解一下的,前台竟然说没有多余的被子.死忍了两天,天天睡不好,早上起床腰酸背痛.强烈建议酒店改进一下."
0,"酒店比较陈旧,房间也不大,有股味道.早餐一般.房价也不便宜!总之很一般."
0,从小事看不像四星级酒店：车到门口，门童似看不见，自顾自聊天说话，连啦一下门也没有，早餐品种很少，房间的设施不如三星。但这酒店在黟县算是最好的了，想住的话只能将就了
1,酒店的服务是不错的，但是硬件不够五星标准，什么都要再收费。晚上的自助餐很值，酒店去市中心的巴士也很方面。如果在住上不想花太多的钱，可以考虑！
1,房间还可以网络也不错夜总会生意也不错只有一点这次交押金时候是刷我的信用卡预授权结帐是用现金结算的结果预授权的金额没有给我刷回来等收到账单才知道那部分信用额度被冻结了宾馆反馈2008年6月27日：感谢您的点评。有关信用卡预授权这件事真的很抱歉，是我们的服务没有做到位，没能在您离店时及时帮您取消预授权以至于带来了很多的不便，望请谅解，但您请放心，一个月后，预授权会自动解除。真诚的希望您能给我们再次为您服务的机会。
1,自动窗帘，窗纱，遥控开关台，是太子酒店独特的地方。演艺馆很有特色，专业的歌舞杂技演员给人留下非常深刻的印象。早餐也非常丰富，不过不够精致，有点大锅饭的感觉。另外，园景房的窗外景色也非常不错，有超大的泳池，园林，还有儿童乐园，我朋友还曾经跑去园子里摘过荔枝~
1,"福州目前最顶级的酒店.不过豪华阁的服务感觉比两年多前刚开业时退步了.补充点评2007年12月16日：这次进入房间也没看到印有自己姓名的欢迎卡片.上次入住时看到卡片,心里顿升感动."
0,房间的设施还算过得去～但是我遇到的最差的酒店服务就是这家酒店了，特别是前台服务简直让人恶心！！首先入住的时候就莫明其妙，不仅态度爱理不理，而且我用信用卡的时候竟然直接刷的消费，不能做预付权竟然招呼都不给我打一下，认认算了。但是最恐怖的时刻还没发生，退房是的遭遇让我快吐了！！我早上退房的时候前台有三个人，一个在用手机聊天，另外两个在聊天，其中一个竟然屁股对着我，我喊了一声退房把房卡给她，她竟然把房卡放在桌子上。继续用屁股对着我跟另外一个聊天，大概一分钟后把一个话题聊完才打电话给客房部查房！！！然后更恶心的事情发生了，那个面对我的聊天的前台竟然连续吐了两口痰在地上，连背身的动作都没有，当着客人的面吐痰，这么多年住宾馆，从上海五星的证大丽笙到甘肃的小宾馆，头一次遇到！！！最后我要她打一份帐单给我，上面的内容是重叠的，根本看不清除～宿州汇源，I服了U
1,虽然我住的是豪华房，但是房间的设施还是显得有些陈旧。早点并不是非常的丰富，不过我想对于在四星饭店里的50元钱的早点，可能是我要求过高了。不过这个酒店的门脸可这是够背的。藏在了一个小胡同里面。不过还好出租车司机都知道。
1,武夷山邮电宾馆提供的免费接站很周到，房间很安静，酒店的回廊可以看到远处的武夷山脉，环境还算幽雅。打车去景区很方便，离附近三姑街步行5分钟距离，可以去那里解决用餐的问题，品尝农家野味，经济实惠。
1,"个人觉得比旁边的建国饭店大大的物超所值.也不分什么内宾价格和外宾价格.房间新装修的,很现代,不象建国饭店给人感觉又老又阴森."
1,当地最好的酒店。房间条件很好，我住拐角的房间，布局比较特殊。总体来说满意。
1,和父母一起去的，所以住在家庭房里，没有看到无敌江景。总得来说，酒店弄得比较干净。韩国人特别多。但是房间里老是有一股去不了的怪味道，马桶偶尔漏漏水，莲蓬头设计得非常容易往外溅水。早餐也不咋地。虽然缺点多多，但是已经算是丹东最顶尖的酒店了。
0,我主在709房间，该房间空调声音巨大(门外都可以听到)，浴缸没有防滑垫，浴缸水龙头把手轻轻一碰便会整个脱落，房间没有灯光总控制。电话竟然是坏的，没有声音。饭店入口很难找，前台不但小，而且一片混乱。
0,上网的宽带不太稳定，同事入住的时候都会带一个CDMA上网卡。。
1,酒店地段好，设施高级，服务业不错，2楼有个意大利餐厅很不错的！
1,"服务员有礼貌,价钱超值.房间很大,不错,洗手间也很大.唯一隔音不是太好,而且附近食店不多.(但很多地方坐的士10~20元可到)*我住豪华房"
1,总的来说还可以但288的价格没有什么竞争力一楼的自助餐比较便宜38元但基本上没什么吃的房间的地毯太旧了已经泛白显得很脏比起绍兴的雅豪真的是差得远没有骚扰电话房间很安静前台办事效率比较高补充点评2008年4月21日：没有送水果离高速公路出口很近
0,"准备带一家人来过年的,订了两天两个套间,就为了图个清净.可是除夕下午患了感冒,晚上房间里的空调根本不热,而且声音奇响.结果第二天只能匆匆提前离开.酒店位置很偏僻,自己没车进去了就出不来,周围好象有些象游乐场的设施,但冬天好象不开放,不知夏天怎么样."
0,"一个词----""大失所望""!!!去广州之前,在携程上研究了半天,后来应老公的要求选择了Elan,因为他从欧洲带过来的那本""CHINA----lonelyplanet""上极尽完美之辞的推荐了该酒店.网上看图片和介绍,觉得应该也不错(没有查点评),我当时认为应该和""有一家""的水平差不多.可是一进房间,发现和图片实在相差太远.房间小得可怜,没有地方放行李,甚至连坐的地方都没有.一张小得可怜的写字台上有一台小得可怜的""液晶电视"".如果你想躺在床上看电视,恐怕需要一双""千里眼"";如果你想使用那张写字台,那你一定需要很苗条,才能坐在那个位置,并且需要带一台小于12寸的笔记本，否则是放不下的.房间也不干净,首先进去的那间330元的大床房,马桶里居然还漂着头发.后来立马换了间560元的套房,其实也就稍微大一点点,多了个坐的地方,有沙发和桌子及大一点的普通电视.房间设施很陈旧,地板有些地方已经翘起来了,隔音不好,热水水压也不够.....前台服务还不错,服务员能说英语;但是压根没见到行李生.个人感觉,不值那个价钱;个人意见,不推荐入住!"
0,先从停车场开始说起吧，一个保安都没有，停车场是自由出入的，把车停在那里感觉上是停在了路边的空地上，一点安全感没有。进入酒店大堂开始，就有一种刺鼻的霉味，红色地毯脏得都快变成黑色的了。进入房间后的第一感觉就是被别人给扔进了地下室，就这房间也敢叫豪华房？？马上要求退房被拒绝后，酒店主动给我换了个房间，说是更豪华的房间，结果还是，，，，，不过好在窗户可以打开了，我就开着窗户睡了一会，酒店的浴巾居然带有异味（发霉的味道）我真不知道携程是出于什么心态跟这样的酒店签约，出于价格么？？？接近于四百这也叫便宜？？？奉劝大家千万别住这里。唯一可以算的过去的是，服务态度还不错。
0,"酒店已经比较旧了,海景房也很一般.酒店的拖鞋据称不是一次性的,但没有在包装上说明,再要需要收费10元每双!也没发现这个拖鞋和其他五星级酒店比有什么特别显著的差异!收拖鞋费用实在对不起这么性价比不高的房费!所以你要准备好拖鞋不能在住店期间搞湿弄脏,这意味着收费!可能酒店会理直气壮地给你环保的理由!下次不会在住了,实在看不出有什么特别舒服的地方!可以再去海悦建国试试!反正这个酒店的海景房也没什么意思!而且房间相当一般般!服务也没什么可以值得称道的!甚至肯定比不上泰安的遵华华美达,虽然泰安是一个小地方!"
1,很多年前住过一次。这次是第二次住。房间很大，也很干净。由于酒店门前的道理好了，因此也方便了很多。酒店李南滨路的美食一条街不远。酒店的早餐真是非常不错，和很多更高档次的酒店比也不逊色。但是这么多年感觉酒店的外观太旧了，大堂也没有了四星级酒店的气派。
0,"我订的是普通标准间B,感觉非常的糟糕.尤其是淋浴房没设计好,洗完澡之后水流的一地都是,第二天都没干,严重影响心情,本来计划住二天,无奈第二天早上退房了."
0,一到晚上生意就非常的好，这么破的酒店还能吸引人的原因是因为价格还算便宜。
1,"房间设施有些陈旧了。值得欣慰的是，宽带速度还可以。宾馆反馈2008年1月14日：感谢您对我们宽带的认可,其他方面我们也会努力,欢迎您再次光临惠顾!"
0,我个人对这个酒店感觉不好：1、硬件（1）这个所谓的酒店公寓好像有的层是客房有的是居民，我甚至看到有个人在电梯里牵了条大白狗！酒店无论院外还是楼门边都没有“海悦滨江酒店”之类的牌子，只能顺着门牌找，感觉非常不专业。（2）房间临街，早上实在太吵了，不用叫醒或闹钟，五点多准醒。（3）浴室有一道玻璃砖墙临街，非常冷。（4）早餐只有四种可选，量少，单点要40元/份！2、软件（1）工作人员素质实在太差，到了前台里面坐三个人，根本没人理我，直到我说有预定房间要住店。结帐非常慢，等了很多人，发票两天开成一天，一切都很不专业。
1,我住的是特色标间，所谓特色，是有些类似家的感觉。寝具不是单调的白色，是条纹和大格子的，感觉很温馨。圈儿椅的靠垫是卡通的加菲猫头，明黄的颜色有点扎眼，和周围配在一起感觉有点不协调。客房硬件评价3.5分。加湿器、烫衣板、电熨斗、吹风机、小冰箱等俱全。缺点：液晶电视固定在墙上，位置不好。一是遮挡了一个电源插座；二是与桌子搭配不当。桌子（与冰箱柜一体）在电视下方，如果坐在桌子旁上网或工作学习，正好挡住了电视屏幕。错开坐，正好是冰箱柜，腿脚伸不开。
0,1、空调噪音大，换了两个房间都这样；2、有蚊子；3、内部空间较为凌乱。
0,房间装修有点旧了，隔音较差，且没有宽带上网，服务中规中举，没什么特别，感觉往来的客人很复杂，有骚扰电话。
1,房间还不错，古典而又现代！前台服务一般，基本见不着笑容！地理位置还不错，尤其是喜欢数码产品的年轻人！
1,性价比比较高。位置不错，挺幽静，不过作为5星酒店，就是早餐的内容少了点
1,总的来说还是不错的，除了床小点，改换大的，其他还是不错的，新装修，服务也不错！
0,房间：商务大床房。房间小，洗手间更小。电视21寸，其他设施差。前台：checkin和checkout的速度奇慢。清晨时俩人专为我一人办checkout居然用了15分钟，查房两分钟就答复了啊，然后就慢悠悠地打各种单据，打错了再打，都挺淑女，不急不忙的。结预售权只给了我预售权签名单，我还觉得怎么好像比每次少了张单。临出门叫我回来，原来刷预售权完成时还没让我输密码，真是感觉匪夷所思。只感觉8日那天前台有一个接待员态度很亲切。前台经理态度冷淡，没有见面问好，走说再见。反正我结帐走人时，什么话都没有。人走茶凉的感觉。其实我听不听那一句倒无所谓，不过这总是一个酒店前台最起码该有的素质。洗衣：早八点将待洗衣服交到前台，前台经理给了我一个单据签字，无任何交代，在知道我第二天要退房的前提下，也没告诉我当天不能送回。其他所有酒店都是当天下午六点前送回的，你如家有例外，至少该说一下吧。我回房间重新仔细看了服务指南，只写了收衣服的时间，就是不写送回的时间。最后接受加急，多收了50%的洗衣费，才在晚上快九点时收到洗完的衣服。早餐：服务还好，花样少，包子/炒菜/炝拌菜为主，习惯吃早点的人吃不惯。我每天只吃两块一样的小蛋糕和一杯奶。其他：一天傍晚酒店走廊里有俩人撕打，女的哭得嗓子都破了，后来声音变远一点，可能是从走廊转移到房间。哭喊持续了至少大概十五分钟，貌似没有服务员来查看。第一次住如家，以前住的三星四星五星也都有，按理说如家总应该不比三星差吧。反正是挺失望。看看桌上那博客小书，都写如家怎么怎么亲切，服务员见谁都笑。但这边除餐厅外，没有任何一个服务员见面抬抬眼皮的，更别提问好了。我是感觉我进假如家了。下次宁可离地铁站远100米，我住汉庭去。
0,酒店自诩准五星，入住后，让人大跌眼球。原本订的6日13至15日二晚住宿，由于飞机晚点，到达酒店已经是凌晨二时，没有门童，行李是自己提上台阶进大堂的。大堂的层面很低很压抑，装修陈旧而俗气，总台服务员自始至终没有微笑。问现在这个时候入住是否有优惠，她爱理不理以摇头代答。订的是毫华大床间，令人不可思议的是，这个所谓的豪华居然是这样的――电视机最多只有19寸，灯光昏暗，床硬硬的，没有供客人使用的纸袋，地毯很脏。特别是最多只有19寸的电视机，说准五星简直是一种欺诈了。于是决定天亮后就换到泰达美爵。退房时，居然又浪费了我近二十分钟。办完手续，也没有任何一个门童帮我推行李。看发票，盖的是部队招待所的章。原来这个所谓的准五星，居然是招待所！我百思不得其解，这种档次的酒店，怎么会得到一些客人这么高的评价。补充点评2008年6月25日：“1、您到店的时间已经超出您的预订时间，酒店仍然给您保留了房间，并且按照您预订的网络价格给予了优惠，而且免费为您升级到了豪华房间；2、您入住房间的电视机是21寸的液晶电视；3、客人需要购物袋可以向房务部或前台索取，我们会提供给客人......”――――一、我预订的是商务房，价格为558元，因为不喜欢商务房的装修风格，要求降格到豪华房。我这里保存着携程的订单，以及降格到豪华房后我支付的豪华房488元房价发票。我不知道贵酒店所称的“免费为您升级到了豪华房间”是什么意思。希望能看到解释。二、即便真如您所称，“电视机是21寸的液晶电视”，请告诉我，如此小屏的电视机，放在一家自称准五星标准的酒店的豪华房，是否合适？三、您提到“客人需要购物袋可以向房务部或前台索取”，这显然牵强了，若按照这种逻辑，是否可以延伸到客人需要卫浴用品可以向房务部或前台索取？若酒店真有“客人需要购物袋可以向房务部或前台索取”的惯例，那至少应该用文字的方式在床柜之类的地方明示吧？宾馆反馈2008年6月23日：尊敬的宾客：您好！非常感谢您把金海大酒店作为您大连之行的驿站，也非常感谢您对酒店提出的意见，对于您此行的不愉快我们深表歉意！在以后的工作中我们将加强酒店员工的培训，提高服务意识及服务质量！对于您以上提出的问题我们做略加解释，希望您能够理解！1、您到店的时间已经超出您的预订时间，酒店仍然给您保留了房间，并且按照您预订的网络价格给予了优惠，而且免费为您升级到了豪华房间；2、您入住房间的电视机是21寸的液晶电视；3、客人需要购物袋可以向房务部或前台索取，我们会提供给客人；4、酒店员工服务的不到位说明我们的管理还需要进一步加强。再一次感谢您所提出的意见，欢迎您能够再一次入住我们酒店！
0,"房间设施陈旧，气味太重，床单上有黄色斑点。免费注册网站导航宾馆索引服务说明关于携程诚聘英才代理合作广告业务联系我们Copyright1999-2008,ctrip.com.allrightsreserved."
1,服务态度一般；房间隔音效果不好，总能听到隔壁房间的声音，特别是鸡上门的声音很明显，严重影响休息。
0,"上网收费巨高,房间卫生差,找不到服务员,床都坏了没人管.实在太烂了,谁去住就是SB免费注册网站导航宾馆索引服务说明关于携程诚聘英才代理合作广告业务联系我们Copyright1999-2008,ctrip.com.allrightsreserved."
0,"岛上没有像样的宾馆，这家马马虎虎过得去。硬件设施很差，没有暖气，最多只能算1+。免费注册网站导航宾馆索引服务说明关于携程诚聘英才代理合作广告业务联系我们Copyright1999-2008,ctrip.com.allrightsreserved."
1,真是一个避世休闲的好地方，但是（１）二楼西餐厅做的饭实在难咽下去，不如在大门右侧对面的小饭店用餐，实惠而且有正规发票．（２）游泳池要收费．（３）夏天蚊子太大．补充点评2007年5月23日：忘了一点很重要的，就是去的时候最好是下小雨，烟雨中更显江南虫二了，好去处啊．
1,这次去大理，入住这家酒店，整体感觉很好，白族姑娘服务不错，房间也不错呀！还算干净！交通也方便！！赞一个！！
1,"服务尚可,携程网协议价偏高.本人发现其他公司协议价只有366元(含早)."
1,1、内装修还不错，看起来很有特色。2、卫生也还可以，只是房间小了点。3、最重要的是各个房间不隔音，隔壁咳嗽都能听见，太可怕了。
1,"酒店房间太小了性价比不是很好,不过越靠北越是这样,没有办法啊,还是南方的酒店性价比好!"
1,"总体可以.房间设备齐全,干净.价格很有优势.有不错的免费杂志,值得阅读.赞一下热水器,水量大,出水快!但结帐时服务台年轻的工作人员显得经验不足.另外,无人帮助提拿行李,无去机场的大巴.地点似乎有点偏,的士司机还趁火打劫,要了我155元."
1,"看了各位评论后，通过携程订了一个豪华间。如大家评述,房间装修和摆设洋气、干净、舒服。酒店服务还是非常好的。前台MM没有传说中那么漂亮，也许我去时人家没上班。不过前台的男服务生还是很帅滴。美中不足的是我要的大床房只有临街的了，房间的窗户不是隔音的那种，晚上被窗外的车声吵得半夜一两点钟才睡着。另外，现在3楼和5楼等还在装修，3楼还好，5楼的油漆味很重。建议订房前与酒店电话确认房间位置和装修进展情况再入住。"
0,此酒店简直就是糟糕！环境很老久，离市区还有点远！住在里面的是大量的旅行社的团队，乱糟糟的。上网的话价格贵的吓死你！对于携程优先推介此酒店非常不满，绝对是给的返点比较多。不如住火车站对面的如家快捷商务酒店，上网还免费！不知道携程怎么搞的！自己的合资酒店不推介，搞个这个破酒店。
0,今年的5.1、10.1长假分别定了西安与重庆的如家，非常失望，如家简直无诚信可言。这里把我的遭遇简单描述，希望能给各位出行的朋友提供借鉴。5.1西安的如家严重超定，我们一行11人险些露宿街头，与酒店交涉了2个小时，原定的4间房，只拿到3间。同时到达酒店的不少客人，因无房可住，只得带着行李走人。9月14日通过携程携程定了10.5日如家的上清寺店，吸取了5.1教训，于10.5日下午用信用卡做了付款担保，到达酒店，办理了信用卡预受权，莫名的签了好几份入住单（在酒店坚决要签的情况下），拿到房卡时才发现，原定的2套商务大床房被换成了标房和大床房，酒店除了说“抱歉、房已满”再也没有任何解释。对房间的大小、设施没有过高的要求，毕竟是经济型酒店，最让人受不了的是，其中的一间房臭气熏天，请服务员弄了3次，仍旧臭。无语......
1,性价比还不错，对面就是新光天地百货，逛街很不错！
0,房间设施质量不是很好，房间很大有20多平方，但感觉不温馨。酒店价格在当地来讲，不算实惠。
0,"用一个子评价就是""差"",两个字就是""差差"",用三个字评价就是""差差差"",除了地点好,其它的,房间老旧也就罢了,那个脏!地板乌黑,床单没人换,味道那个难闻,上面还有____,简直恶心得没法儿说,服务员态度奇差,一问三不知!而且都将外地话,让人听不懂!房间冷,设施缺胳膊短腿开水壶没插座,总之,不推荐住宿!繁华地段有这样的酒店真对不起首都!携程网有这样的会员单位,对不起我们这样的铁杆儿会员!"
1,以前住过这家饭店，但那时还是HILTON管理的，现在是NIKKO了，感觉明显不如以前，并且设施也有些陈旧了，但在大连五星级饭店，这家饭店的价位相对来说还比较合理，酒店附近有个新建的时尚生活区，有一些好的餐厅和咖啡店不错，酒店综合服务和管理还需要加强。
1,入住感想如下：找不到5星级宾馆的感觉、总体水平最多只能算4星级。虽然房价比中州皇冠便宜100元左右、但所有硬件及软件远不及中州皇冠。
1,房间比较大，就是马路噪音有点大，双层玻璃只要开一点点就受不了了。宽带1小时10块有点太黑了，这年头宽带还收费。以前也在西藏大厦住过，感觉前台服务比以前好些了。二楼的饭菜太一般了。整体还可以。
1,自然环境一流，宾馆内部装饰（附楼）也相当不错，说不上豪华，但是很整洁清爽。总体感觉是宁静写意。
1,"酒店的房间很舒服,但是打电话询问酒店位置的时候前台说不清楚;餐厅由于要接待团队就不能为散课服务,而且理直气壮."
1,"在沙田,地理位置也不算坏,只是离地铁站略微远了些,环境也还好,服务不错,前台的checkin/checkout都很快.房间嘛,不象传说中香港酒店房间那么小,感觉足够大了.哈.很舒服的."
0,"这个酒店如果不坐落在南湖边上,那就是一个招待所的级别.我们订了758的标间,却只有一张早餐券.另外一人要吃早餐,要68元,且无论你是大人还是孩子!而且早餐平种很少.我们住的房间墙纸也掉下来了.去的时候正好下雨,走道上还在漏水.而且酒店没有行李车帮客人搬行李.真不知道它这个五星是怎么评的.也许是当地政府行为吧.一个性价比不值的酒店!"
1,"总的来说不错,但是茶楼不怎么样!行政间台士电脑还可以,上网速度超快."
1,很不错的酒店。住的8号楼，设施蛮新的，服务态度很好，门童很殷勤，早餐也颇丰富（早餐是我判断宾馆水平的重要标准），在细节上做得比较好，比很多挂牌四星要好。地理位置应该也算不错的。下次去还会住。
0,"房间的环境非常差,而且房间还不隔音，住的不舒服。"
1,说是五星，房间比较小，网络还是有问题，但是服务人员业务能力比较强，很快搞定
1,游泳池和健身房还不错！工作人员的态度也挺好。
0,黑店！不折不扣的黑店！在该酒店被盗1万港币和2千多人民币，报案后警方调监控录象被告之对着我房间的那一部坏了，而且那天惟独我的房间没有清扫记录。而且酒店方没有任何由于他们的失职对客人造成的伤害而补偿的意思。建议慎重选择入住该酒店，如非要入住该酒店请把钱和贵重物品随身携带（因为该酒店没有配备保险箱）补充点评2007年11月15日：到现在6个月过去了，警察，酒店，携程都没有人给一个说法，今天携程来电话说酒店要求删除此点评，岂有此理！！本人所发点评完全是按照携程要求言之有物，言之有据，真实客观的，只是告戒要预定此垃圾酒店的朋友小心，不要重蹈我的覆辙，这样我这1万多元的损失也没白费。希望携程能真正站在客户的立场上对待此问题。宾馆反馈2007年11月19日：酒店接到客人报失财物后积极配合，于第一时间协助客人连同警方一起对此事展开了调查，警方查询该客人住房门卡出入纪录，结果表明，记录系统显示为当日无客房服务员进出房间打扫纪录，而全部是客人自己的房卡出入纪录，且酒店开业至今，前台一直配有保险箱，客人所说的没有保险箱更是与酒店实际情况不符！经过警方确认，此事店方无责任。
1,房间宽敞，条件不错。周围环境也可以。周围无合适的公交车，出行需要用出租车。
1,多次住天荣，天荣一楼的餐厅真的不错，就是宾馆的不太好找，去了一次也就好了
1,"酒店地理条件还算优越,出门就是景点,不过到处弥漫着消毒水的味道,心情实在是好不到哪里去...价格也太贵了点..."
1,10月19日上岛的，11点到大堂，房间还没有好要等到下午1点，于是寄存行李，步行欣赏沿途风光，快12点赶往冬季码头潜水，中午工作人员为了节省时间没有培训就把我们送上船了，好在我的东北教练很负责任给我额外培训，虽然受天气影响能见度不高只看到几只小丑鱼，海葵和珊瑚，但也是很美好的潜水回忆了。---上午的时间安排很成功，避免了等待及厌烦。下午1点结束潜水在冬季码头乘坐免费的电瓶车到大堂，直接拿房间钥匙，由电瓶车免费送上去。不过观海木楼在山顶，有多个台阶车子只送到一半，要自己走上去。房间是8626有很不错的角度看海景，房间很有特色，设施齐全室外还有独立的游泳池，蜜月旅行酒店还特意送了果盘，潜水耳朵进水要了棉签，服务生很快就爬上山送来了，感觉这里的服务很错的。不过因为出于“室外桃源，人间仙境”的岛上，人和小动物和谐共处，所以有很多小家伙出入，我们看到好几只壁虎，小虫，飞蛾还有蛤蟆，蛤蟆从门缝钻进房间一跳就找不到了，我紧张的打电话给前台问是否会有蛇，蛤蟆还不算可怕，如果有蛇就太恐怖了，服务生说房间附近的草木都洒了硫磺，绝对不会有蛇的，还热心的问是否需要来帮我抓蛤蟆，被我们谢绝了。害怕有别的小东西再进来，老公用报纸堵住门缝，喷了防蚊药水，还把墙上的几个木头洞用纸巾堵上了，不过我还是睡不踏实，半夜4点惊醒尖叫，原来蛤蟆跳到被窝里把我吓醒了！老公惊醒就来说赶蛤蟆，那场景真实难忘啊！回来的路上老公还戏称这为“美好的回忆”呢！心惊胆战的度过一夜人很累一直睡到早上10点多，错过了看日出，在木楼上景色很不错，我们享受好美景就去退房，速度很快，服务态度也很好。然后又帮我们把行李存好。退房后我们又继续沿海滩行走，玩水到中午12点去海鲜自助餐厅吃“早中饭”，40元一人，虽然海鲜种类不多，可无限量供应的和乐蟹让人过足了瘾，伴着碧海蓝天椰林进餐，真是享受啊。吃好饭继续边走边看，一直走到未开发禁止通行牌才打道回大堂，再乘免费电瓶车送到码头坐船。时间很充裕的，因为我们把无谓的等待时间都利用起来了，感觉很不错。
1,房间很大，服务也很好，地理位置比较好，但宾馆门前停车很不方便，比较窄。
1,马马乎乎，早餐稍弱，只有那小米粥好喝，其他的一般．电视频道比较少，不太符合五星级宾馆的标准．其他都还不错．
1,"房间还不错,就是电视有点高,看着有点累,前台服务还可以."
0,我定的大床房，房间靠主干道加上隔音很差，吵得要命，我整晚都没睡着，如果睡眠不好的朋友要考虑一下！
1,酒店服务不错，本来我订的标间，到了之后我要求换成大床间，酒店爽快的帮我调换了。其他各方面服务也很到位，每天有报纸水果咖啡茶等免费供应。地理位置离市中心也很近。价格吗由于我也没有去别的地方问价格所以就不加评论。总体来说这次还是很满意的。
0,关于携程：携程在如家的价格谈判能力值得怀疑，这次订的是套房，通过携程订价格289，网上未显示门市价格。到了如家局前店后发现门市价为299元，携程价格仅优惠10元。再后来常州的朋友（就住在如家旁边）告诉我，如果直接预定，能轻松打到240-250的价格折扣。这样我就非常怀疑携程的价格谈判能力了，通过携程预定是为了经济，但拿到的价格之比公开的门市价低10元，根本不具备价格优势，甚至通过当地的朋友都能拿到比携程更便宜的价格，那我们还用携程干什么？关于酒店：套房设施太为陈旧，实在与289的价格不符，尤其是一楼客厅的沙发，简直是房间的最大败笔，灰绿色的沙发，实在很像从垃圾堆里检出来的。套房在1层，是上下层的复式结构，上层无窗户，下层有窗户，窗户外1米是一堵高墙，可以依稀透进来一点光线，感觉就是地下室。睡觉前在屋子里拍蚊子，拍死不下20只。住如家住了不少店，这样的房间还是第一次遭遇，出游不想影响心情，所以回来后再投诉，希望如家和携程能有所反馈。
1,这个酒店设施还可以，早餐也还可以，位于的路段也很方便。我们住的是商务电脑房，房间里配有电脑，上网速度也很快。就是房间很小，电脑台与床很近，打电脑的时候连走路也不能走。浴室是透明，适合情侣和夫妻~~。
1,"房间别致,有特色。环境一流。因为是木屋隔音很差。补充点评2008年2月29日：最好选2楼(木屋隔音太差).我住在2楼,稍微动动.一楼就打电话说我们声音太吵了."
1,天很，就提供空！很不！其他都不！
0,房间很小，与行政间的名字不符。另外这家酒店的按摩可千万不能叫，超级黑！结帐时居然会有打手上来，请大家注意！决不会再入住此酒店。
0,总体印象：不好。暖气说要晚上十二点来，结果一直都没有，有欺骗嫌疑，由于第二天着急走，就没有去跟酒店理论了。
1,服务还可以，只是晚上没有机场接送车，不太方便，蛮难找的。
1,喜来登的总体还是不错的，比较这个酒店时间久了，比较老。早餐还是不错。不过，在东北这个还算可以的。
1,酒店别具一格，很有一些园林风尚。服务非常到位，无论是门童还是前台乃至清洁女工，处处体现热情、周到和体贴，一家非常温馨的酒店。位置不错，交通便利，距机场18元（可能其他酒店也是这么多吧）。酒店略感有些旧，但一点也影响入住的心情。顺便说一下，因离店仓促，退房时将一项链遗忘房中，事隔一日，想起联系询问，已经由客房部为我保管，并快递与我，很是令人兴奋。
1,"我和我老婆4月4日至6日入住该酒店，非常满意该酒店的服务，环境，服务都没得说，Checkin和Checkout的速度都是非常的快，早上9点多到酒店的时候，由于已经住满暂时没有房间可以入住，就先交了3000的押金（声明一下，这个只是用信用卡做个担保，并没有过账，所以感觉很好），然后可以免费寄存箱包，等到下午2点左右逛街回来，顺利入住，并且还免费提升到18层行政房，房间很宽敞，很干净，各种设施都很齐全，我和老婆住了两天都觉得非常满意，感觉物超所值，一晚上也只要961港元，换算人民币还不到900，在香港住感觉算是非常超值了，交通也非常方便，下楼就直接可以到旺角东站，直达罗湖，往返国内非常便捷，另外，出门就是注明的花园街（很多运动品牌的,价格比较公道），去尖沙咀的话，走十分钟到太子地铁站或者旺角地铁站都可以的，另外酒店还有定点免费到尖沙咀的巴士，由于我们一般很急忙的就出门了，没有来得及感受。总的来说，推荐大家来香港的时候尝试下这个酒店，价格和享受到的服务确实是成正比的。"
0,破酒店上网慢的一踏糊涂。网卡只有10M的连接速度。什么年代了。还用这么慢的交换机。会还有早餐难吃的要死。没什么东西吃的。连煎个鸡蛋都等不到。还是他们的领班在煎店。一边煎还一边在吃。水果就更没什么好吃的了。住了几次就没吃到什么水果。。
1,是一家不错的酒店，如果说问题，就是两次我没有打开“请勿打扰”的情况下，酒店服务员敲门，我还没有走到门口的时候，他们已经擅自开门了，呵呵，以后入住的，特别是正在进行敏感事情的朋友要注意哦！！补充点评2008年7月2日：我在网上订房时，补充说明要求“15F或者16F，最好能够看到柳江的房间”，安排房间时满足了我的要求。宾馆反馈2008年7月31日：非常感谢您对我们服务提出的宝贵意见，给你带来不便我们深表歉意，我们一定加强员工的培训，避免出现类似的服务差错。我酒店按五星级标准装修的24-26楼豪华观景客房即将竣工，期待您的光临！！
1,酒店位置不错，交通方便。硬件环境虽然显得比较旧了，但依旧不失档次。服务态度基本令人满意。宽带网络速度不错，就是还需要单独联系前台开通帐号且没有什么提示说明，不大方便。房间里准备了灭蚊器，但是没有药片，需要自己联系服务员索取。离店那天的早餐不大理想，还没到结束时间（差一小时），我们一边吃，服务员一边在旁边就把各种餐具、菜品收走了，令人感觉比较尴尬。另外，在卫生间看到
0,我不知道这里的早餐餐具到底是否消毒，我看到服务生直接就拿收下来的餐具在水龙头上手洗以后又放回到了盘中供客人取用。想想真恶心
1,都说长沙饭店老，服务态度不行，不过这次在五华感觉还蛮好。1.定的商务大床间，在25楼，落地窗感觉不错，外面就是贯穿长沙市南北的芙蓉中路；房间好大的，床差不多7尺，睡得很香；关于隔音情况，隔壁电视机声音确实会传过来，有点影响睡眠，不过这似乎是通病；2.早餐自助数量不能说多，但过得去，味道也可以，汤面和荷包蛋都是现做的，总体来说符合四星级标准。只是冷饮料只有一种果汁，味道虽不错，但不太合我的口味，希望改善；3.房间和卫生间是一块透明玻璃隔断，遮帘还是房间里控制的，呵呵，年轻人应该很喜欢。4.酒店位置属于长沙市偏南了，不属于市中心，交通路线不少但是很乱，老实说长沙的交通路线大多数都是绕路的，很不合理。不过幸好市区不大，到东到西打的也蛮便宜。询问前台小姐去岳麓书院的公交，也说不出个所以然，晕死；5.最好想说的是，房间工作台上的矿泉水是付费的，只有柜子里2瓶才是免费的，容易让房客搞错，这点有必要提出，呵呵。补充点评2008年6月11日：对了，电视机换台时画面居然会停滞片刻，非常奇怪。还有茶包，居然放绿茶的小竹篮上写着“有偿使用”，差点上当！总而言之，房间还是蛮干净的，设施也比较齐全。
1,"因为预定了2间客房所以还有机会再说几句.房间价格稍贵,携程的价格没有吸引力,如果公司和酒店有协议的应该很便宜就可以预定."
1,酒店环境不错，房间的感觉在家一样，5百多的价格感觉合理，下次还会选择。
0,"房间备太差,连空调都没安装,下次如有机会再去不会再选此酒店."
1,"2008年4月19-22日入住,因为搞特价活动,只花了HK100就升级到23层行政房,以下有几点总结:1.酒店有GINGER(姜)薰香味道,很特别,另人感到温暖2:行政房不算大,但大床很舒适,卫生间装修前卫简洁,与房间是玻璃之隔,一次用品也很周全,迷你吧有特有的咖啡壶和烧水壶,与众不同,可以自已煮水泡壶与烧咖啡.床柜有IHOME的可接IPODNANO的音响,还有DVD与液晶电视3.早餐很丰富,服务很好,并有免费报纸4.有一点要注意,在酒店打LOCAL电话是HK5元一次,但如果拔HKIP电话,却收HK25一次,气死我了,早知就用HK手机卡打了,这个一定要注意5购物方便,酒店与朗豪坊四楼相通,朗豪坊一楼是名妆店,二楼有BODYSHOP,欧舒畅丹,Khilds等,吃玩都有,很方便6,酒店对街就是SASA,卓越,许留山,7-11便利店,离旺角地铁店只有二条街,二三分钟的路,我很开心,离女人街,电器街,庙街都很近来HK五六次了,我感觉还是住郎豪超方便超舒便,下次还是会住这里,"
1,闹中取静，交通方便，价格实惠，服务基本到位，房间设施虽稍显简陋，但值得推荐。
1,客房和餐厅的服务都不错，总台的办事速度也挺快。但楼层好像没电话，我忘带房卡还要下到总台，电梯有点慢。
1,"比较经济,早餐还可以,就是离市区有点距离."
1,不错的酒店.离市中心稍远.但
0,非常失望的一个酒店，设施相对淄博宾馆等酒店算好，但是房间的烟味非常重，这还是安排的无烟房间，这些就算了，本来对淄博的酒店没有太大期望，但是没想到还有更糟糕的，我预定了去济南的酒店的车，礼宾部告诉我是280元，我确认预定并说明结帐时列在我的房帐上，第二天一早我又打电话确认，结果下午1点结帐时说前台小姐说没收到预定，非常傲慢无礼，要求我先结房费，接着礼宾部拿来一张单据要我签署价格不是280元，而是280元＋15％服务费，我还是第一次遇到这种情况，酒店说我要是付现金就还是280元，不用付15％服务费，我请大堂副经理过来，她解释是刷信用卡酒店要支付手续费所以加收15％，我认为不合理，因为1）礼宾部没有在我定车时说明这一点，2）银行的手续费竟然要15％，从来没听说过这么高的银行刷卡手续费。最后，在我强烈的抗议之下，大堂副经理说还是按照280元刷信用卡来收。上了预定的车才知道，是出租车，不是酒店的专用车，因为酒店没有车队，就和5辆出租车签订了协议，出租车每年交纳给酒店几千块管理费，然后酒店客人定去济南机场的车就叫他们，要说明的是我乘坐的这辆出租车的服务很好。从性价服务比上看这家酒店不合适，我不会再入住了。
0,"该酒店根本就达不到星级标准,是当地工商局办的,估计就是原来的招待所,前天晚上我刚住了一晚,室外-3度,室内温度不会超过10度,更晕的是晚上12点空调关闭,网速很慢,按当地的消费水平,标准间最多就是120元的水平,可携程的预定价是180元,不值!早餐很差!"
1,住了一次，还算可以。不过携程的房间一向不好
1,优点：1房间大，也很干净。2地点不错，去那里都很方便。3服务态度好。缺点：还没有发现。
1,酒店位子非常好，交通购物都很方便。我预定的是高级双床房，因为飞机晚点，到达宾馆后告知双床房已没有，不过免费为我们升级给了一个套房并还给11岁的儿子铺了一个加床，感觉很温馨的。房间蛮大，很干净。就是洗手间小了一点。49楼的旋转餐厅能看到上海的全景，很美，服务生的英语蛮流畅，服务也很到位。只是旋转餐厅的菜系比较少，让人很难选择。总体都不错，下次还会住这间酒店。
0,并不是雨季，但仍旧是一股浓重的霉味。被子阴冷潮湿，空调也不开，没有任何取暖设备。在没有任何人排队的情况下，结帐花了至少15分钟。两个收银员打了个查房的电话上去后就开始自顾自聊天了，直到过了很久收到查房反馈后才带着一脸没睡醒的表情心不在焉地开始翻找预授权资料以及打印帐单和找发票本。本店员工难道不知道他们自己店的走廊是史上最长走廊，查房走过去要花很久吗？在一再提醒下才不情愿地打电话去催查房结果，就不懂得先把那些票据找出来。让人不得不联想到她们是不是没领到年终奖。明明早餐厅门口有人收餐券的，落座后还是有人上来一个个问有没有餐券，以己度人。补充点评2008年2月21日：忘了一点：最近拖鞋被换成了非一次性的，实在怀疑有没有真正的消毒干净。因为整个酒店就给人感觉霉霉的，旧旧的，不是那么清爽。如果得了脚气，他们是头号嫌疑犯。
1,房间比较干净，服务一般，交通还可以，就是门口的服务生差了一点，由于我们的车停在靠外一点，他看我们一下，也不管我们大包小包的，自己反而走开了。
0,房间奇型怪状，环境一般，厕所超大，床超小，价格较高，送餐居然还要收服务费，要不是如家客满，我才不会去住。
1,就是隔音比较差，房间外人说话一清二楚。其他都可以，在赣州都敢有什么奢求了
0,作为这个价位的经济型酒店，总体还算可以。但是房间构局极不合理，一个小桌子紧挨着床，上网必须盘腿坐在床上才行，洗脸盆居然设在离床不到一米的地方，一旦洗点什么东西，枕头床单一定会被溅湿。房间整体比较潮湿。开着热风还觉得湿漉漉的。那个透明的卫生间居然作为卖点……
1,我北京朋友掉了一根照相机线，但是人已经到金华，打电话到宾馆，服务人员非常敬业和负责，找到后快递到北京，在这里说声谢谢！
0,酒店不开夜床，我大约晚上11到酒店，发现房间和出门时一样的乱，没人来打扫，浴袍是坏的（有两处破损的地方）也没人检查，早上用餐时被告之只含单早，后来把大堂经理叫来才弄明白，要登记的时候出示两张身份证才能含双早，（但问题是我在办理入住时是给了两张身份证，但大堂的登记那位说只要一张身份证就可），堂堂的世界一流酒店管理集团希尔顿酒店会发生这样的气愤事件可让人无奈。。。。。。。。。
1,"住了美居.环境很好.服务很好,下次去一定还住~~~唯一不足的就是洗浴的时候水温不是很稳定."
1,定的国庆长假3号、4号的房间，从上海过去还是比较方便的，沪宁高速苏州绕城高速出口，开到巴城下高速左转，一直开到头再左转就是湖滨南路了，往南一直开就可以看到酒店了，酒店在大上海高尔夫度假村里。可能因为是长假人多，我们早上11点不到拿到房间钥匙，可是前批客人用过的房间还没收拾过。打电话给服务中心才派人来。房间比较大，比一般的套间大，厨房设备还不错，有些装修因为时间长了有些旧或者脱落了。酒店外面环境是不错，非常安静！第一次打高尔夫练习场，满有意思的，价格也还可以。下次全家再去，度假好地方。唯一的不足，其他娱乐设施没有，吃饭不方便，我们开车开了10多分钟去吃早饭。
0,前几日山西旅游到大同，通过电话定了这个酒店。总体感觉非常不爽。房间刚刚够上三星标准，偏偏报了一个四星；入住后感觉就是一个洗浴中心，房间不隔音也比较乱。第二天结帐又是内部结算又是房间内的物品损坏，上去一看又说查错了，真的不知道搞什么。下回请携程推荐时注意一下酒店品味。不要砸招牌。
1,"房间非常大,很干净,感觉很舒服,前台服务员比较有礼貌,应该是珠海最好的酒店.离口岸有点远,大约十分钟车程,自己开车问题不大,坐出租车应该也方便.价格有点贵,但是有一个前台服务员还很漂亮啊!哈哈!加分!"
0,前台服务差，尤其是入住时接待我的那位，男性，圆脸，戴眼镜。另外，我并没有见房间里有欢迎果盘。餐厅饭菜水平较差。价格贵、服务差，看样子真的不能住了。
1,该酒店地理位置很好，交通便利，在市中心，入住酒店时一进门就有服务员热情的招呼声，总台的男、女服务员特热情，办事效率也挺快，每次都会面带微笑向客人问好，入住的房间总体来说还算干净，房间内还有免费赠送的矿泉水。楼层服务员非常热情，是一个给了我很好的感觉的，非常适合商务人士入住的酒店。以后到南通这便是我的家。
1,处于无锡商业街附近，离火车站很近。非常方便。附近的美食店也可步行到达。很方便。房间中规中矩，纯木色装修，很舒服。绿色地毯个人不喜欢，不过也是很多星级酒店的首选。通过携程预定，可以免费上网（50元/天）比较惊喜。另有二个饮料赠送。开心。洗浴小包装味道很好。很喜欢。拖鞋也很漂亮。服务好，行动快。最有意思的是，进门的灯是找不到开关的，打电话询问，回答说，那个灯是应急灯，是关不了的。只能用总电源开关关掉，如果您一定要关闭的话，我们可以让工程部去帮您把灯泡卸下来。可爱死了。笑坏我了。大堂比较小。不过电梯很快。早餐品种还可以，中日西式，日式的味噌汤竟然还可以自己加料，很喜欢。不知不觉写了这么多，总之一句评价：中规中矩，五星标准。位置便利，商务可选。宾馆反馈2008年8月8日：感谢您对本酒店的支持！最近酒店有新的客房周末促销推出，我们将一如既往地保持5星级的服务标准，欢迎您再次下榻，衷心祝您身体健康，工作顺利!
1,"大堂整洁,房间干净,设施齐全,位置方便,早餐也还可以,服务也还不错,只是酒店周围环境不怎么样,但是这和整个南昌老城的整体环境有很大关系.在南昌还算是值得一住的酒店."
1,酒店的服务不错，房间很干净。提出要上网后，就给换了个能上网的房间，上网费也没有收。交通方便，门口就是大连火车站。原本以为会很吵，可以住在17楼，根本就听不到声音。费用方面200多元，感到很值。
1,服务很热情，房间温度正好，隔音效果好，地理位置优越，性价比高，下次来还住这里！
1,酒店也推出套票，内容与携程相同。携程套票价格并无优势，但增加了豪华房套票的选择。由于用了抵用券，携程豪华房与酒店高级房套票价格一样。SPA房环境不错，有泰式风情。套票仅含背部按摩，手法不错但时间短。四肢按摩需要加钱（88元/人），且不含头部、胸部，要按得再加钱。沐足中心提供沐足+推拿的套票，98元/人/3小时，比SPA超值许多。酒店游乐项目丰富，观光电梯不错，人工沙滩有特色，仙湖很大且风景很了，踩脚踏船一个小时都不能走个来回。酒店服务尚可，服务人员有礼貌。房间很失望，即使是豪华房也极普通，就三星水准。房间隔音不佳。西餐厅不大但早餐丰富、中餐厅祈福轩味道佳分量足还不贵，渔人码头一般。沿湖向外走出有家仙湖半岛食肆，如果早到还可坐在湖边位置，边吃饭边赏湖景，很惬意。推荐咸鸡、虎皮青椒焖豆角、椒盐骨！总之，托酒店和携程的福，三天两晚端午假期过的较尽兴，玩法丰富不枯燥，还吃到酒店送的粽子。PS.酒店一至三楼的楼梯有点绕，要有耐心，哈哈！补充点评2008年6月10日：酒店玩法较丰富，水上活动、康体设施及摆摊游戏都很多。我和先生二人三天两晚的端午假期，总花费应不足二千元，以这个价钱来说，是个不错的短期悠闲度假的选择！
1,比较清静，环境还好，我住的一楼房间比较潮湿有霉味，蚊子较多
0,酒店位置离火车站有点远，房间环境非常一般，而且晚上环境太乱，尤其是前台结账简直慢的从来没见过，让我等了40分钟，以后坚决不住这里
1,服务和早餐都超好对小孩也特别照顾早餐时特别关心房间环境也不错值得推荐
0,入住的5天，天天洗桑拿一样，空调效果极其不好，每天都有顾客打电话质问服务员，我在房内经常听到其他顾客的抱怨，要不是离出差地方近，我是不会选择这家酒店的，服务员对自己酒店设施不清楚，我打电话问有没有冰箱，第一次说有，第二次说没有。投诉在不会处理！希望大家有前车之鉴，不要上当，在住这家酒店了！宾馆反馈2008年7月7日：尊敬的客人您好！首先，感谢您给我们酒店提出的宝贵意见，同时也对您住店期间感受到的不适深表歉意。三峡东山酒店是一家三星级酒店，2007年被宜昌市旅游局评选为绿色饭店（银叶级）。作为一家以节能、环保为理念进行经营的饭店，酒店一直将节能、环保视为一项对社会应尽的责任。多年来，酒店时刻响应国家环保要求，严格按照：夏季室内温度不低于25度，冬季室内温度不高于20度来控制客房内温度，因为酒店事先在客房内配备了环保倡导卡，自活动开展以来，这一举措得到了大部分住店宾客的理解和支持。但是，由于个体差异，有部分宾客对空调温度的需求相差较大，从而也造成了酒店在节能与对客服务方面会产生矛盾。酒店在今后的工作中将会把准备工作做得更为仔细，在倡导客人支持酒店的环保行动的同时，将尽量满足不同客人的需求，不断改进我们的服务。
1,"酒店当时的团体客户多,所以临近假日,感觉散户有点不被重视了.宾馆反馈2007年10月10日：首先我们感谢您对酒店提出宝贵意见。酒店管理层非常重视客人的每一条意见和建议，总经理已敦促有关部门进行整改。对您在酒店逗留期间的不愉快，我们深表歉意，再一次对您说声对不起。我们将会进一步加强员工细节服务培训，加强专业知识的训练，期待着您再一次光临文华大酒店。谢谢！"
1,房间大，卫生间比较简陋，走廊有股味道。位于市中心附近，购物吃饭都很方便。银川是个很干净很悠闲的城市，很值得一去。
0,确实不太像三星的，不知道信阳其他三星酒店怎么样。补充点评2008年3月13日：家具比较老旧，不太喜欢，而且空调也不太好。
0,春节是住的，位置不错，交通方便，周围环境也不错，购物很方便。房间大，卫生间超大，个人感觉完全是浪费空间，房间老旧。前台服务一般。早餐只有韭菜猪肉馅的饺子跟米汤。是我吃过的最糟糕的酒店早餐。电梯很恐怖。不过一楼的老大爷很亲切。
1,"这样的硬件,这样的价钱,在香港是绝对超值的.保持了喜达屋的一贯高水准.如果去中环的班车免费就更完美了."
1,如果中餐再丰富一些就好了，一个人吃中餐没有找到合适的地方。西餐不错
1,周边环境好，安静，交通也方便，房间很干净，服务比较热情，特别是大堂人员训练有序。可能是由于在啤酒节前，房价涨的比较多一些，据出租车司机讲，平时还是比较便宜的。酒店就在海边，但离海滨浴场相对其他海边酒店来说，稍微远了一点，但因为青岛出租车便宜，所以也无所谓
1,"一样的舒适简洁,推荐商务大床房,大挺多的.性价比高"
1,"总体来说房间非常干净,卫浴设施也相当不错,交通也比较便利,唯一的不足之处就是早餐每天的内容都是一样的.实在让人无法忍受"
1,酒店有点旧，但是房间本身很干净。服务很好。早餐30元，东西还是挺多的，值得去吃。相对来说，酒店一楼餐厅80多元的晚饭就一般了一点。不好吃也不难吃，就那么回事情。
0,酒店太陈旧，2-3星的标准！！！！！没安全感！
1,成都的凯宾是我入住国内凯宾设施最好，服务态度最好，周围吃、住、行、购物最便捷的。
0,"完全达不到四星标准,前台小姐臭着一张脸,南楼的服务小姐还是瞒热情的.被子有一股怪味,洗手间地板不整洁,电视没有国际台,半夜还接到按摩小姐的电话.唯一觉得还可以的是中餐厅的菜还可以.用餐也不贵."
0,我住的是大床房，房间很小，小到放不下太多行李。不过离地铁站的距离很近，但是由于崇文门地铁最近在大修封站了，所以地理上的优势基本体现不出来，路面交通比较拥堵，很不方便。酒店的服务也不是很好，早餐不能挂帐只能买早餐券，早餐券只卖当天的，要是想第二天早上省事，只能早起去前台买。洗手间很小；房间也打扫的不干净。虽然价格不贵，但是和同价位的如家、桔子比起来差太远了，以后不会再去住了。
1,我在这里看到很多不好的评论，比如前台小等。但是我抱着试一试的态度住了进去，发现房间的质量非常好，交通很方便，环境安静而且安全。我准备将此做为我出差福州的常住酒店。这类商务式或公寓式的酒店，就是提供一个方便舒适的住宿，没有其他更多的附加服务，所以实在不必有大前台等。各类酒店适合各类的客人，选择不同的酒店对不同的酒店应该有不同的标准。我想，那些失望的评论人，是误解了这类酒店的特点。
1,行政房间太小。不过还算可以。所谓湖景房，实际上看不见湖的。离西湖起步价。也不算近。其余的还可以吧。
1,服务态度不错房间隔音效果有点差早餐太差了
1,提前做了些功课，所以乘坐班车比较方便。虽然周边环境一般，温泉也有在进行施工，但整体感觉还是不错的，走的时候有些不舍。双床房间的床大得夸张，有点象双人床了，就是不明白为什么窗户是上锁的，无法打开。服务人员很礼貌，见到的每个人都面带笑容，主动问好。早餐丰富，尤其是蛋糕很好吃，不过没有补充。中餐量偏小了，不过也可以理解。美中不足的是车费忘记结账的时候出示了，浪费了60元，呵呵。如果结账的时候能够主动提醒一下就更好了。
1,还可以，我住的标间368元，卫生间很大，设施比较齐全，热水器有的，床虽然不是大床但是软硬刚好合适，睡了个好觉。但有按摩小姐打骚扰电话，不过也属正常。
0,酒店地理位置比较比较偏僻，不过穿过两条马路就是石老人沙滩。酒店前台对客人比较怠慢，特别是女服务员，脸上几乎没有表情，对客人的询问或者是要求，都不太理睬，或者就是说，你等会。感觉很不好。男服务员倒是比较热情的，这个后面我会提到。酒店房间设施感觉一般，我定的是豪华房，感觉基本符合四星要求。大床比较舒服，房间内很多物品都是需要付费才能享用，好多介绍书都是用韩文标注的，感觉我到了韩国，中文标注的字体很不明显。酒店地址偏远，附近没有什么好的饭店，酒店内的饭店也在装修，只有咖啡厅和韩国餐厅营业，想吃点中餐很难，询问前台服务员，整个就一热脸贴冷屁股，爱搭不理的样子，我们没吃就被气饱了。晚上朋友带我们去吃海鲜，结果半夜两点两人都上吐下泻，请服务员送了点止泻的药和热水过来，还不错，很快送来了。早上五点还是挺难受，因为下午要赶回程的飞机，所以打算去医院看看病尽快止泻，想请前台派个人陪我们一起去，结果前台经理（男的）态度还不错，让我们等会，结果等到6点一刻，他告知我们6：30交接班，晚班的人要回去休息，早班的人送我们去，说实话，我们那时候都特别累，拉了一晚上，当时感觉肚子也没那么疼了，也别麻烦别人了，我们就自己上楼去休息。10点钟，拉了一晚上，饿的前胸贴后背，餐厅只有自助餐，我们一点油腻的东西都没胃口碰，于是我们拖着虚弱的身子询问哪有喝粥的，结果我们是二楼跑一楼，一楼跑二楼，在询问了无数遍，上下三四次后终于得知咖啡厅有粥，我们要两份白粥，告知10元一小碗，没有配菜，切片面包，2元/片，外加15％的服务费，就这样，两碗白粥六片面包总共37元，我和妈妈开始热切怀念之前两天住的太平角如家酒店10元的自主早餐了。点完餐，因为有送餐服务，我们就先回房间去休息了，结果左等右等都没有服务员过来送，我可怜的老妈又拉又吐，脸色蜡黄，饿的要命，因为吃止泻药之前得吃点早饭垫垫。后来老妈忍不住了，催我给餐厅打电话，我翻遍房间内得说明，恁是没找到餐厅电话，老妈只好自己亲自下楼去催，结果被告知粥还在熬呢。。。。。。在好漫长得等待后，终于端来了热腾腾得白粥和面包，我们那个激动啊，终于有吃得了。后来我们把情况和服务生说了下，他说我们身体情况应该去医院，他要和酒店领导说一下，我们很是感动，说实话，到了酒店以后就这个服务生最热情了，可后来直到我们退房，也没一个电话。。。。。618元的房费，但是服务却达不到这个价格，之前我们入住的如家209元的房费我们却感觉享受了星级的服务，我想酒店的设施固然能吸引不少客人，但发自内心的微笑，真诚的服务，才是我们些客人最在乎的。
0,"是我定的是豪房,房的施一般,浴室只有淋浴房很小,且只用浴隔,洗完澡,整浴室都淹水了.了台,房我只是房,台竟,有浴缸的是房,有淋浴房的是豪房.的分真是人得奇怪.另外定的候是有的房,住的候一有提供.房有吹,蚊香片第二天也有充.早餐只在七到九供餐,九山的客人,那不是量早出上山看日出?所以要去看日出就得自己去外面找西吃.以我5/2房620以及5/3房460看.真的有愧格.是山上,但也有偏僻到低.整,下次再九山,真的不再了."
1,还算马马虎虎的的3星宾馆吗，地理位置还可以，和广场很近。可是周边环境太差，很吵。而且门口没有出租车，外出很不方便。
1,帮一位老外客户订的，环境不错，值得推荐，住的是豪华房，只是价格太高，希望携程能与酒店再谈下价，更再便宜就好了，客户说下次还会来住！
0,第一次入住也是最后一次入住！理由有4：1.携程网上自助早餐价格为20元，实际收取38元，酒店解释是网上价格没有更新。2.隔音效果极差，酒店5楼为KTV，我住在10楼，晚上能听得见唱歌声；3.厕所差，第一个房间因为厕所堵住换另一个房间，结果仍然是坏的，工程师修到近12点，才弄好，实在不敢想像这种酒店会出这种事情；4.服务态度差，给人一种冰冷的感觉。总之，这是我感觉最差的酒店！
1,虽然换了招牌，基本属于换汤不换药．下次应该不会再住了，性价比一般般啦宾馆反馈2008年8月8日：感谢您对本酒店的支持！最近酒店有新的客房周末促销推出，我们将一如既往地保持5星级的服务标准，欢迎您再次下榻，衷心祝您身体健康，工作顺利!
1,环境真的非常棒，但去之前要和前台约好湖景房，否则另一侧的房子景观太差。房间内还是有些异味，可能前面入住的客人抽烟造成的吧。早餐9：00结束，太早，睡个懒觉就没有饭吃了。从上海出发，可以直接从杭州绕城转到航徽高速，临安出口下，右转弯后第一个红绿灯左转就差不多到了。顺便提一下，该酒店的指示牌特别不清楚，要非常小心，以免走错路。
0,跟住招待所没什么太大区别。绝对不会再住第2次的酒店！
1,本来订这里是因为它算山上比较便宜的，后来入住发现，比想象中的好很多。起码很干净。就是隔音效果不太好，早上隔壁人去看日出，那个吵啊～～其它的感觉还不错
0,条件根本够不上星级，只有价格不让三星，老房子、老设施、老装修，房间非常陈旧，建议携程在预定的时候能够说明房间情况，以后肯定不会住到这里。
1,此次入住双人豪华商务房有提供计算机，饭店位置离机场巴士终点上清寺站打出租车起步价五块，坐轻轨在曾家岩站下车Ｃ号出口。交通位置方便，住起来也安静。
1,初次入住京华大酒店感觉大堂非常的靓丽，房间够大非常整洁。东芝液晶电视，HBO。酒店三楼中餐厅的扬州狮子头爽嫩滑口。酒店出门就是商业中心，步行至瘦西湖也就10多分钟。
1,房间装修不错，早餐也挺好。出入方便。推荐。
1,替朋友订的房间，据说还不错啦，一下回，自己去试试。
1,位置好!性价比好!环境好!缺点是较旧.
1,我感觉还行吧，至少洗衣服务挺快，硬件环境虽然一般，但是毕竟我是考虑离机场比较近，随便住一宿，第二天早上赶飞机，所以，其他一切也就无所谓了
0,"我于6月1日再次入住,住的是1312房,首先价格由238元涨到278元,是整个乌鲁木齐酒店旺季都涨了,据说每年7月和8月乌鲁木齐酒店都还要涨,这也可以理解,毕竟就那么几个月可以赚钱,冬天都是零下20几度,人很少.但是我发现房间的迷你吧撤了,只有留了两瓶矿泉水.卫"
1,很不错的酒店。可能找起来稍微有一点麻烦，不过，在港澳码头就能看到很大的金龙酒店/娱乐城的标志，实际上就在金龙后面。服务很好，拿行李的服务生态度也特别好，可以顺便问下路。大堂可以兑换货币，换一些零钱可以方便乘车。最好问清到码头巴士的时间，一般是半点一班。房间也不错，面积不算小。插头转换器上一共有三个插头，所以，只要一个就基本都可以够充电了。如果硬要说有不足的话，就是离公交车站稍稍有一点路，大概1、200m左右。主要是澳门的巴士都不报站，所以容易乘过。第二次乘，坐到澳门旅游局或者金莲花广场后面一点那一站，就可以少走很多路。
1,除了房间门的隔音效果和密封性不强之外，别的都还不错。我又一次将一张卡片插在取电槽了，到北京才记起来。赶紧打电话过去，告诉我服务员收起来了。一个月后再入住时找到了，感谢！
1,订的商务大床房，整体还可以，里面设施虽简单但比较人性化；酒店服务人员态度很好，很热情，就是早餐不是很好吃的。
1,预定的是商务大床房，房间和床都够大。但是空调的出风口对着床，即使开了微风还是有点冷。空调器固定在墙上的，只能走过去调节空调，不太方便。电视机有点小，而且也不是纯平的，算是缺陷了。其他都挺不错，整体房间很干净，设施也基本齐全。
1,这家酒店虽然设施比较老，价格比较贵（很小的经济标准间还330），但是早餐很不错，服务更是不错…………服务生很有眼力见，主动过来帮忙拿东西，临走我想把车里的垃圾找垃圾箱扔了，正找呢，服务生又主动过来问情况，然后帮我把垃圾拿走扔掉了…………过了一个小时，酒店打来电话问是不是衣服落他们那儿了，可是我们上了高速回不去了，于是留了地址请他们寄回来，结果第二天一早衣服就到了，所以感觉服务很好，还特意打电话回去感谢他们…………这服务啊，跟那个啥交通大厦对比一下啊，那个天上地下啊（停车没人管，然后前台非说没收到携程的订单还不跟携程联系非让我自己联系，手机给她后她倒聊上了，于是我生气出门走人，结果就十分钟的停车保安竟然敢管我收5块的停车费！）这个价格高一点房间小一点我也认了…………强烈建议携程把交通大厦从合作对象中剔除，实在有损携程形象……我想点评交通大厦来着，因为很气愤就没有住，所以不让我点评，不过我给携程写了意见了……也建议大家不要订交通大厦，即使携程推荐…………
1,周边环境优美，房间及餐厅服务到位，总台和礼宾服务周到。
0,1.上了半天网，都上不去，问酒店，答曰坏了。气愤！2.晚上入住适逢变天，天气变冷，开了半天空调，竟然还是冷风，问酒店，答曰晚上关空调。晕！床上只有一床单被，到处找被子，无。问酒店要，半小时催了三次电话才来。还是冷，要求在加一床被子，服务员去后再也没回，打到总台，又等了半天，回复没被子了。不把顾客当人啊。3.一晚没睡成，凌晨5点多，被不知道哪里来的低沉的轰鸣声吵醒。在房间找了半天没查出哪里来得声音，叫来服务员，（半小时催了三四次才来，人都要疯掉）。六点多服务员才来，也解决不了。就这么一夜没睡。买气受来了。4.到总台要求当班经理来解释，换了几个人来，说了几遍，酒店不断去落实事情真相，最后才来一个自称客服经理的，说却有其事，表示道歉，做了一小时的冷板凳，一口热水没喝，口都讲干了。这就是他们的诚意。总结：硬件老旧，服务太差。
0,房间很冷且不隔音，服务一般，卫生间很小，房间整体舒适性在我住过的如家是最差的。
1,住过几次，感觉还可以。但这次竟然晚上冷的睡不着。穿上毛衣毛裤，盖了3床被子，夸张吧？空调里也是热风，但房间温度就是低，而且外面也不是很冷。真是想不明白。换了一个房间，还是一样。只好退房了！
0,房间感觉还可以，但是洗漱用的毛巾浴巾质量不好，感觉没有洗干净，房间隔音效果不好
1,房间设施还是很先进的，自动化程度相当高。但是我最喜欢的还是演艺馆的演出。竟然看了6场。水平真得不错，号称那些歌舞演员也是太子的正式员工，也要打卡上班的呢。杂技就更加精彩了，还有几个得过世界大奖的节目。建议去东莞出差的朋友一定不要放过这个机会，演艺馆才是最具特色的。对了，别忘了提前预订座位，中间的，前排的，最低消费也不高，每人才60多块钱，从晚上9点15看到12点，很值~~
1,住过两次了，但真的没给人留下什么印象。早餐还比较丰盛，整体服务也还不错。湖南的酒店服务业感觉一般，所以这样的酒店还是不错的了。下次可能还会住这里。
1,我住的是单人间，房间有点小，不过设施还是很完备的。酒店的地点比较满意，服务水平也还算不错。
0,还有，早餐稍晚点，就没什么可吃的了，做的也很一般
0,4星？服务很差，房间的钥匙需要相当的技巧才能把门打开，而没人主动提，叫了服务员来开，开了就走。再次出门，再叫人来开，请教了服务人员才把方法告诉你。还有早餐不如2星的宾馆！还有总台预授了房钱，第二天却刷不出，搞了二十分钟，没经过我的同意，又刷走了房钱，预授继续冻结，很差！！！
0,"豪华大床房没有床头灯,光线暗,和照片介绍不符,还有就是床垫睡着不舒服,靠马路的话,关上窗户汽车声音也很清楚,住了两晚都没睡好"
1,"又一次入住,服务一如既往,无可挑剔,但就是携程的价格有点贵了~"
1,很好，这次入住酒店帮我免费升级为商务间，说是给携程的年终优惠，意外地满意。宾馆反馈2008年1月16日：感谢您对大连银帆宾馆的满意和支持！商务间是比基础房型豪华间高两个级别的全新房型，目前推出年终回馈498元商务间升级活动，希望大家更喜欢我们的新房间、新银帆！银帆宾馆欢迎您！
1,房间还算大，但设施一般考虑其地理位置与性价比，还是不错的。特别是对住宿标准有严格要求的时候
1,酒店环境还不错，比旁边的建工锦江好一些，不过价格也高了不少，如果有公司协议价格入住就比较划算了。交通还算方便，去机场的班车过了马路就是，地铁站也就走10分钟左右，不过上下班时打车有点不方便，建议坐公交或地铁。
1,在石家庄住过世纪、国际大厦，后来住国宾。感觉不错：房间宽敞，设施还可以。每晚有水果送。早餐比较丰富。只是checkinandcheckout慢一些，还要提高。宾馆反馈2008年7月31日：感谢您对国宾大酒店的认可。正值奥运期间，登记手续比较繁锁，我们正在研究工作细节，尽量简化登记手续，期待您再次光临，并对我们的工作提出宝贵建议！祝生活愉快，一切顺利！
1,"房间设施不错.可惜在省道旁边.晚上很吵.另外汽车停在宾馆外,早上发现一个胎坏了...周边居然有很多补胎的....总的来说,房间还算不错的."
1,酒店设施尚可但是服务未达五星标准携程的价格缺乏竞争力
0,请大家千万不要再入住这个酒店了，不是CTRIP不好。是此酒店太烂。一条路上有三个马哥孛罗酒店，其中马哥孛罗港湾应该最好，马哥孛罗太子其次，马哥孛罗香港最差。至少是上个世纪90年代的装修了，非常差。房间很小，两张床并排放。隔音效果也不好。而且酒店后面有个工地，一天都在施工，吵得要命。入住时，持双币信用卡，前台问都不问一句，直接刷美元，而不是RMB。其它香港的商家或酒店在刷信用卡时至少都会问一句刷美元还是RMB？就这样装B。NND。太差了。免费我以后都不会住了！！！
1,很舒服的酒店，床很软，酒店内部的布局也很有特色，而且服务不错，因为自己没说明要双床，结果到了房间后再要求跟前台换，前台态度很好，非常及时的更换了
1,房间的布局有点奇怪，空调的调节装置居然在minibar上面。第一晚没有找到，所以冻了一宿。入住的时候，26层正在装修，油漆味比较浓。大堂也有相似的味道，还好旁边的中餐厅没有油漆味。28层的游泳池和风景不错，正对着创业立交。第一晚有欢迎水果，不过是夜里十一点半才打电话过来问是否方便送进来，所以觉得奇怪。是深圳的关外，不过打车还比较方便。
1,环境非常幽静，我们去的时候正好是傍晚，夕阳照在房间前门的小院子里，光影关系特别漂亮，我和老公在院子里喝茶，很舒服。不过房间里的潮气很重，开窗放了很久，还是有味道，温度也比较低，开了一晚上的空调还是不觉得暖和。可能是因为房间比较大，密封不好的原因。
1,我住了两次，酒店的地理位置好，卫生干净，服务态度好，交通方便，配备观景电梯可尽览泉州市区全景，唯一缺点是早餐品种单一，早餐价位偏高。
1,这次是第二次住这里了，同上次一样，第二天早上还是要早早的退房，房间依然是不错的，但由于这次是从平顶山的佳田国际过来，就感觉有些简陋了。唯一不太好的就是淋浴的喷头出水不算顺畅，建议下次装修时改换喷头种类，总之在许昌这个酒店算是最好的了。
0,"该酒店虽然价格不高,但服务实在太差,房间例行送的水果和报纸要打电话问才送过来,早餐结束的时间被提前到9点也没有任何通知,最可气的是我投诉没早餐时,前台还不肯承认错误,骗我早餐在我下楼之前刚结束,是我自己下楼晚了.这种服务的四星级酒店我还从来没住过."
0,床发出吱嘎吱嘎的声音，房间隔音太差，赠送的早餐非常好吃。补充点评2008年7月22日：我们住的是度假村的标准间。
1,"总体感觉不错,房间很温馨,考虑到丽江温差大,床铺还用了电热毯.服务员态度好,每次进出都会主动打招呼.唯一不足是热水不稳定,空调不够暖和.早餐定在阳光和酒,不知道是否是连锁的,第二天去大理,居然在逛洋人街的时候也看到了阳光和酒的酒吧.不嘈杂还有表演,酒味歌唱都不错."
1,酒店位置在SHOPPINGAREA，大门小，大堂小，大堂吧更小。房间设施不错。但是能听到一些外面的噪音。餐厅一般，价格不菲。如果不超预算，强烈建议浦东香格里拉。感觉完全不同。
0,不知道携程怎么跟酒店协商的，明明连住两晚248，酒店偏要收我们同事275！害的我打电弧给携程和酒店协调这个事，酒店说销售部没上班，晕，销售部没上班你就别开店了！！虽然后来在携程的努力下酒店做出了补偿性的方案，但毕竟这样的遭遇确实让人很不舒服。其实我们一般去重庆都是住这里，也没有特别不如意的地方。但是这样看上去酒店方小小的失误，确给消费者非常不舒服的感觉，我想这事对富丽来讲不是偶然，期望富丽持续改进。
1,多次住此酒店，唯一这次是大地震后，感觉确实受到了地震影响。首先是房间内墙壁留下了裂缝，其次是电梯也有一部损坏。酒店的裙楼更像危楼。交通较方便，离火车站和汽车站很近，但是周围没有什么地方吃饭和购物。服务尚可。
1,"技术区里唯一的四星级酒店,外观不起眼,但服务感觉很不错,尤其"
1,看了网上的评价因此预期并不高订的是三人间进到房间里感到还可以尽管住的是传说中条件不好的前楼人均60元的价格还是很有吸引力的但房间的确也存在一定问题比如电视机的频道较少而且不清楚床单不是很干净有破洞还有没有洗干净的血渍淋浴的喷头水量超小但工作人员的服务态度比较好能热心回到我们的一些问题酒店的位置也非常好距离滨江道和劝业场比较近整体上性价比还不错
1,"这个酒店总体不错,安排的房间正好可以看到海,就是普通话好像很难沟通亚~下次还会订"
0,"房间老旧,床单在要求下才更换了一张干净的,明明有双人房,前台却告之只有豪华套间.服务员以为客人听不懂广东话,私下里说:他订了套房不能给她改,真是岂有此理!宾馆反馈2008年3月4日：谢谢您的宝贵意见，我们会改正的。现在正在装修其中一楼，欢迎指点。"
1,"窗外海风拂面,景色不错,房间有点小;不过博鳌没什么人气儿啊"
0,"我们住的是13楼,不过因为是延马路,所以到了晚上还是有很吵的声音,隔音不太好,房间内的设施很旧,有可能是年代久远的缘故,都不及如家,莫泰168....性价比很差另外还有"
1,"不错的酒店,环境很好,服务态度也很好,下次有机会应该还是会入住的"
1,第二次入住这个酒店了，服务很好，让客人感到很舒服，很满意。
1,淮南金茂国际酒店，在淮南应该算是不错的酒店了，房间里茶几上的淮南地图很有特色，给人一种温馨的感觉。地下一层的乒乓球房，设施不错，住店客人每次10元，练练手很好。其它几方面都可以。唯一的不便――地理位置较偏，出去需要打的。好在淮南的出租车起步价4~5元，便宜！
1,早餐还可以，停车方便，二楼餐厅很安静。朝南的房间靠近锅炉房，声音吵。宾馆反馈2008年8月12日：回复：尊敬的宾客：首先非常感谢您对本酒店的肯定。关于您反映的房间外噪音问题，是酒店一项临时性的施工引起，我们对施工的噪音已有具体的要求和措施，也将更加严格执行。诚挚欢迎您的再次光临！
1,"本人是比较喜欢这家酒店的,已是第二次入住.洲际位置很好,就在维多利亚海,星光大道旁边.房间和酒店的大堂面海都是落地大玻璃窗,窗外美景尽收眼底,特别到晚上更甚.就是房价不是个小数目,携程这次订的是包三晚2400不含早餐.如果不包三晚的话要3500这样一个晚上,我曾经住过.如果说不在乎银子的,应该这里是上上之选."
1,服务很好，尤其是宾馆的客户经理，服务尤其的好，为客人想的很周全，在此点名表扬不太好，房间也不错，下次去还住这里。
0,酒店一般般。服务态度也不是很好，主要是人家太忙了。需要等很长时间。要不是要办事里那里很近；应该不会再住这个了。没有停车的地方。只能停在旁边的有个很大的洗浴的地方。不过那里不错，有兴趣的朋友可以去试试：）
1,交通很方便，房间小了一点，但是干净整洁，很有香港的特色，性价比较高，推荐一下哦
1,虽然外观不是很起眼，但房间内部还是不错的，毕竟是挂牌四星，该有的都有，浴袍也很舒服，酒店的早餐品种很多，地理位置的话算是市中心，但不是景点的中心，好在厦门城市不大，打车去各景点基本上不超过１５元．值得推荐的酒店．
1,4大2小去的，饭店总的来说还不错，吃的有点贵，没吃，离镇上远了点，进出多是打的，到镇上5-10块不等。住的房间抬头见山，相比镇上，比较幽静，有得有失吧，服务态度还不错吧。
1,房间较为宽敞，服务一般，退房较慢，早餐尚可，但二楼中餐厅贵的离谱了，靠近01、02的房间经常会受到下面打保龄球的震动声，像是打雷一样。但总得来说在天津此价位带早餐及宽带的酒店，此酒店算是物美价廉了。此酒店可以推荐住。
1,总体上感觉还可以，但也没有什么太突出的地方，因为才过一个月多点，实在也想不起来有什么让人印象深刻点的。
1,"住了3天的五号楼,感觉相当不错.无论客房还是餐饮部的员工都能给客人以真诚微笑的服务.酒店附近交通方便,离市中心和各景区都不远.下次还会来住."
1,漯河当地人称这里是漯河最高档的酒店。房间很新，很豪华。早餐一般，不够丰富。网络比较差，经常没有反应。地理位置在漯河的东郊，偏得厉害，不过漯河很小，打车20从这头到那头足够了。晚上出名对面黑洞洞的体育中心，左面黑漆漆的国道，右面黑漆漆的空地，很是渗人。附近没有什么吃饭的地方。
0,预订时已说明是一家三口人，可旅馆内的设施用品只有两套，要加收费才给第三套，前台的服务员一听说要开发票似乎不太满意，以致结帐花费了20分钟。
0,隔音实在太差，隔壁房间人睡觉打呼的声音你都能听见，就象在你耳边一样，一个晚上都没睡好，晕～实在差强人意，下次不会再住了！
1,没什么说的了，第二次入住，很满意。房间整洁大气，服务规范热情，交通也很方便――离火车站和汽车站都是起步价多一点点。价格也便宜，咖啡吧可以提供商务套餐（虽然品种不怎么丰富，但是一个人吃也不讲究）。
1,近鹅岭公园是个很大的优势，算是闹中取静吧，但是作为豪生管理却显得员工培训一般般，亟待改进
1,整个酒店的环境、设施等都很不错，但让服务员拿份地图，却一直没拿来，价格好象比以前也高了一点。不过性价比还是令人满意的。
