label,text
1,环境非常有特点，古色古香，就在鲁迅故里附近，旅游的话建议可以住来感受感受。但是房间设施就一般般了，也可以理解，老房子的底子，如果对住宿条件要求比较高的话还是建议不要选择，尤其是无窗大床房。由客栈往鲁迅故居去经过的桥边的那摊臭豆腐味道确实很不错，价格也公道，建议可以尝尝
0,"竟然有如此差的酒店,楼下的居然说满意,还有哪有什么接机,送机免费,我真怀疑你是媒子.四星级酒店内竟然没有纸巾,卫生间小就算了,浴室四个角有三个角是补的,其中一个角长期没打扫干净,有恶心的黄迹.手巾粗糙,尤其浴衣可以说惨不忍睹.酒店是分时用空调,好不容易挨到了,风极小,叫维修人员,竟然连面也不照就说修不了,要不换房间好了.最奇怪的数电视机了,我朋友光脚从其前面走过去就有信号,等走回来信号就没了.还有惨的呢,就住这一晚害得我们俩人身上起了很我疹子,不知是被咬的,还是用具不干净过敏.原本住两晚的,只好拖着箱子赶紧逃离去了中心大酒店,真是英明的决定,总算最后没对烟台倒胃口."
1,总体感觉很不错，酒店的地理位置很好，出行很方便，而且对面就是市政府，景观效果很好，房间面积也很大床很舒服，整个房间给人的感觉很干净、舒适，最值得一提的是酒店的服务，每个服务人员都让人觉得很亲切，因为我带个小孩子，吃早餐时服务人员对我们的照顾更是无微不至，真的很感动，下次来威海我还会选择该酒店，不错不错补充点评2007年9月9日：还得补充一点，退房时相机落房间了，服务员能及时送还，值得表扬
1,"交通便利,恰好位于解放西路和黄兴中路的交界处；出门一拐就是步行街，而且濒临湘江。房间条件比三星要好一点（我住的豪华）；晚上附近的歌厅有一点点吵，12点以后没多大动静。免费宽带上网和早餐，自助早餐还不错。总之条件虽然不是很豪华，但是住着舒服方便；性价比不错。推荐入住。"
1,"这家酒店的设施真的非常不错.地理位置也方便,大堂气派.由于没有我预订的那种房型,到前台的时候,酒店给升级到高级房,总体来说,是很满意的."
1,好象新装修过了，各方面都很好。可是原来一次性的刮胡子刀没有了，希望能继续提供。
0,河南人就是河南人！不被懵一次，那算白来一回；在全国乃至全世界那种叫做经济房的房间，在河南济源雅士达叫做“贵宾楼”，真够逗的！！！
1,个人感觉性价比不是很高，与房价相比，服务的质量显然不到位。离店时开发票，服务员竟告知用完了。不适合商旅出行，居家旅游倒是还可以，可以做饭、烫衣服，还有洗衣机，酒店挺干净，设施也比较齐全。
0,"由于火车时间,不得不在早上六点到酒店,等到快八点才入住!好惨!通过携程预订,标明是双早,却给了一张早餐卷券,害得要回房间吃方便面!房间宽带总是断!!不过环境真是不错!"
1,不错，服务还是和以前一样。比较满意....补充点评2008年6月13日：贵宾楼层的豪华间比较旧了，不如楼下的豪华间装修，不过还是不错的，视野开阔，附加服务也比较到位！石家庄的酒店我还是觉得世贸是最的，呵呵。
1,位置好是没得说的，酒店比较老旧了，宽带有的还要收费。
1,环境很美，服务很好。但房间装修一般，入住时感觉房间很潮，酒店内吃饭的地方太少。
0,酒店设备很陈旧，浴室设备也坏掉，服务也很差。因为到的比较晚，入住已经差不多11点钟了，家里人打电话来酒店，酒店总机也是特别没礼貌的挂电话。因为经常出差，这基本上是住过最差的酒店了。
1,"本来整体感觉不错,虽然价位比较高.我在入住的第二天晚上,室内温度上升到26度,问酒店的服务中心,她们说由于外面的天气比较冷(14-17度左右),现在空调只是有自然风~~~我说,外面是冷,但室内在没有窗户的情况下室温那么高,怎么睡?!最后得来的答案是酒店方面是不肯开冷空调的了,就拿了一把风扇给我!!!一家国际五星饭店居然用这种方法来处理,实在失望.除此之外,所有服务都是水准以内的.所以,以后大家去住就要选在正夏天或正冬天,否则没有空调."
1,"没有桑拿设备,理由是正在维修,但真正的原因是不赚钱."
1,地理位置：正对长春火车站，优点：方便乘火车的朋友，缺点：感觉环境有点乱，物价较高，但周围各种饭店很多。房间：大小一般，被褥比较干净，离马路有点远，晚上比较安静。卫生间马桶和浴缸有点旧旧的感觉。隔音一般，走廊没有地毯。我们正对电梯，所以电梯停靠和人声比较嘈杂。含双早，种类比较丰富。服务：中规中矩，没什么特色，门童是女的。
0,"不知道该怎么评价了.这是一个能让11点后入住的所有客人洗冷水澡的酒店.打电话问客房,客房说,我可是告诉了前台没热水的.前台说，我又不清楚这个事,难道你要我来帮你烧水?忍着,洗冷水.但第二天下午办完事回来洗澡，又是冷水...回答是才停气了.我又只得洗冷水.另外，浴房奇小无比,站在里面洗澡手会不停的碰到水管或玻璃房,生痛.蓬头水压奇低,一股小水喷出来.当然这酒店也有闪光点，中层管理人员素质较高,出了问题,他们在积极解决,说话也通情达理.坏就坏在个别的一线服务上."
1,酒店就在西门长途汽车站对面，因此如果坐长途汽车过去，到西门站下，马路对面就是。大门实际在环城西路，不过指示牌很明显，因此在人民中路也可以看到。豪华标准房，房间挺大，我们住的1813，窗外有个公园。浴室很大，有分开的浴缸和淋浴房。隔音效果一般，空调有点闷热。早餐可以选的不多。人民中路上有一段步行街，基本都是连锁品牌，没有什么特别。有一家比较大的购物商场，楼上有个babyface酒吧，混合disco和nightclub于一体，喜力100元4瓶，有DJ，9点半后有女孩跳舞（还有一个跳钢管舞）不过非常业余，跳一首曲子就下去了。听说有几个公园去散步还不错。
1,时间安排紧张，在蔽龙阁匆匆住上一宿。但就在5月22日晚入住到23日中午退房之间发生的几件事情不得不提。5月22日由于在阳朔西街吃完东西比较晚了，汽车站里晃了一圈，发现去大榕树的车子都歇了。就在包车去蔽龙阁或者就地在阳朔西街住两个想法之间犹豫的时候，想到网友写过可以和酒店联系确定是否可以来接。抱着试试看的心理，我拨通了酒店的电话。在热情的问候之后，酒店提出解决方案，让老板亲自开车来街。约摸十分钟之后，一辆八成新的普桑停在了面前，闲话少说上车走人。一路上和老板神侃，得知老板自己住在西街，蔽龙阁是他本来想买下和家人同住共享天伦，然而他想把好东西拿出来和大家分享。老板本人也是建筑艺术设计专业出身，这也难怪有眼里买下蔽龙阁。到了酒店之后，果然有了和网友类似的感慨。一丿漂亮的民居，跨过门槛，抬头就见那一窝已经入睡的燕子。负责接待的苏小姐也就是刚才接我电话的那位，热情招待我们，迅速办完入住手续之后，叮嘱我一定要把常住地址写全，还说前几天有个客人过来住，没写地址，后来退房之后东西拉下了，没有办法寄给她。我心里想这个人可粗心，自己绝对不会犯同样的错误。可是后来的事情告诉我过于高估自己了，其实人都差不多。蛙声呱呱，泥土芬芳，一夜好梦。早晨醒来，又一次感慨自己的决策英明，选择这样一个好地方。顾不上洗漱，冲上屋顶平台。COOL，一幅阳朔山水画跃入眼帘；爽，如此惬意的人生。拿出相机，咔嚓咔嚓。本来想在平台上摆放的桌子上吃早餐，后来想太麻烦了。回房间整理洗漱之后，来到院落天井。苏小姐已经将一大碗热腾腾的米粉端到我的面前，还有色香味俱全的“爱爱耙”（用艾草汁浸制的糍粑）。那个酱菜也是值得一提，虽然我吃得不多。早餐之后，骑上苏小姐帮忙借来自行车，由她领着前往“大榕树”。（不过真的是不建议去那里，名不副实。）回到上海之后，发现自己犯了一个和前他人一样的错误--数码相机的充电器和电池拉在店里了。在和酒店通了电话，确认东西还在之后，李阿姨告知老板会帮忙把东西寄过来。后来和老板确认邮寄时间和费用的时候，老板风趣地说，就当广告费了，帮忙网上宣传一下吧。于是就有了我现在的留言。一家之言，谨供参考。
1,"很不错的酒店,服务和设施都中规中矩.好象宽带有点慢."
1,"适合一大家子外出居住,不过最好是有车.公寓的条件是很好的,确实令人满意."
0,酒店房间真不怎么样，但位置不错。如果有出行计划，一定要提前至少半小时结帐，前台结帐的速度真不敢恭维――我做了笔预授权完成竟然花了一个小时，只见收银员交头接耳嘀咕，好像是不怎么会用POS。
1,根据网评预定400一天标房，到店告知携程协议价只能住西北朝向房间，感到有点霉味，要求换房，换后还是西北向不过楼层高些，霉味小些；房间窗户、家具、卫生间都是旧款，不显档次，床很舒服；服务不错，感觉楼层比前台服务更好；酒店周围环境真好，有山有海，本人在后山散步时差点掉下悬崖，建议酒店及时将后山半截路加上标志和围挡，太危险了！夜间行走和小孩子玩耍更危险！
1,定了高级湖景房，前台给了最高的23层。房间非常舒服，而且早餐也很丰盛。只是看出去的白鹭洲公园景色一般。可能住标准客房更实惠些。
0,酒店离江门市中心很远，光打的士就要25元！酒店内的莱茵西餐厅服务非常差：喝的水有异味，点的三个菜有两个声称没有食材（鲜虾带子拼盘：女侍应说带子不新鲜不敢上；‘番茄炒牛肉’：女侍应说此牛肉没有，但生炒牛肉饭，牛扒却有），非要顾客改点其他较贵的菜式。什么此牛肉非彼牛肉，明摆着就是说谎！而且女侍应的态度绝对不敢恭维，取消时动作比我们还快，还要我们看脸色！客房：其中一张被子正面有破洞，翻过来还有破洞，并伴有污点！热水壶已坏，不能正常水沸断电。浴室一开始没有热水，工人整修一段时间后终于供应上，但水竟是锈黄色的，让我们放水好长时间才敢洗澡！又是一件让人心寒的事！晚上睡觉还有蚊子骚扰!为什么2005年开业的四星级酒店会有如此现象？？本来我们是要去休息一下的，没想到积了一肚子气！
0,"还是一个多月前住的了.印象很深刻.酒店外表看起来是很不错.里面还算一般了.给我印象深刻的是我第2天屁股就开始痒.害我赶快去看了医生.还好.没什么问题.可能是被子没洗干净.上面有细菌.肯定没消毒.被子不可能没换吧???建议大家以后还是住贵点的.不要贪便宜.也就一两百快的事情.象后来咱们去东莞住的海悦就非常好.500多一晚上.房间大.很新.环境也很好.服务员态度也很好。总之什么都很好.很满意.很值.相信深圳的海悦也不会差.我现在都不敢住3星4星的啦.哎,不放心啦."
1,非常一般，没啥竞争力~弄了个有电脑的商务大床房，呵呵，白白多交209元，和没打折一样~还是比较安静的~其他就很一般了，电视机狂小，估计21寸的，我都看不清电视里放啥~可怜啊~宾馆反馈2008年7月9日：目前我们已经向公司申请更换电视机。为了方便客人，我们增加了部分电脑房间，收费为：20元。
0,"5月2日入住标准间。其网站(,更别想有浴缸之类的设施。2.所谓的按四星级打造，床竟然用未油漆的木工板拼凑而成，大失所望。3.5月2日杭州气温最高31度，房间里中央空调出来的居然只有自然风，没有冷气。晚上只有不盖被子睡。4.早餐一般，想吃个煎蛋？抱歉，没有。补充点评2008年5月4日：其网站介绍是""一家按四星级打造的精致时尚型酒店"",严重名不符实。1.首先房间太不。是我住过的酒店里面最小的.两个人已经很拥挤。卫生间移门是坏的，更别想有浴缸之类的设施。"
0,帮朋友订的，反馈说不好！所以咯下次不再订这个酒店了！
1,酒店住宿环境不错，前台服务很热情，房间可以看到长江和葛洲坝，就是卫生间的淋浴设施不太好用，总体而言还是不错的地方！
1,这家号称四星级房间装修一般一般不过地段好得不行离海边也近占地面积很大房子的格调就像蓬莱阁一样的灰瓦白墙五一期间的价格300/晚可以接受就是有一个特别不满意的地方在前台付的现金押金最后退房时居然告知不能刷卡消费也就是说付押金的时候选择预授权就可以刷卡消费付押金的时候付现金就不能刷卡消费这实在不符合这个星级标准有够死板建议即将入住的朋友们注意这点
1,7月份入住的厦门宾馆，觉得非常好，前台的服务员非常有礼貌，我随口提了了一下其他住客免费升级一类的事，马上帮我免费从双人间升到大床房，房间超大，搞得靠在床上看电视觉的有点远，呵呵。而且那位服务员第二天见到还问候我“某某小姐，你好。”，超好记性，最后一天还帮我申请到晚退房。遗憾的是没有记住她的名字（好像叫周x秀），不然可以打电话去表扬表扬。房间设施也非常不错，我觉得还是算新的。而且酒店本身就有自己的花园可以散步，马路斜对面就是万石植物园（本人极力推荐在最后一天，要坐下午飞机的游客朋友，在上午花几个小时在里面，非常大而且打理很好的植物园）。酒店离热闹的步行街也是步行可至，门口有公车去机场，鼓浪屿，厦大等地，便利之极。下次去厦门一定还住这里。
1,前台藏的太靠里面，大床房很不错，服务也不错，只是浴室喷淋是固定的，最好再加一个可以拿在手里的小喷头。总体感觉还是满意的，可以作为常住酒店。
1,厦门首选无与伦比我已经住了４次，次次流恋忘返。
0,"餐厅的服务员态度不友好,免费提供的早餐有的在早上八点就没有供应了(蒸鸡蛋和炒米粉),小妹与服务员交涉两次未果,早餐供应时间是到上午九点结束的.希望该酒店应对早餐供应有所改善.对客房服务员要进行培训,当客人房门门锁上挂了""请勿打扰""的字样,希望不要再擅自进入客房,这是对客人的尊重."
0,"老四星，设备陈旧，不如一般的三星。要的大床房也成了标间。免费注册网站导航宾馆索引服务说明关于携程诚聘英才代理合作广告业务联系我们Copyright1999-2008,ctrip.com.allrightsreserved."
1,感觉不错，住了好几次了，交通比较方便。值得推荐。服务也可以，但是大厅可能不太起眼。
1,还不错，之前住过，出行比较方便，这次网上预定还送了早餐，很划算
1,酒店太旧了，价格偏高，所谓送的三餐没有什么优势可言，总要出门办事，不可能天天跑回酒店去吃中餐和晚餐
1,这家酒店!只要是住在不靠马路边的房间!都应该称之为不错了!特一赞的是好餐!很不错!糕点很丰富的!值得推荐!!!宾馆反馈2008年3月30日：感谢您的光临，对于您的特殊要求，您在订房的时候可以提出来，我们会在接受预订的时候就给你安排好符合您要求的房间，另外非常感谢您对早餐的评价，我们会继续努力的，真诚期待您的再次光临。PS我们靠马路的房间其实光线特别足，冬天的时候特别暖和哦！
1,可能是因为周围修路，所以人比较少，环境很好很安静我入住的是标间的大床房间暖风很充足，浴室比较好，很大，水温不错房间很干净，空间大，房高，床也很舒适，也没有骚扰电话唯一缺点就是电视太小。。
1,"来苏州好多次了，基本上都住在这家酒店。给我的感觉非常好，房间很干净，设施也很全，各种用品也很不错。而且前台的知道我的喜好，每次都安排的很好。入住过几次后每次都会有一些小礼品赠送，虽然价值不高，但是感觉非常温馨，上网网速也很快，比我上次在南京住的锦江之星要好太多了。下次来苏州这家酒店是首先。说了好的，再说不好的。就是Ctrip的商务客人基本上都被安排在东楼，房间里感觉有点暗，光线不是太好。但是很安静，不象主楼一样临街上。很适合我这种喜欢安静的人。宾馆反馈2008年8月8日：非常感谢您对我们服务的肯定,您的支持就是我们前进的动力.同时也非常感谢您对我们提出的意见,我们会对房间的灯光进行检查及维护.期待您的再次光临."
1,"房间还算敞亮,服务也符合三星级旧点水平。而且到五台山也只有2小时路程，价格比五台山那里便宜一半。很合算的酒店！"
1,房间还是一如既往的宽敞明亮，很舒适，在广州市中心能有这样大面积的客房很少，唯一不足是前台CHECKIN慢！
1,我经常入住这家酒店。这是我认为在绵阳性价比最好的酒店
1,"一家三口上周去了佘山度周末,森林宾馆环境不错,倚竹而居,恬静幽雅,但也有美中之不足,女儿退房前把手机遗忘在客房沙发靠垫下,回到上海才想起来,几番电话联系,都说没找到,但最后得知手机竟在酒店的垃圾桶里被发现,失而复得不甚喜悦。酒店善后服务也算不错,可手机如何长了腿自己跑到了垃圾桶内倒是蛮值得耐人寻味一番啊!"
1,宾馆总体给人感觉还不错，晚上睡觉很安静，院子里有宾馆放养的土鸡，还有两只秃了毛的孔雀。设施比较齐备。只不过510/1入住时前台的工作人员对于住客的饮食及旅游没有任何有用的建议，让人失望。第二天退房的时候，小姐的帮助就大了很多。早餐相较而言一般，种类很少，炒面和炒年糕味道还不错，不过不适合我这种早餐习惯清淡的人。
0,住了2天，受不了，好像地毯很不干净，床也不干净。后来搬到圣地（比香港酒店还新点），也就凑合吧。反正在济宁也别指望有什么酒店了，最后一天终于受不了，半夜赶到济南住CROWNEPLAZA了。
0,太差了是在没见过这样的4星级下车没有门童帮着拿行李房间没有冰箱没有小吧台没有保险柜洗手间的水是黄色的昨天晚上气温6度房间没有热风半夜被冻醒。实在不知道4星是怎么得来的，永远不会再去~！！
0,地点实在太偏僻，设施有点破旧，浴帘霉成那样竟然还在使用。想要借用电吹风，可服务员说没有，原来其他房间都有安装电吹风，就是我住的标房B没有。这样最起码的服务都没有，还不如人家街头小旅馆！补充点评2007年4月16日：前台服务实在不怎么样，我进酒店的时候一大群前台服务员不知道在讨论什么，愣是没人理我。再说那个早餐，实在难以下咽，路边的早点肯定比它好吃。
1,不错的酒店。每次去泉州都住的。早餐很丰盛。门口有大巴车站，交通方便。（但是大巴是中旅的，习惯很差，喜欢在市区兜来兜去到处接客，从一个站到另一个站，非常耽误时间。商务客人最好去中心站坐车）
0,很失望。不过也很正常，因为在北京这个价格就是这样的住宿条件。宾馆的建筑好像和商务楼连接在一起的，4部电梯用一道墙隔开，2部商务楼用，2部住宿用。房间毫无享受的感觉，也就住一天凑合。周边也没有什么餐饮和超市，不太方便。
1,"帮日本客人订的酒店,五星级这个价位算很便宜.至于环境和服务设施等应该很不错吧."
1,"通过携程定的豪华标间却很幸运的给我免费升级为最顶级的豪华套房,非常舒适.另外他们的商务标间非常不错是新装修的很喜欢,充满简洁现代的风格"
0,服务不好！服务意识非常烂。订的双早房间，结果早餐只给了1张，吃早餐时被告知自己去找前台，态度生硬，好像客人都是骗子似的。结果早餐非常简陋……酒店的导游100元一天。在景点时总是催促你快点……，总是带你去一些需要你花费的地方，比如烧香（烧高香）、算命、请护身符、开光……，动辄几百元、甚至几千元……（但是本人坚决不买！）
1,酒店还可以，就是冬天没有暖风，冻的不行。
1,"整体环境不错,离市区较远，出租车到火车站15快。我住南楼，298的价位跟房间环境比算贵。结账遇到很大麻烦，先说我用了付费饮料及食品。后来又说浴袍没了。通常大家住店都不会检查其是否存在。尤其是在四星酒店。"
1,环境安静，空气好，交通也还算方便，但是房间旧了点，早上自助餐一般
1,里阳澄湖渔家灯火较近，去就餐较方便。酒店早餐不是很丰富，房间设施尚可，标准房无矿泉水送。
1,房间还可以，就是地点稍微偏了些，好在蚌埠也不大。
1,"我在上海几天里住的最好的一个酒店,同为四星级,整体感觉是最有品质的,订房台给的是转角的2715房,非常舒服,儿子玩得非常高兴,但酒店的服务人员态度比较冷漠,对待内外宾还是有区别的,同样拦出租车,门僮居然对我说,请让我们的客人,我回头一看是一对外国人,同住这家酒店,难道我不是客人?出于礼貌我让了,但心里很不舒服,希望携程的价格能更低点,"
1,在庐山这样的名胜旅游区，这样的酒店已经不错。地点很好，特别是自驾游的旅客，上下山都很方便。只是好象节能有点过了头，走廊没开灯。携程说有扑克送也没有送给我们。补充点评2007年9月28日：对了，卫生条件一般。有电脑上网，这一点对我们这些年轻一点的旅游者来说是很好的事情，毕竟下一站的定房，路线查询都需要上网才能解决。
0,一个很破，很古老的酒店，估计即将被淘汰，设施设备很差。
1,周边环境不好，虽然在五环边上，但交通也不十分便捷，初次去，恐怕不太好找。不过酒店本身还不错，挺新的，停车也很方便。由于只住了一晚，就匆匆离开了，对服务什么的，没太深切的感受。总体感觉还不错。
0,"早餐不好,服务不到位,晚餐无西餐,早餐晚餐相同,房间条件不好,餐厅不分吸烟区.房间不分有无烟房."
0,隔音效果非常非常非常的差，睡在房间里象睡在马路边一样，路上声音听的清清楚楚。我还是看了携程上该酒店的点评，采纳网友意见预定了5楼以上的房间。结果还是非常的吵，到晚上12点还是睡不着，只好打开电视以掩盖马路上的车声。不知道几点睡着了，一大早就被车声吵醒，一看表，才早上4点！才4点啊，也就是说就算晚上12点我睡着了，也才睡了4个小时。头疼啊，白天还要工作啊，闭上眼睛努力睡，怎么样也睡不着啊，太吵了。坚持到5：30实在是受不了了，打电话给前台，问有没有安静点的房间可以换，现在不能换晚上换也可以，答曰：没有。盯着天花板熬到6：30，起床。在早餐厅灌了3杯咖啡后，马上去退房。本来是要住三天的，实在是受不了这个吵啊。真不明白这样差的条件怎么在携程上有4.0的评分。另：1.电视播放太复杂，不方便2.服务员服务意识不强，没有为客人着想、以解决问题为本的意识。体现在早餐券、开发票等问题上3、网线太短，大概就20厘米长吧，不能在床上上网4.电源接触不好，电脑电源连到插座上时火花噼里啪啦的冒，当时我想：因为电源问题损坏电脑不知道酒店赔不赔再次表示疑问：这样的酒店上怎么会有4、0的高分数，宾馆反馈2008年3月30日：首先感谢您的入住并提出宝贵的意见，由于房间的环境问题影响到您的休息为此我们深表歉意。对于您提出的一些问题，我们会酌情整改，另外酒店早餐是凭房卡用的，没有早餐券；我们客房中心随时都为一些有特殊要求的客人准备了较长的网线，如果有需要只要一个电话，马上送到房间。非常感谢您的宝贵意见，真诚期待您能再次光临，给我们一个能为您提供更好服务的机会。
1,"门童好像不错,其他不记得了晚上睡得还可以"
1,第五次为贵宾客户入住，值得推荐！服务没话说！
1,名气不错，隔音不错，大厅很气派。床不太舒服，太软了。不喜欢。服务态度也很不错，就是入住那天棉签是人家用过的，牙刷一用就断了，第二天，忘记给拖鞋了。
0,主要是办事便利才选择“霉园”宾馆房间有霉味耶三星宾馆可能是淮安标准没有服务连台灯都没有不过早餐是绝对绿色五谷杂粮品种也多
1,酒店的设施是很不错的，房间大，设施新，床和被子都是很新的。洗手间也是干、湿分离。服务员态度也是很好，出入都会打招呼。就是餐厅大堂中，适合2－3人吃饭的桌子太少了。还有就是房价在衢州应该属于偏高了。
1,首先非常不好找，我们在那个立交桥附近转了四、五圈，打了N个电话才终于到达了。房间是不错，空间很大，设施也比较新。可能是刚开业没多久得缘故吧。开始服务员的服务水平并不是特别高，搞checkin就等了20分钟。还有房间浴室全部是木质的，给人一种焕然一新的感觉。但是挂毛巾和衣服的设施太少了。餐厅的服务员的服务态度和精神可嘉。赞！
1,周末住了两天，确实不错，大堂相当有特色，门童都带着代表威尼斯风情的帽子，服务也很热情，让我回忆起了在威尼斯时的日子；前台放有（蛇果）苹果任住客品尝，我们就吃了几个，呵呵。客房就一般了，不大，卫生间也小，但总体感觉还行。早餐品种还算可以，坐在临窗的位置旁，还真有些许三亚的感觉，哈哈，不过这位置是非吸烟区的。晚上在酒店二楼的V吧玩的很开心，鬼妹好多，客人基本以老外为主，小圆桌最低消费400元，啤酒50元一支，消费还可，不过周末需要50元门票费，提醒最好早点过去，不然没位置！酒店也是洲际集团管理的，我还获得了积分，赞下。入住送了国盘与可爱的小熊，再赞下！
1,挺不错的酒店，每次去盐城都住在这里，价格便宜量又足！
0,入住时间：2008.5.14地理位置：离景点比较近，离高速公路也比较近，地理位置很好服务态度：很一般饭店环境：完全不符合其星级的标准，前台大厅尚可，进去后脏乱差客房环境：地板陈旧，家具破损，卫浴设备不能正常工作等等服务态度：很一般，不热心，散漫早餐情况：很差，大杂烩，没有自助，不是咸菜就是泡菜，不是馒头就是变味的包子周围环境：晚上很吵闹，不是有服务员，客人的大叫声
1,酒店不错，餐厅东西挺好吃的。交通也很方便，附近还有广场和大商场
1,"虽身处繁华地区,但房价非常经济.卫生.服务都不错,中央空调.24小时热水.如果下次来一定住此,真好!!!!!!!!!!!"
1,在市中心，逛街吃饭都挺方便。服务不错，标间设施略旧。
0,我是5/2日入住的该酒店的大床间，优点：酒店周围比较安静，周边环境还可以。缺点：1）酒店比较偏僻，离市区和景点都有相当的距离。去哪儿都不方便，除了在园区上班的。2）酒店服务质量非常一般，前台阿门童阿都是冷冰冰的。3）房间比较小，设施一般，只有淋浴没有浴缸，而且淋浴房的角落非常脏，都生青苔了。4）酒店很多方面不够人性化，比如卫生间没有备用手纸，房间内拖鞋，发梳等东西只放了一套，如果入住两个人的话需要打电话再要一套。5）最不满意的就是酒店的空调和相关服务了，入住的时候我被安排入住2211房间，入住时大概是7点多，房内温度26，入住后大约半小时，温度升为27，以为是自己空调操作有误，翻阅酒店相关服务手册，未发现如何使用。（个人感觉是这个房间的空调有问题，因为空调就两个控制开关，一个控制风速，一个控制制冷/热。）打电话给客房中心，说让服务员来看一下。服务员来后，给我查看及设置了一下，并说我原来的设置没什么问题，问其为何温度降不下来，答曰酒店的中央空调降温比较慢。让我等等，如果不降温再联系客房中心。大约半小时之后，房内温度升至28，为了确认是空调的问题，我就把空调关了，大约半小时之后，温度降至26度。（看来空调是在升温而不是降温）但还是热的受不了，再次联系客房服务反映问题，答曰：你开窗试试。（既然只能开窗降温，要空调何用，残念）我再问：开窗之后呢？既不情愿地答曰：我找技术人员来看看。按照九点指示开窗，温度很快降到26，大约9点半，技术人员来了，不做任何询问，就用个吸尘器吸了下空调的吸风口。问其是否是空调的问题，答曰：应该是吸风口灰太多，空气不能流通的原因，在等一会温度就会下来的。（就算是灰尘的问题，也应该在日常维护中预防，而不是等客人来了反应，而且后来事实证明应该不是这个问题造成空调不能制冷只能制热）。“技术人员”走后大约1小时，温度再次上升至27度（“看来弄一下吸风口还是能稍微减缓一点升温的速度”）。在次联系客房服务，答曰：我们让“技术人员”来看一下。几分钟之后，刚才的技术人员又来了，他先把出风口也弄了一下，然后在他的要求下，把房间内的灯都关了，说是灯的发热量大，温度打不下来。（真是荒谬的可以）“技术人员”走后半小时，温度还是保持在27度，没有任何降低的迹象，再次联系酒店，酒店才极不情愿的给我换了个房间，这个时候已经是11点半。6）还有很多其他小缺点就不一一列举了。总结：酒店的“技术人员”水平很低，酒店缺乏日常维护，服务人员缺乏应有的职业素质。一个人的问题可能还是个人问题，但整个酒店的各方个面都有问题，就应该是管理层的问题了。强烈不推荐该酒店。
0,这家宾馆房间、服务都非常差，前台接待人员像和人有仇一样，一点笑容都没有，早餐说是到9点钟，可8点中去饭已经是冰凉的，问服务人员有没有热的，人家却是一幅爱吃不吃的样子，让我们很不舒服。房间还有一股发霉的味道。真不知道携程为什麽会和这家合作，再也不住这家，劝大家也不要去。
0,其实住美卡不是第一次，这次算我最失望的一次！一直以来我比较喜欢这个酒店，最近我觉得很差很差．这次住的是豪华房．我真是不知道豪华房是这样的．感觉里面布置真是一个字＂差＂！等我洗澡的时候发现排水是根本就不能排水！满池子都是水，我洗一会出来一会，等着水排完在进去洗，那叫一个痛苦，当时快１２点了，我真不知道是叫人修还是不叫人修理！早晨更加生气，不到９点，一个服务员有敲门有按门铃，结果来了句洗衣服，我说不洗，不到一个小时以后有来一个服务员同样的敲门按门铃，然后来句要打扫房间吗？气的我当时起来，叫了他们经理，他们经理的解释就是，我没有把免打扰的牌子挂出去，我当时晕过去！错误还是怪我了！我没有听过这样的解释．最后他们经理准备送一个杯子给我，我当时就不要，我不知道他们酒店懂不懂中国的传统，送杯子在中国是送悲的意思！然后等他们修水道的修好洗澡走人，我发誓在也不来这个酒店了！还有就是他们的什么牙膏这些东西，简直和以前不能比，差的要命！我真是不知道搞什么，而且他们每个房间用的东西还不一样！真是差加失望！
1,大堂宽大豪华，服务有水准，装修一般，因为是十几年以前的建筑（92年邓公南巡后菲籍华侨郑周敏投建，滥尾至近年才投入使用），标间不够宽大，所以两张床要挤在一起。所配Hisense冰霜有嗡嗡声，对我来说有影响。我们家里的冰箱都是制冷的时候才有响声，为什么这台冰箱总在嗡？南侧紧邻西苑公园，早上有早锻炼的音乐，所以有睡懒觉习惯的人别选南侧房间。
1,房间环境还行，还有液晶电脑，晚上还有水果，就是周围购物要走点路，整体还行
1,酒店不错房间很大外面是条单行线车不多比较安静交通方便缺点就是：早餐太差非常差比最差的招待所都差千万不要在酒店吃早上出门向左转200米有个早餐摊还不错
0,08.3.15及08.3.16住了2天，环境不错的，房间也大，周围环境也安静，晚上不会很吵。但服务比较差。我们住的房间门锁坏了，房卡打不开们，去大堂换了4、5次来回跑，都说弄好了，每次都进不去，到晚上才答应帮我们换了房间，我们说出去回来再搬，305的房卡都给了。结果回来以后却说房间已经给别人了。找了经理，换301是最旁边靠马路的，床头还有窗，不要，竟然要我们住C区，那幢楼整楼都没有人住。经理就一句话，没有空房间，要么就住301，要么就去C区住空楼。搞到凌晨12点，一点诚意都没有，最后商量第二天去305。以后绝对不会再住了，阳朔遍地都是客栈。
1,还不错，就是比较难找，因为长宁路太长了。打车的话，司机一般也找不到，浪费了很多时间。
1,经常入住的酒店，服务和设施都很理想，还会再去
1,这个宾馆比较陈旧了，特价的房间也很一般。总体来说一般
1,酒店旁边的那条湖滨中路景色特别的美，出差一般选择这里住，如果酒店能考虑再次装修会更好。
1,上海浦东雅诗阁，宽带是要额外收费的，然而在携程的网站上（，房间价格的表格中，宽带下面只是写着“宽带”两个字，后来在酒店结账的时候发现宽带是额外收费的，我给携程打电话，才被告知，“宽带”这两个字仅仅表明这个酒店有宽带设施！其实在我使用宽带之前，已经和前台询问是否收费，前台当时可能忙，说让我先用，结帐的时候免去。结果结账的时候是另一个服务生，拒绝免除宽带费。让我向携程讨公道去。知道我把他们的大堂副经理叫了出来，我的外国同事用英语把这个经理数落了一番之后，他们才免除了这笔费用。其实上网费并不多，几百元钱，但是这种出尔反尔，先告诉我免费，再收费的做法实在是过分。而且，对中国人和外国人的态度明显不一样，也让我感到很不爽。
1,房间小，设施也不高档，服务可以，饮食不错
1,看了携程网上大家评价如此之高才定了这家酒店，先说有点：1，酒店位置好，就在植物园边，去哪个景点都很方便；2，餐饮起家的酒店，餐饮非常方便，味道好，价格公道，早餐品种很多。3，服务态度好，非常主动。再说说不住之处：1，酒店的硬件：外观象个招待所，房间内装没有特色，墙纸有些脱离，地毯色深且有些斑点；2，外幕墙隔音不太好（是指外墙不是内部的二结构墙）。1楼角落有个卸货平台，每天早上6：30有车进来卸货，引擎声，嘈杂声（倒车！倒车！停！停！！）象个闹钟。总的来说还是不错，只是硬件稍有不足之处。听说在前浦造新楼，营业后一定会去住住。
1,第一次入住长春国际大厦酒店，大堂明堂音乐清柔。前台办理入住很快，房间壁纸有些旧但很干净，我扣子掉了要了青色线服务员很热情帮我缝上了。感谢，在地理位置这么好的地段房间价格低房间干净可以了值得推荐。
1,一个多月前去住过，现在去发现新装修过了，看得出他们很努力，支持一下！
1,酒店依山势而建，前面就是长江，环境很棒。大堂也很气派，服务也很热情。住的218的标准间，房间内设施及家具款式都比较老式，但很干净，没有之前人说的老鼠的问题。唯一不足的是酒店交通很不方便，根本没有出租车在那里等客，除非正好有人打车过来，否则只能自己走出去，大概要走10分钟。第一天吃饭是自己走出去的，第二天去机场提早了半小时让服务台叫车，结果等了半小时也没来，差点误机。吃饭也是比较头痛的问题，附近没找到什么吃饭的地方。另外建议去泸州的朋友，如果是晚上到泸州，又是只身一人，最好是坐机场大巴到市区，比的士要安全些。机场出来的那条路黑嘛嘛没有路灯，如果碰到打劫之类，真是叫天天不应，叫地地不灵。机场到酒店打车21元。
1,装修后还不错，房间很干净，大床房很舒适。打印很贵
0,有生以来入住过的最恐怖的酒店之一，可以跟印尼雅加达郊外的酒店媲美（笑）！1。房间里霉味，烟味扑鼻，没有窗户通风，肮脏的地毯上的斑斑点点的污迹，令人触目惊心。2。厕所肮脏，长年累积的污斑，臭味，令人无法如厕。3。楼道里昏暗昏暗的，晚上回房间，请务必几个人同行。4。还算有优点，就是服务员的态度不错。总之，倒贴我1000元也不肯再入住了。
1,房间不错，早餐也不错，就是上网不方便，自己设置了半天都不能上，叫服务员来看看，她只给了张IP地址的信息，还是上不了，折腾半天结果发现酒店把我房间里的网络线接错了，所以我才上不了！酒店在城东区，距离新长途站挺近，但是离市区尤其是火车站比较远――不过济源这地方火车也少！补充点评2007年6月14日：一进门就看到了那本“臭名昭著”的人体艺术，还好，密封封装得好好的……
1,位置非常好，去烟台山、东炮台、张裕葡萄酒博物馆非常近，海边步行街很漂亮，音乐喷泉也不错。缺点：商务标间（6601）中央空调的风机盘管保温做的不好，导致结露发霉；另外免费提供的拖鞋沾水后极滑!
0,"整个酒店一股羊肉的臊味,11月了还没暖气,有空调,居然没有暖风,挨冻.......找遍整个房间没找到酒店任何服务电话,只有一个按摩的......半夜被汽车喇叭惊醒,以为窗户没关好,后来发现关的很严......只有开着电视,昏昏沉沉的居然听到了火车声......"
1,房间很干净的，很多细节都考虑到了，hellokitty的拖鞋很可爱，有四星的标准，同事们都挺满意。靠山的房间有阳台，景色很不错。服务非常的好，在上海似乎找不到这样的服务标准。泡温泉的地方毛巾很多，随时准备着。温泉的品种也不少，人很多。餐饮也算是挺好的，品种多，服务很好。在那里很放松，下次还会去的。
1,"1.地香蜜湖站出去後,有任何指指示酒店方向,於初到深圳的旅客而言,可能要花多走冤枉路,建酒店在地出口置明指示牌,引旅客.2.酒店根本有附泳池,前服坦承室外泳池是隔壁<安柏.晶>社的公.入住酒店的客人,是使用施的!3.房可上,但租一每天10元人民,感此星酒店,不收用!4.我入住二房一的房,示是三人房,但早餐何持只附人份?道第三人就不用吃早餐?而以那的自助早餐,一份自要30元人民,我想很少有人意付去吃!5.除了上述能改更好以外,心而,此次入住七天六夜的整感是意的.竟要找到一交通方便,中取,且碗瓢盆一俱全,洗衣乾衣甚至DVD等家居器用品都心安排到位的住,在不易;住在盛庭,真的很有""家""的感!6.酒店人的服度很好,有器故障求修很快安排妥,清工打也很真,些使我及家人定以後若再有到深圳做客,定再次考入住盛庭!!"
1,在北京用这样的价格能住4星酒店的确不容易了，不过这里也太偏僻了，理论上都不能算北京了。。。。
1,"酒店很干净\漂亮.最特别的是赠送的洁具还有小木梳什么的,很是贴心.最烦的是每次到深圳出差,下了飞机,那些个出租车司机都会大肆宰人,就十几分种的车程要价就是二百多块,直接不打票,真叫人吃不消.见多了,也就知道了,是这边的风气,估计是改不了了."
1,房间不算大，中规中矩。北方的服务就真的不敢恭维了，CHECK-IN后都没有服务生帮你拿行李到房间去。周围都是酒店没啥逛的，自己吃早饭可以去万豪和喜来登之间那条路的永和豆浆店，很便宜。
1,酒店位置比较适中，离咱们公司客户近，开会开得晚或一大早过去开会都很方便。
1,房间总的来说还不错，早餐做为四星级酒店来说一般。酒店外面小吃或者一般的酒店少总的来说，对我这样出差的人来说还不错了
0,前台服务员3人，办理的只有1人，其他人据说是实习的不会办入住和退房，站一边看着，一般要等15分钟以上。入住的商务大床间，房间比较旧，一股怪味，洗手台等不是很干净，还有上网速度奇慢~！最后对于携程的客户好像有偏见，安排房间不好，入住不像会员赠送早餐，还有价格偏贵，只有比前台价格便宜十几元。。。反正以后不会入住这样的价贵物差的地方了，远不如一百多元的爱尊客呢。。
1,"服务确实不错！非常主动、热情！这在一定程度上抵消了房间不大的缺憾！那天本来只打算到前台取一份免费到机场快线香港站SHUTTLEBUS的时间表，取好时间表正准备离开时，门厅内的另一服务生立即微笑着主动前来询问我航班时间,并在时间表上勾下了建议我乘坐的哪一班SHUTTLEBUS的时间，告诉我只要在SHUTTLEBUS出发前5分钟到达门厅就可以了。服务生主动、周到、专业、细致的工作令人印象深刻！对于有意全方位了解香港的人来说，酒店所处的位置绝对提供了这种便利。在这里，你可以看到旧时的香港及普通百姓的生活。离SOHO美食区和兰桂坊也不远。"
1,地理位置好，离蓬莱阁和海边近，房间还整洁，服务热情周到，早餐也不错，美中不足就是设施有些陈旧。补充点评2007年8月29日：抱歉，错把蓬莱打上去了，那里没有的，特纠正，谢谢。
1,"环境是很不错的,很漂亮,就是免费升级的事没有事先通知,让客人受到了不平等的待遇.意见很大.中餐不错,西餐太不地道.房间价格很便宜,套房很大,早餐也不错。"
1,"房间设计讲究。设施较完备，为顾客着想。早餐有质量、有特色，很贴心。地理位置不错。楼内环境有待提高，比如地毯。另外，宣传的接机服务应保障。宾馆反馈2008年8月13日：感谢您的点评,今年年底淡季时地毯将全部更换,另接机服务我们承诺最晚时间22:30.请予以理解。谢谢！希望再次光临本客栈！"
1,酒店的地理位置很好，到王府井、景山公园、故宫都比较近，可以步行。但是交通不太便利，离地铁稍微远点，有行李的话不太方便。前台的服务也还不错，面带笑容。入住时没拿景山公园的门票，再去要的时候小姐也很不错，帮忙查找。房间很小，但是对于睡觉来说也够了。我住的房间正对着景山公园最高的亭子，感觉不错。
1,有停车场，房间干净、安静，各方面还算不错只是价格在肇庆来说还是偏高了些。上次我们在肇庆皇潮搞个活动，房间设施各方面比星湖大酒店最起码高一个级别只需260元。
1,"很好的酒店,起码四星,服务人员经理等态度非常好,早餐也行.总之性价比满意宾馆反馈2008年3月30日：非常感谢您的光临，您的鼓励是我们工作的动力，真诚期待您的再次光临！"
0,"本来订的是198的大床房,结果前台说没有,只有商务230的大床房.可进房间一看,其实就是大床房,因为一个月前刚刚住过.一模一样的房间加上""商务""二字就多了32块钱.感觉是前台戴眼镜的男服务员故意搞鬼,于是下去质问他""商务""与非商务的区别.他支支吾吾说不清楚,说多了冰箱和保险柜。。。我狂骂，冰箱是有，可是空空无物！保险柜根本不存在！！明明就是变向加价，一点都没诚信！！！还有，房间的隔音超差，楼道内有人走动说话，里面听得很清楚，有帮客人在打牌，虽然隔了几间房，还是吵得不得了。更可气的是晚上旁边有装修的，在敲什么东西很吵，一直搞到2：00多，据说是后来住客们打电话叫来了110才制止住。。。酒店人员也无人去过问！！"
0,"真的不怎么样的酒店,房间十分狭小,一股异味,卫生间简陋,虽然对于这样规格酒店不能要求太高.但是同样等级同样价格的速8就做的比这好多了,真后悔选择不一样的酒店作尝试."
1,12月在金泉住了几天，开始订的豪华商务小套房，后来换了个商务标间，感觉性价比更好：两种房间大小差不太多，可以向酒店免费租一个猫，通过电源线上网，上网速度挺快。
1,房间不错晚上很安静，早餐供应丰富又实惠，主要是离机场很近，步行大概10分钟路程
1,非常喜欢酒店的服务，我第一次来提了好多意见，比如开夜床没有点心，等等，结果第二天客房就送来点心了。非常感动。第二次入住时，前台竟然认出我来，说欢迎我入住。感到很温馨。很喜欢这家酒店。前台的笑容很真诚。
1,环境很好，服务也不错，推荐下次还会住这里
1,这次入住感到服务人员的工作态度不如以前，整体工作热情也不象其他喜来登那么专业。因为我定的房间满了于是给我升级到行政套房，这个本来是不错的安排，但是不知道为什么偏偏这个房间里早晚都有一股股噪音；而我朋友住在我下面一层，一清早就被行政酒廊准备早餐的声音吵醒。酒店2楼西餐厅服务还是很好的。
1,"服务:整体勉强有4星级水平问题:硬件水平偏低,房间隔音效果差,门薄墙薄,结账时间偏长,早餐质量偏低,不过在该地段,也没有比这家更好地宾馆供选择."
0,很烂的三星级，阴暗。睡个觉而已。马路对面的干锅还可以。不推荐。
0,位置比较好卫生条件也还行就是房间太小高级大床房的大床还不如一般酒店的标间的床而且床实在是睡的不是很舒服
1,很满意的一家酒店，装修不错，那天住下晚上房间的网络出了问题，负责网络的人又下班了，服务员很热心的带我到楼下商务中心免费上网。送机服务也很好，总之很满意，以后去昆明就住经贸了！
1,"价格便宜,环境幽雅,就是餐厅跟不上,但服务态度及房间配置基本达"
0,该酒店服务极差（国营单位）。上周我刚刚回来。原本想去宋村漂流，结果被不负责任的服务员（方飞女士；叶君健，这厮都不敢告诉我他的名字，算不上老爷们！）完全弄错，而且还没有任何歉疚和改正的意思。在我们理论的同时，叶君健这厮还要耍蛮，愣要打人。这就是国营单位的现况！建议大家如果真是没有其他选择，千万不要到这里来，来一个，后悔一个！我算是前车之鉴吧！另外这里交通极不方便，出门需要到前台预定出租车，至少15元，比起市内的2元每人，贵太多了！宾馆反馈2008年8月7日：对于您在本酒店的遭遇我们再次向您表示抱歉。当时我们的工作人员因为宋村漂流给了您错误的信息而向您非常诚恳的道了歉，并对为担误了您宝贵的时间也给您合理的补偿，而且您也接受了我们工作人员另外给您安排的漂流，并非您所说的没有任何歉疚和改正的意思，更没有您所指的要打人的意思。但不管如何，是因为我们工作人员的失误让您在我们饭店感觉到了不愉快，我们再次报以诚挚的歉意。我们将在员工的服务质量和服务素质上加强管理与培训，可以更好为客人服务。另外由于饭店是一家独立的度假型酒店，并不在闹市区（离市区的距离约在三分钟的车程，）地处千岛湖边的的半山腰上，所以出租车是需要按包车算的（从市区到假日10元/辆，从假日到市区因为需要预订故是15元/辆，市区的2元/人是指在固定线路的价格，可同时载不同的客人）。
1,觉得是许昌最好的酒店，性价比相当高房间大，整洁，硬件也不错服务相当的好自助早餐也不错离春秋广场很近，出去玩也方便
1,入住的是绿色套房，不知道绿色在哪里？地毯确是很脏，床很硬，会响，没有空调，不可以调节冷热！欢迎水果不知道放了多少天了，没敢吃。660一天不值得啊！
0,对该酒店非常不满意，最后还逼得吵了一通。入住后预订了3天住宿，最后一天，我一大早5点起来赶飞机，得知6点多以后才有早饭，所以就主动把他们早给我的餐券还给他们了，但是账单打印出来后，发现最后一天的早餐钱居然还是算在里面，觉得非常奇怪。答复我非常简单，就是不能退！问原因，说电脑系统就是这样设计的，当天开始的时候，就把早餐费用和房费一起算进去了，因此即使没有消费也不能退，如果客人要投诉尽管投诉！出差10年，从来没有遇到这样服务差的酒店，野蛮对待顾客，乱收费，之前没有任何说明，餐券上也没有任何说明，憋了一肚子气！房间上网费用很贵，一个小时18元，这还不算，上不了网，怀疑是网线的问题，请总台重新给一根网线，说必须自己去总台拿。回到宾馆，把衣服、裤子、鞋子都已经换了，让客人这样去总台合适吗，是四星级宾馆的服务吗？和他们说了，来了几个服务员，看了很久，把我的电脑莫名其妙不经过我同意就重启，最后说还是要我自己下去拿网线，我晕倒！下面的几个商场，说是可以结到房费里面去，但是实际呢，买地图、买饼干的地方，都告诉我小费用，必须用现金交易，一气之下，啥也没有买。卖东西的自己只顾玩游戏，非让我自己找商品。。。以后我坚决不住这个大官员酒店。出来后，出租车司机说，这个酒店的服务、管理北京有名的差。
1,"住的豪华海景房,在4楼,离电梯很远,房间非常好,家具很有特色,窗口望出去就是鼓浪屿,非常美,夜景更是好.地理位置没得说,下楼就是中山路,过马路就是轮渡站.虽然对着马路,不过房间有双层玻璃,所以基本没噪声.宾馆的隔音一般,有时能听到走廊里的声音.早餐很一般,品种较少.不过总的来说,性价比很高."
1,那里的环境很好，只是价格有点贵，打车需要走一段路，自己驾车的话较方便，服务态度很好．
1,1、环境相对较安静，房间设施和整体效果很一般；2、早餐可吃的选择性不好，感觉东西倒是丰富、但可吃的比较少；3、房门的隔音效果不好（好象是很多酒店的通病）。
1,房间很大，大的让我去其他宾馆都感觉性价比不高！服务也不错，值得一住！！
1,"酒店大堂不错,房间设施也物有所值,服务员态度非常好"
1,环境很不错，酒店的园林很大，很安静，也很漂亮。只是酒店的服务生清理房间的速度较慢，微笑地主动向客人问好不够。
0,这个宾馆太差了，我一辈子都不会再住了，电梯坏，设施陈旧，电视差，洗澡的液体质量差，和星级完全不符呀。
1,连续2次都被分到了角落，总感觉从门缝小下面吹风近来，空调的控制也很奇怪。早晚餐还可以，淋浴的水太小。
1,呵呵……套间反倒没有连上宽带……不过房间（普通套间）物有所值，我比较满意。只是遇到了一个会议，会议退房搞的大厅极为混乱，我不认为与天鹅湖有关，应该属于会议组织者重大失误！正在考虑春节订房……补充点评2007年1月13日：哦！对这里的餐饮不好评说。我希望其他住客点评！
1,酒店很不错！大堂气派宽敞，房间挺大。服务一般，再也不是没普间升豪间了，我早上去得早只能等别人退房。普间没早餐。桑拿按摩VIP还可以，服务不想有些地方只想着快点结束，快点付钱，朋友说物有所值。
1,表扬：餐厅，中餐做得很好，价钱也不贵，份量也不错，早餐也不错。和在天柱山大门口的农家菜比环境、质量好很多，而价钱也不贵，推荐。批评：中医推拿，不专业，可能还不如我的水平呢。另，洗衣服务虽然有，但加急还是比较慢。我出去漂流打水涨全身湿透，到酒店指望赶紧弄干，结果n个小时也没搞定。
0,大家这段时间不要去住，他们施工吵死人了！并且，房间里的提示上说是8：30才开始施工，结构7：40就开始，找他们解决了一早上，到8：30一直没有停止过！到了8：30他们就更有理了，继续开始施工！
0,本人是在春节后2月27号入住的，该酒店很差；说是四星级，可是服务完全没有到位。我共住了五天；三天服务员进房间就是叠被子和补一次性酒店用品；地上都没有清洁过；我第一天掉的小纸屑到第三天连躺的位置都没换过；真可笑！晚上很吵，开门声音很响；实在很差；建议大家都不要去住了。
0,不太好，晚上被卡拉OK的声音干扰到很晚。楼下的饭店也搞出很多污染。
1,"位置太偏了,不过有机场接机.总的来说还满好的.可以推荐的酒店之一.补充点评2007年11月6日：离连云港市区有点远,去市区办事的朋友得谨慎点吧.其他无特殊,可以推荐吧"
0,夜里没有空调，房间又没有窗户，热的不得了，早上来空调以后又冷，害得两个人都感冒。问酒店怎么回事酒店说是威海市酒店都这样，电力局晚上给关的。但是本人强烈怀疑他们的解释，要停电都停电怎么可能只有空调没有呢?而且，我们后来搬到国际海景城酒店公寓就没发生停空调现象。另外酒店离海边很远，走路最少20分钟。
1,房间不大，但相当舒适．距离热闹的酒吧集中区也很近，方便．环境干净＼清净，适合睡大觉．服务中规中矩，此次通过携程订房也很快捷＼省心．住的时间有限，两晚，但总体感觉不错，下次再到丽江，相信这也是下榻的首选补充点评2008年7月5日：没有给５分，不是因为有任何不满，而是完全出于个人对客栈短时间内获得的认识，也是出于希望客栈的服务能够一直保持相当水准，而不要轻易在商业化的潮流中，走上质价不符的路子．
1,大年初一住了一晚，订的480的房间，相当相当不错。唯一的缺点，因为住的人少，显得有点冷清，但餐厅服务很好，没吃到自助餐，但点菜也很不错的，性价比很好(夫人是山西人，她说所有菜做得都没家里的好。那是当然的了)。宾馆就是个大公园，感觉非常好，但估计只适合开车去的朋友。打车去会很不方便，离市区也很远。美中不足的是离开的时候正好停电，前台居然就不能办checkout，可见员工应变能力较差。当时有一个应该是经理的在场，问了一下情况就让前台按客人自述退房(同时还有一家，都已经说明自己在餐厅有消费，没有其他消费)，但前台还是不给办，硬是等来电了才办理，多等了十五分钟。不爽!!服务给四星。
1,房间和床太小，睡着不是很舒服，希望以后呢能够给大一点的，总之希望改进．
0,该酒店性价比不高，在同类酒店中算差的，房价和24k锦江之星差不多，但各方面都有一定的差距。首先是前台的服务速度不够快，等候时间过长。其次电梯的速度非常之慢，不得不说的是还存在安全隐患，楼梯间的安全门是锁着的，万一出现意外后果不堪设想！最关键的房间（大床房）就是一间毛胚房加一张床，一个电视（有些台还不清楚）。电脑网速一般，建议大家用自带的笔记本，那里的13寸电脑一经开机25元。卫生设备：没有吹风机，毛巾破旧建议更换。杯子少了点，加漱口杯才两个。接下去是晚餐，接连选了4样盖浇饭都说没有（注意：都是普通的诸如雪菜木鱼、茄汁鱼片、红烧大肠）最后端来的两份回锅肉和蚝油牛肉从外观看没有任何区别（青椒+肉片）每份统一价10元。一句话，不建议入住。
0,"房间太旧了,价格上也不实惠,不过在信阳这样的城市估计也没有什么好酒店,也只能将就了!"
0,酒店设施还行，服务超级差，服务态度也很不好，我们本来是在这里开会，结果各个部分互相之间很难沟通哦
1,酒店环境很好，大堂很有气势，本人即使入住园景房也能见海，服务人员很客气，一点瑕疵：房间的马桶未见品牌，进水时间过长且有明显声响。
1,"石家庄最好的酒店,服务是非常不错的.硬件由于这个城市的原因,所以也没有办法挑什么,但是非常可惜,这个可是在省会的城市啊...省会的城市不应该这样吧,4星里面不如BESTWESTERN旗下的...."
0,住的是一楼，房间太小，窗户对着一堵墙。以后不会再住它了
0,07年曾经住过一次，感觉还可以。这次感觉不好，被子、床单太、太、太旧了，早该换新的了。其他服务业都一般。
1,总体来说各项指标符合万豪的水准，况且遇上特价期，价格非常有吸引力，套房浴室的冲浪浴缸非常舒服，在外面玩了一天回来享受一下泡泡浴，既能缓解疲劳，还能滋润干燥的肌肤，当然泡泡浴露自带！地点稍微有点偏，打的有的司机不知道在哪，得告诉在航天桥才明白。游泳池不是在酒店内，是酒店借用旁边一个健身中心的，条件一般，开放时间倒是挺长的。房内大瓶的依云矿泉水只卖48，这个价格相比其他五星级酒店消费水平真的不贵哦！
1,"酒店的整体感觉一般,但是前台的小姐和先生很热情.但是酒店的餐厅只接受现金,很不方便.希望能把帐转入房间号中."
1,可能对香港人来说也是一个新的娱乐场所。酒店设施服务都一流，位置方便，周围有许留山、7－11超市、沙沙、买电子产品、波鞋等都近在咫尺，旺角地铁站，弥敦道也分布在酒店出口处。我和女儿结束迪斯尼的游玩后在那里连住3晚，对我们自助游的人来说还算方便的。从酒店到太空馆、海洋公园、中环等都很快，酒店旁边的集市有买山竹10元4磅，很好吃，我们还一直带回到上海呢！
0,购物较方便，上外滩也近，但房间太小。没有早餐不方便，较为嘈杂，装修较老
0,酒店实在很糟糕，墙上贴着不能把四巾带走，说实话白给都不要，旧的只能擦地板。不是一次性拖鞋，淋浴喷头水很稀。床单和被子也不十分干净。房间不隔音，半夜被隔壁奇怪的咳嗽声惊醒，再也无法入睡。订了两个房间同时接到骚扰电话，可能是我们都是女士接听的，对方没有出声就挂断了。最糟糕的就是地下车库了，阴暗潮湿，蚊子巨多，汽车自行车混在一起没有分区，入库也没人看着，出库时现找人开门。其实车库并不大，而且只有一层，只要稍加装修就能改变现在的状况，只可惜没人重视这些细节。中午和前台打招呼要退房，上去取行李之后又被打电话说我们超时，服务简直太差了。蓬莱没有什么满意的住处，建议先到蓬莱游览完之后去烟台或威海住比较好。补充点评2007年8月1日：离海还隔着几条街呢怎么还说有海景房？真不知他们怎么想的！
1,服人度良好安不人商物中心步行10分
0,房间地毯太脏，临近火车站十分吵闹，还好是双层玻璃。服务一般，酒店门口的TAXI讲是酒店的长期合作关系，每月要交费给酒店。从酒店到机场讲得是打表147元，到了后非要200元，可能被小宰30-40元。
1,第2次入住该酒店。总体还是不错就是不能免费提供宽带上网服务。宽带上网价格高的离谱50元1天。着不是可以承受的价格。总体还不错
1,"在那里住了2晚,觉得还是很不错的.首先办理入住手续时接待小姐的态度非常好,特别有礼貌和耐心,让人觉得很窝心,不像大陆的服务员爱理不理的.另外房间虽小了点但非常干净,在香港这个地方,对于三星级的酒店来说已经很不错了.酒店的地理位置很好,就在油麻地地铁站出口处,交通很方便,而且离女人街和通菜街都非常近,穿过对面小学旁边的小路就可到了."
0,虽然在火车站不远处，走对路10到15分钟，但位置比较不好找，如果不打车去基本得问两三人。打电话到酒店问路时发现接待员也对具体怎么到达不太清楚。位置比较偏，但是住九楼早上也会被车吵醒，也许仅仅和当地司机习惯按喇叭有关。房间比较大，但是地毯有污迹，和两星半的级数不符。楼下晚上有小食摊倒是挺方便。
0,酒店比较旧，靠近机场，能听到很大的噪音。而且早餐非常差，简直就是没东西吃。我再也不会住在这个酒店的。宾馆反馈2008年3月14日：尊敬的客人您好，非常感谢您的宝贵意见，对于您入住期间遇到的不愉快经历，我们深表歉意，以下是我们关于您的意见的反馈情况：1.关于您提到的噪音和酒店陈旧问题，由于酒店地处厦门主要干线-湖里大道西段，距离机场10分钟车程，这是酒店交通便利的主要优势。但随之而来的就是噪音问题。厦门联发集团于2007年5月份投入巨资对酒店重新进行装修，在隔音方面做了最大的改进和提高。酒店装修完工投入使用以来，未收到客人关于噪音的投诉。2.早餐：针对前几年团队为主的早餐，酒店在人员配备和早餐种类及数量都做了很大的改进，目前早餐包括了小菜、饮料、热菜、糕点、主食、沙拉等40多种菜品，能够满足各种客人的不同喜好。我们非常珍惜每一位客人的投诉，非常珍惜每次能为客人提供服务的机会。也许酒店方面现在还不能做到十全十美，但是我们一直在努力，希望您能再次光临丽轩酒店，感受到我们的改变。最后再次感谢您的意见和建议，因为正是有了您这样的客人，才使丽轩一直进步、不断完善。谢谢！
1,"服务很仔细,房间陈色虽旧,但用品挺干净.服务员很有素质,拾到钱包想办法还给了我,我非常感激."
0,预定的时候注明了要二楼房间，入住时是一楼，网上说加一份早餐10元，实际收15元。住酒店还要交停车费10元。豪华单间房间的地毯湿呼呼的，我真是无语了。但酒店大环境是不错，可惜这环境了
0,酒店实际的情况比网上要差，也许是因为太远了。而且前台价比协程还便宜了十几块。真实山高皇帝远了阿
1,黄金周前的房价还行的，作为一个县城的酒店，硬件设施应该算是相当不错了。由于同学的老人管帐，看了房间后与同学耳语太贵，当得知交的钱是押金后，立马对房间设施赞不绝口！呵呵！停车场车位充足，一楼中餐厅价格很便宜，味道尚可，就是量少点儿。在安吉这种地方，这样的标准相当不错了，就是价格还应该再降15％左右就更具性价比了！
1,早餐还可以，房间一般，不过隔音效果很好，虽然对则一条大马路，但是根本听不到什么嘲音
1,原本在网上订了两个套房，入住后，携程还给我打电话问是否只入住了一间，要扣我信用卡里的钱。真不知道酒店与携程是如何衔接的？宾馆反馈2007年12月7日：我们非常感谢您的留言，非常抱歉由于一些小误会给您带来的困惑。根据我们的担保订房要求，对于确认担保的房间未入住的会收取当天房费。当然，我们也会进一步加强与携程的沟通与协调，让您今后的入住感觉更加舒适与愉快。
1,酒店的位置很好，走出去就是松花江畔，如果住靠江边的房间，早点起来推开窗就有机会看到雾凇了。交通也比较方便，从火车站打车过去也就是跳一次表。酒店的设施半新不旧，感觉是老三星级宾馆翻新过的。房间比较大，但是布局不怎么好。淋浴头不够大，总是水量不足的样子。
0,这个所谓的四星级酒店是相当的差，非常旧的房间，非常简陋的设施，通过携程预定，还要将近五百元的高价。当然，也没有办法，因为是周末，又是承德的旅游旺季。可是，其他的酒店却没有这么高的价格，相比之下，天宝假日要比这里强百倍！
1,在中山陵里，很安静，晚上睡觉的时候一点声音都没有，早餐还可以，服务也还可以
0,房间里铺着像餐馆一样的廉价石砖地，两床之间有一块肮脏的地毯床上只有及薄的褥子，床垫上的弹簧不分轻重的时刻硌着你。喷头出的水永远只有两种温度，极热和极冷出行不方便，地点比较偏颇，从解放碑打车，很多司机都不去。总之糟糕透顶
1,"山水宾馆的设施比较旧,餐厅也是比较旧,住宿不含早餐,需要另交费."
0,最大的优点也就是价钱比较实惠，另外有免费停车场（如果住在古镇里面，白天是不允许把车开进去的）。这个宾馆的服务员都说自己的餐厅做的当地小吃好吃，实在不敢苟同，份量少，味道也不地道，价格却不低，建议重视当地美食的朋友不要在宾馆的餐厅就餐，会对山西的小吃产生错误印象的。
1,"房间比较大,环境也还满好.服务态度也不错,设施太陈旧.印象不好的就是餐厅,早餐的餐厅地面比较脏,桌椅都比"
0,较烂以及让你绝望的烂且无法选择的烂。缺少竞争啊
1,"很喜欢这个酒店,每次都挺满意的.住了五次了都,还介绍了同事去住,大家也都挺蚂蚁的,呵呵补充点评2008年4月25日：就是电梯速度慢了很多,不知道为什么"
1,还不错，在市中心了，价格实惠，还有免费的接机，服务也很好，不过因为酒店可能时间长了，设施不是很新，但是还可以。
0,"很不好的酒店,不懂为何有些评价会说不错,1.酒店很旧,房间霉味非常重,跟前台抱怨,前台居然说每间都这样,说到发火,才调整房间,但是只是情况稍微好点,依然是一股霉味2.房间设施不好,空调吹到午夜,突然就失去功能,一点都不冷,闷了一晚上,让人睡不好3.饭店的下层是办公楼,电梯共用,速度又很慢,很浪费时间4.停车场的保安很差,下雨天也不愿开栅栏,让车可以靠近酒店的门口,直到我们开口骂人才开,服务很差宾馆反馈2008年7月3日：尊敬的宾客：您好！得知您在酒店不愉快的经历，我们深表歉意，请接受酒店最诚挚的道歉。谢谢您的宝贵意见，酒店领导对此非常重视，已召开专场会议查找问题并落实改进，我们会在管理中不断改进，提高服务质量，确保使每位客人都能有宾至如归的感觉。谢谢您对酒店的支持，衷心期待您的再次莅临！"
1,通过携程预定的行政双床房(且提前付清房费)~最后居然给我们父女两人一间大床房~还一再申明没有双床房了~在我的一再要求下~最后虽然还是提供了双床房~但是印象大打折扣~补充点评2008年3月24日：温泉~住店客人是98/位~小鱼池是46~另外收费的~
1,酒店离千岛湖景区码头稍微远了点，不过上杭千高速比较方便，也很安静。这次订的标准间还有个小阳台，空气很好，可以看到湖景和广场的音乐喷泉。总的来说还是不错的.
1,我不太喜欢这里，装修环境确实都不错，有免费的水果送，但缺陷是晚上睡觉时如果不关洗手间的门，会感觉很吵，管道时不时会传出像消化不良似的声音，一女的，住起来感觉很害怕。第二天晚上还是那样，也不想起来换，只有吃了点谷维素（调节神经，也算安眠的吧），才睡好，咳
1,"周六到西山去采橘子,路过这家酒店的时候就觉得应该不错的,采好橘子回来天也晚了,就临时决定住在这里,因为到了他们家门口才通过携程预定,大堂在没收到信息的时候通过携程的电话确认就先帮我们办了入住手续,感觉服务还不错.定的是他们家的非湖景套房,房间很大,床是2MX2M的,设施蛮齐全,标房在周末都住满了,套房的入住率好象不是很高的.值得推荐的是他们家的几个看得到太湖的大露台,一个可以看见大桥的中餐厅.吃早餐的西餐厅也能看到点太湖风景,整体感觉还是很好的,想看看湖景,散散心的朋友住在这里绝对适合,他们家没挂星,但设施是按五星标准配置,环境幽静,服务员看到客人都会打招呼,比较满意!"
1,房间还不错，够大也够舒适（住的是豪华间），服务需要进一步改进，离店居然没人给叫出租车，就没见者门童
1,酒店交通不是很方便，离市区较远，火车站过来大约17、8块，因为地处开发区，住过来的大多数人都是来开发区各个公司办事的，尤以奇瑞的供货商和客户居多。说实话有些意料之外的惊喜了，没想到芜湖有性价比这么高的酒店。住的是行政标准间，房间很大，除了两张床还有一个很不错的办公桌，卫生间干湿两用，淋浴房和浴缸供客人各取所需，水量也很足，用的洗发水和浴液也不是大多数酒店用的蹩脚货，是分别两大罐家用的脱普产品；既可以烧开水也可以喝酒店提供的直接饮用水。服务也很不错，入住退房都很快，所有遇到你的工作人员都会礼貌的说你好！门童非常的客气，离开酒店的时候门口没有车，一位门童顶着烈日走出接近1里地在另一条路上帮我拦车进来，实在有些不好意思。客房送餐速度也很快，菜式量足味道也不错，除了叫客房送餐单的菜式也可以让他们送中餐菜单上来选。唯一不足的可能就是他们的自助早餐了吧。实在没什么可吃的，而且去晚了，几乎就都见底了。服务员加菜也不是很积极，就算加也都是加一丁点，一个人就拿完了，不知道是不是因为自助早餐怕客人吃多了的缘故……总的来说，环境和服务还是不错的，有机会再去的话还是会住在那里。
1,海底世界酒店整体环境不错，一个很雅致的庭院，比较安静，且在亚龙湾算是个相对便宜的酒店，我住的是豪华单人间，2米的大床，房间也很宽敞，还有个阳台，与环球城酒店紧挨着，服务也挺好，由于没有电梯，入住及离开时都是服务人员主动帮忙搬运行李，态度很好，只有一点不太满意，就是酒店提供的海底世界半潜观光船游览买一送一服务，我是想和老人及一个不满三岁的孩子去看，前台告诉我孩子可以免费，但去买票时小孩还需半价100元，感觉不值就放弃了。
1,01年间的酒店现在设施还很新啊。位置不错，离广场周边购物都近。携程提供的离机场距离不对，应该至少20公里以上。
0,酒店条件非常差！明明说有网络，就是用不了！而且蟑螂成堆，永远不会选择这个酒店了！！！补充点评2007年7月20日：极差！！！！
1,总体来说不错，入住的是商务间，很整齐，床还挺大的。就是住的那间空调不能开，一开就断电，找了总台，服务态度挺好的，维修工也马上来修了，但是因为是线路问题没法短时间内解决，想想正好晚上也不用开，也就算了。娱乐、餐饮一应俱全，总体来说比较满意。
0,"周边环境很静,离天门山和机场不远,有接机服务也很方便.出行周边逛就很不方便了,离闹区很远.房间比较小,脏和旧,床单也不怎么干净,冷水壶底下金属有脱落发霉,不敢使用,连放冷水的也有沉淀杂质,没敢喝,淋浴房容易漏水使地板变得很湿.早餐不怎么好,餐厅象个体户开的大众食堂,卫生条件不好.看到综合评分感觉有点上当."
1,环境非常不错，唯一的缺点就是电视不是液晶的卫生间要赞扬一下，超五星级的标准
1,看了介绍，带老婆孩子去了，其实是一种尝试，想看看究竟是否真的还好。优点：1，前台的动作很迅速，对于入住和结帐都是非常的周到、迅速。2，门童、保安都很热情。我们要出去，叫车的时候居然司机说不认识。还好有个非常负责的门童，就在那里一个一个司机问，直到有一个司机愿意送我们去为止，让老婆感觉很感动。3，房间很好，而且客房服务很到位。我们是带了个5岁的女儿，他们看见了，就把我们的所有的洗漱用品等都增加到3份。虽然不一定值钱，但是女儿很开心，用她的话说：“这是给我用的东西。”4，房间的隔音不错，床的软硬适中。女儿晚上10点多睡觉，居然一直睡到了隔天的上午11点，以至于我担心结帐的时间都不够。缺点虽然有，但是不是大的，而且提出了以后都及时改进，让人很开心。进酒店还有为携程客户专门提供的饮料、水果，让孩子很开心。以后再去杭州，肯定还是住那里，很好。已经推荐几个朋友去了，希望他们也一样满意。宾馆反馈2008年8月7日：非常感谢您对我们酒店服务的肯定。酒店会不断的努力，提升酒店品质，提高服务质量。衷心期待您的再次光临！
1,地段比较有优势，而且老外也住习惯了，每次都是这里。
1,此酒店在问题处理上不够积极。还好我是在携程订的。携程的服务确实有大公司的风范。后期的服务跟进很到位。对于酒店，我就不多说了。诚信永远是发展之道
1,位置较中心，服务也可以，大楼也气派，就是地毯比较灰暗，房间从门口到里面的走廊较窄。
1,"交通很方便,离火车站很近,但是从酒店打车去车站由于道路设置原因要么停在坡底自己爬上去,要么兜一个大圈子绕上去,也就多4块钱但是花时间.房间还比较安静(9楼),但是晚上骚扰电话多,只能拔线.设施(包括电器)有点旧,服务不错."
0,"关于这次入住情况,不想在这花太多篇幅评论,只是简单说一下情况,希望以后携程遇到这样的情况,要启动快速反应机制处理,以免耽误行程.因为是夜班机的关系,我是凌晨两点到酒店的,在疲惫不堪的情况下,按照预定的时间来到宾馆,在前台上叫了十分钟才有人从后面出来,还是睡不醒的样子.我报了名字后,她说查不到我是携程定的房,但后来又说有,于是我就快快办好手续就入住了,住了两天,退房时竟然比我预定的198房价多了80元,前台的解释是当时没有198的,就给了我这种房型,我住的房型叫商务大床房,竟然只有大概5个平方!我问难道还有比这更小的吗?回答是有的,马上晕倒!~~~~~~~~最后的协调结果是我等了两个半小时,打了携程六七个电话后才解决,问题是解决了,但相当不愉快."
0,该酒店装修比较成旧。我房间的浴室出水很小，洗澡很不方便。
1,在济宁还算是个不错的酒店，毕竟这里只有两家四星，服务还算不错。
0,性价比一般，主要体现在早餐难以令人满意，希望增加花色品种。
1,服务态度基本可以，就是房间内蚊子比较多，而且被子比较薄，晚上睡觉有点冷！
0,"医疗展会的时候入住了这个酒店,豪华海景房.房间设施还比较新.但是我入住的日子,从进去到离开,酒店不供应热水.想想一千多的房价,亏死了.说是大连在维修管道,简直是无耻,我确认过同期很多朋友的酒店,都没有收到影响.酒店的解释非常勉强.预定时,我是用信用卡担保的,他们还不给我取消入住,也不给打折,说时不可抗力(我们航班因天气原因迫降沈阳,酒店都不给我们取消预定的,害我们打车来连夜赶到大连!!)这个气愤啊.携程也很差,连这么大的事情都不和我说.总而言之,入住这么个无耻的倒霉透了.补充点评2007年4月14日：还忘了说了,此酒店收费项目太多,上网时0.8元每分钟,打劫啊."
1,酒店位置不错，近皇岗口岸，房间也还好，床比较舒适，就是有些小。
1,"前台服务员很热情,由于工作关系,本人清晨5:00离开酒店时,酒店给客人准备了早点心,让客人感到十分温馨和体贴."
1,"虽然酒店本身不能算是一家五星级酒店，但是从各方面来看，应该是珠海最好的酒店了，房间大而且也很清洁，配套基本上也齐，服务也到位，就是有一些小问题希望能解决，特别是房间跟通道的隔音做的不是太好，而且门缝透光，晚上睡觉的时候还歉帕艘徽蟆?><inputTYPE=补充点评2007年11月5日：想说的是晚上睡觉的时候还是受到了骚扰,另外补充早餐也做得挺好,一道炸鱼是我在广东吃过最好的."
0,"我通过携程定的豪华标间,价格4百元,以为这个价钱至少可以住到干净整洁的酒店吧,至于豪华,根本是没想过;但即使这样低的心理期待下,这酒店还是把我吓了一跳;一进房间就是一股霉味和臭味混杂的味道;等进了厕所,才知道房间的味道与之相比简直是小巫见大巫,简"
1,还不错，可以住一下，并且建议你住高一点层次的房间
1,"总体评价一般或者还行吧,只是性价比有些偏高,服务还行,尤其是大堂的大河旅行社,早餐相对丰富,豪华间不值,除了面积大些,个人而言不比普通间好在哪里"
0,服务员态度极差！！！弄丢了订单不说，找的交接班借口，当客人投诉时前台服务员在那翻白眼。补充点评2008年6月10日：订单弄丢，打了好几个电话，携程和酒店推皮球，酒店前台和预定处推皮球，前台态度还相当恶劣，以后再也不住这个酒店！！看过前面的点评，看来订单弄丢不是第一次，对于这种不把订单当回事的酒店，携程还纳入合作伙伴，如要保留要加强监控才行，我宁愿以后不再通过携程预定！！！
1,环境还是挺不错的，工作人员也比较热情，晚上保安巡逻发现窗户没关还电话提醒我们，赞一个！早餐略显一般！酒店门口就是峨眉特色小吃！离旅游车站非常近，线路方便！房间设施虽达不到四星的标准，但在景区也还不错了。可以推荐！
1,再加一句，好像上网也没有收费。最初是20元钱，但最近几次我入住的时候，直接连上网线就可以使用了。希望能够在洗浴小用品上多加改进。
1,酒店设施不错，价格比较适中，下次还住这家酒店宾馆反馈2008年8月1日：感谢一如既往的支持！期待您再次光临！
1,早餐差，房间没有了免费的咖啡，电视节目少。
1,这次住的附楼（未挂星），硬件设施比较陈旧，空调也不太好，我还因此换了回房间．二楼还有很多蚊子．不过服务
1,"因为地震原因客人不多,可是价格已经回调到很高,觉得实在不必要.不过各方面服务都是很不错的,还是比较满意.是不是继续入住,要看以后是不是还这么贵了."
1,总体上挺不错的!环境很好，服务也不错。
1,房间设施和卫生还可以，但不幸的是酒店2楼还是3楼是歌厅，即使在6楼，夜里也可闻歌舞声，另外就是晚上有骚扰电话。
1,"地理位置佳，在市中心。酒店服务好、早餐品种丰富。我住的商务数码房电脑宽带速度满意,房间还算干净，离湖南路小吃街近。"
0,1、车到酒店门口，没找到酒店，原来身边满是脚手架的大楼工地就是酒店，胆战心惊的走入，前台很破旧，很难想象是四星级的酒店。2、我住公寓套房，好像19楼，几部电梯只有一步到达，换了隔壁电梯才行，楼上走道昏暗，长长走廊，只有一两盏灯，，一出电梯眼睛要过一会儿才能看清东西，太省钱了吧。3、上午入住，电钻声不断，楼下房间原来在装修，携程也不事先告知，我晕！！！4、客厅较大，但太空了，只有沙发，却没有电视机，原来是叫人坐那里发呆的。5、洗澡没热水，一问，原来不是统一热水，而是电淋浴器，烧一桶要好长时间，一个晚上到第二天早上也没有热水出来，服务员说不知道为啥这样，四星级的无热水待遇，澡当然没洗，退房时心理和身上都发痒....6、口渴了烧水喝，电热水壶也坏的，打电话要换一个，说库房下班了，那是晚上八点多吧，从哪里变不出来一个？其他没人住的房间，你们经理的办公室...总能解决吧，不行烧一壶水上来也行啊，可他们就不理你，我只能跑到街上买水喝了！！7、所有家具设备都是陈旧的我想大家也会理解我的感受，我平时住店一般会先来看看众兄弟的网评，不好决不敢住。这次行程匆忙，是在路上电话预订的，酒店是携程反复向我推荐的，我才上了当，如果携程以后光注重经济效益而不注重酒店本身的品质，推荐这样的酒店，我看是要砸牌子的，毕竟你们也有竞争者的。补充点评2007年5月2日：再补充一点，宽带速度“奇快”，两个笔记本上网，一个酒店宽带，一个CDMA掌上宽带拨号上网，在联众打游戏，有线的网速还比不过无线的，还掉了几次线，送了人家好多分，呜呜...
1,"该酒店的设计理念是让住客感受农村的田园风味,沿水而建的别墅只是大,手工如同农民的村屋一样粗糙,不能细看,会影响心情.这次我们四个男人订的是独享双间别墅,实为三间房间,其中两间为大床,另一间为孩子房,与携程上提供的""大/双""有出入,酒店说已向携程反映床位问题,但这样酒店还是为我们换了间5房的别墅,只开两间房.别墅内有车库、厨房、冰箱、带烘干功能的洗衣机等，一应俱全，若房价平宜点，我会自驾车再住上几天的。"
0,真的不好..........................................................................................
0,楼下说的都对，实在是不值得住呀！位置很偏僻，晚上想吃个饭，还要打车出去。价格太高，移动的贵宾卡的折扣远比携程优惠。房间比较大，结果晚上很冷，服务员主动说送一床被子过来，可惜两天都没有送过来！洗澡间如楼下说的，插座在里面，非常危险，是不是要等出了事后才改造呀？早餐在前面的投资大厦一楼的咖啡厅吃，不方便，并且，早餐看似品种很多，只是看来看去，实在没有什么可以吃的。宽带倒是免费的，不过晚上有小姐电话骚扰、
0,住了普标，床小不去说，房间整体设施感觉象招待所，房间里还有一股以前房客留下的脚臭味。以后再也不住了。不过前台小姐的服务可圈可点！
1,房间还行，满适合商务出差。距离机场仅35~40分钟的车程，就在天津经济开发区内，属于塘沽地区。周边环境已经很成熟，餐饮娱乐都有，个人感觉很方便。补充点评2007年12月26日：但是低楼层的房间没有窗户，这一点可能会比较令人郁闷。当然如果多出一点钱就可以订到楼层高一点（10楼以上）的房间，那养的话窗外风景感觉就迥然不同了。前两天刚去过，正值圣诞夜，还获赠了一个圣诞老人的蜡烛，很可爱哦！
1,出乎意料，大力推荐的一个酒店。游西海大峡谷的话，绝好的落脚处。我是第三次上黄山，山上潮湿我是知道的。看过本站帖子，已有心理准备。但此酒店房间一点潮湿感觉都没有。电暖器片工作良好（西门子的），房间足够暖和。记得以前来黄山（分别是十年前和二十三年前），也住过800多块的酒店，但被子中感觉似乎是可以拧出水的。我在南方生长过，对潮湿有一定的适应能力，但那时的山上的潮湿，还是让我几近不能接受。不过考虑到当地的环境，是情有可原的。不过这次LP（没怎么出过门的北方人）还是觉得床褥有点“潮”，不过也觉得很不错的。在我看来，所谓的“潮”只是南方天气造成的“凉”而已。北方人不太习惯。洗澡水很好。自带干粮没上馆子，所以对菜品菜价没得发言权了。前台男服务生也挺好的。虽然没有特别热情各感觉，但挺职业并且有问题的话也乐意给予解答。总之这次住宿免去“受潮”之苦，实为意外之喜。要知道，在走了那么多山路之后有个舒服的卧榻是多么幸福的事啊。强烈推荐。（注：当然请各位要上山的朋友们不要拿这里的房价跟其他地方相同房价的房子来比较，我觉得那样比的话就没什么意思了）
1,"入住的是豪华单人房,需要说明的是这个房间真的很小，这个价格和房间的大小是在不和谐，酒店硬件尚可，虽然在路边，但是晚上休息并不觉得吵闹，房间的隔音基本满意，酒店内部的餐厅我的评价是很差，菜烧的非常难吃，价格还贵，除非大家图方便，否则不推荐在那里就餐。整体感觉中规中矩，离皇岗（福田）口岸还比较近，如果要从这个口岸出关应该还比较方便。"
1,其它都可以但本次提供的房间不好窗户离墙只有几公分，应事先和客人打个招呼说明一下，否则很郁闷。
0,我是代同事们预订此酒店，之前听说此酒店不错，但没想到几次打电话到酒店咨询事情，前台服务员的态度非常不耐烦，非常差。作为酒店，前台是举足轻重的部门，竟然有这样的服务，令我非常失望。
1,酒店的服务非常好，工作人员很热情很有效率。大厅超级大，房间装修有一点点旧，不过不影响本人对这家酒店的好感。酒店离机场10分钟车程，非常方便。门口是在建的高架，周围环境目前一般。
0,该酒店无论硬件还是软件都达不到4星级。院内停车要交费，房间小，装修档次低，房间床和电视机等档次太低，卫生间小且配套用品品种少档次低。与420元豪华房间价格及4星级酒店标准差距太大。如果挂牌4星，山东旅游局相关人员肯定受贿了。给曲阜，给山东丢脸，有骗人之嫌。
1,不错，下次还考虑入住。交通也方便，在餐厅吃的也不错。
1,酒店设施倒是满陈旧，不过一楼中餐厅的饭菜却很合我口味。一打听才知道是广东厨师，就为这个，我下次不住雅和了。
1,非常好。国内最好的酒店之一。各方面都不错。
1,酒店服务很好，床很舒服，也许是比较喜欢西餐的原因，个人比较喜欢万豪的早餐，交通方便，因为去香港两天都在下雨，显得尤为重要，楼下通太古广场和地铁，大半时间都在太古逛了，还顺便看了一场电影，从LG去地铁站坐地铁去尖沙咀和湾仔都只有一站，铜锣湾只有两站，以后再去还会考虑住这里
0,"非常糟糕的酒店,住了1天,停电两次,酒店装修的材料很劣质,甲醛的味道让人睁不开眼睛.地理位置也很差,打车很不方便,每次出去都要让前台提前叫车."
1,酒店周边环境不错，对面有大润发购物比较方便，房间还可以，服务也可以，总体性价比还算不错。
1,前台有点傻，可能是新人吧！早餐没吃上，不敢乱评。感觉比水晶宫好。推荐入住。补充点评2007年10月18日：另，一楼翠亨粤菜点评：干炒牛河太湿，蒸凤爪不入味，这两个点心一吃就知不怎么正宗，粤菜馆连点心都做不好，还混什么？凤爪都搞不好的还卖鲍鱼！谁敢买？
1,酒店位置不错，在市中心最热闹的地方，购物和吃饭都很方便。标房房间比较小，卫生间台盆下水有点慢，其它都不错。
0,"这次入住和上次相比,感觉差很多啊...卫生间马桶一直漏水,早上打扫房间服务员简直像抄家一样,搞的整个楼层都鸡犬不宁,想多睡一会儿都不行;晚上2层的KTV音响一直闹到半夜,住在3层的我不但没法睡觉,连听电视的声音都有困难.下次再去扬州,我肯定要换个酒店了."
1,酒店位置不错，房间也比较干净。酒店服务员的办理速度还比较快，而且态度不错，主动告诉我们到各旅游点的公交线路。早餐一般，但是老公说还可以。在这里吃了一顿晚饭，也是一般。不过这里到洛阳的各个大景点的公交非常方便，就在酒店门口，出门就是。不错
1,"酒店的大堂太小,装修也感觉比较旧了.服务人员态度不是好,最后还是找的一个外国服务生办理入住,感觉比中国服务生态度要好.总体感觉起来不像是五星反而像四星宾馆.两个人才送一个巧克力,唉,,也不至于这么小气吧,中间服务生打扫房间之后特意把依云矿泉水放在床头醒目的位置,目的就不用说了,洗漱用具是三星级标准..."
1,通过朋友介绍住了苏州南林饭店，一进酒店大堂感觉就很好，酒店的行李员、前台服务员、大堂经理都很热情，有种宾至如归的感觉，房间也很有特色，背景墙上有金色字体的诗词，我住的是朝南的景观房，感觉真的很好，一出门就是娱乐酒吧一条街、美食一条街，出门很方便，下次来苏州我还会选择南林的，我也会介绍我的朋友入住南林饭店！
1,一般的4星左右水、的来呼呼。格太。
0,"房间装修差设施也不好,早餐很一般.位置偏僻."
1,4星价格比较高，地理位置还可以，不堵车很重要。房间比较宽敞，宽带上网有时不太好，经常掉线。
1,"相对价钱,酒店真的不错,交通方便,干净整洁,"
1,忍不住说两句，这里的性价比的确很高，院内幽静、安全，走廊也十分安静，透着私密性，房间中配备吹风机、小闹钟、台历，还有免费咖啡、矿泉水以及擦鞋服务，感觉很贴心。我住的是古典大床间，但床不是很大，“古典”不知体现在何处，另外周边200米内似乎没有早点铺，或许因为春节期间全关门了。
1,家具太陈旧，早餐也很简单。这些都不说了，让我气愤的是我裤兜里的300块通知洗衣前忘了拿出来，等到4小时后想起来再打电话询问的时候已经没有了。房务中心的服务员很甜美地告诉我：“确实没有看到，我们在洗衣前有三道检查的，麻烦您再找找。”我不想冤枉她们，找遍了所有的地方可就是没有。无话可说....下次不会再住那里了。
0,我再也不会入住该酒店了，这是我住过的最差的酒店，热水至少要放5分钟才会有，而且宾馆设施陈旧
1,没有行李员、淋浴房的门不挡水、水温忽冷忽热、马桶不够干净、早餐没什么吃的、前台服务算不清帐、不专业。
0,这是我住过携程最烂的酒店，纯粹一招待所。听说靠近南湖，所以订一间豪间，一进门就失望了。1、进门时，大堂接待在随意的聊天，而且大堂里还有一个穿球衣的高大男子，肩膀上有很清晰的刺青。2、电梯地毯非常脏，电梯上的粘贴画已被涂鸦和损坏，也不见有人处理。3、我进房10分钟后，宽带还没开；打电话去前台，说还要十分钟。4、网速奇慢。5、晚上10点左右，网络断线，打电话房务中心，回复让我找前台，打电话前台，也没说让网管上来看看（有无网管我怀疑），说是服务器调整，让我等。6、卫生间渗水严重。7、房间布局根本不象酒店，而是招待所。8、隔音奇差无比，外面任何声音都能清晰的听见，毫无私密性可言。9、宽带接入口及不合理，在床边。我一般很少评价的，这次实在感觉糟透了。建议携程以后签定协议单位时对酒店做全面了解，不要把招待所弄成酒店，否则会砸牌子的。看来以后去嘉兴还是去香溢了。补充点评2007年7月7日：顺便说一下，我住的豪单价格为240，也不便宜。在嘉兴，同等价格的莫太、e代性价比绝对都要强。
1,1.前台服务人员很有礼貌与热情。2.定的是大床房，房间空间和格局不错，就是地毯有点脏，冰箱的声音晚上有点吵。3.地点对于晚上想泡酒吧的游客很适合。4.酒店周边很多不错的小饭店。5.这个价位，姑苏的信价比不错。下次还要住这里。
1,尽管距离杭州有不止四十分钟的车程，且下高速路后到酒店也需要十多分钟，周边也没什么景色，但还是大力推荐此度假村，一则家庭套餐极为实惠，复式房可住三代人，顶层阁楼带天窗的房间超大，且有晚上仰望星空的浪漫。二则酒店的服务态度很好，我的车深夜发生故障，大堂经理连夜找市区的修理厂上门修理，下班了还多次来电关心修理进度，很感动。
1,"一开始看了别人的评价比较担心,入住后觉得很好.我订的是豪华大床房,房间大,设施也算齐,济源没什么旅游资源/商业也不算发达,所以在5.1期间性价比很好.特别是服务员态度很好,很满意"
1,这次和同事一起订的房间，我在22楼，房间明显没有同事10楼的好，下次预定一定要指定楼层了。
1,即将新建无线网络，不管如何，吃的东西还是不错的，就是有点贵而且不能算在房费中，有点不划算
1,房间状况不错，较大，也很卫生。但是服务人员服务水平还需要进一步提高。下次还会选择。
0,"theroomistoosamll,andtherestrauntisterrible.thesurroundingareaisdirty宾馆反馈2008年7月21日：Wearesosorryforanyuncomfortableandinconveniencecausedbyourfacilities.Wesupposedyoucouldchooseourdeluxeroomorsuiteforyournextstayformorespace,andwilltryourbesttoimproveourrestaurant.Sincerelywishcanhaveyouwithusagain."
1,酒店自动把房间升级成套房，不错，赞一下！但服务人员未免太自说自话，送水果也不能未经同意就自己开门进来啊！寒......希望加强培训！宾馆反馈2008年8月4日：非常感谢您的宝贵意见，我们将会在以后工作中加强此方面的相关培训。欢迎您的再次入住！
1,硬件设施不错，还有赠送的水果，早餐比较丰富，不足的是隔音效果差，晚上能清楚地听见隔壁的谈话声及嘿咻声~~
1,郴州第一的酒店。可惜离市区太远了，办事非常不方便。酒店的硬件相当不错，但服务员缺乏培训，对于入住和离店的手续办理速度过慢。酒店的华天食街相当方便。
1,2006年3月下旬入住过南湖宾馆后，当时酒店刚装修过。房间宽敞，布局合理，而且还有一张带台灯的玻璃书桌。2007年12月13-16日再次入住。宽带免费，有部分房间提供传真机。免费提供中西合璧早餐。中餐有豆浆、豆腐花、白粥、肉粥......每天都有更换不同的小菜。我最喜欢西式烟肉、肠仔、冷火腿。这是我再次入住的原因之一。无论从酒店外观、环境、服务综合指数都比较高。明年再到此入住。望服务水准有增无减。
1,不错不错不错不错不错不错不错不错不错不错不错不错不错不错不错不错不错不错不错不错
1,我们定的是特价大床房，很幸运，去了就免费升级成豪华大床房了。位于四楼，房间还算宽敞，而且很干净。我喜欢洗手间的玻璃屏风，这样显得整个房间比较大。不喜欢透明的话还可以放下卷帘。这儿的床很好。床旁边的台灯也漂亮。唯一毛病是淋浴房门无法合紧，洗澡的时候要拽着门，防止水溅出。好在只住一晚，这点小困难还可以克服。总的来讲，三百元就住到这样的旅馆，性价比已经非常好了。
0,真不可思意，一周后再次入住该酒店还是给我上次入住的1017房（单人间），因房间靠近酒店内部的风道控制系统，噪声实在太大，第二天在强烈要求更换房间，酒店答应了我的要求，当晚才得以安睡。
1,"我入住的时间是9月7日到9月10日,528元一天携程价，这是个标准三星级酒店，和照片里的大堂环境相去甚远，没有给我两眼一亮的感觉，但它送双早餐的，地理位置不错，靠近海边和音乐广场，走到五四广场也就几分钟的事，房间的设施很普通，最后一天马桶坏了，第一天床单没有换过，掀开都是毛发，通知大堂后立刻来换了，某些服务生微笑服务的痕迹太过明显，不太自然，早餐还可以，和528一天的消费来讲，我觉得性价比不是很高,毕竟不是海景房。"
0,很一般的酒店，不过汕尾也就这样的水平了，无奈
0,前台的197号服务员，是个大约四五十岁的中老年妇女，态度很差。入住登记的时候就一脸很不爽的样子，随时要跟我们吵架，句句都是在抱怨和指责，白眼一个接一个。我们忍了，但友情提醒以后来入住的旅客，对这里的服务期望值不用太高。另外，房间紧邻4环，噪音较大。
1,朋友来上海玩，因为都是刚开始工作，就选了离我家比较近又经济实惠的如家房间很大很宽敞，2*2米的大床两个人睡都绰绰有余，超级喜欢的！房间的装潢布置简洁干净，橙色的墙面和窗帘还有壁画感觉很温馨。另外服务态度也不错，在电梯里碰到打扫卫生的阿姨还笑着跟我们打招呼^^就是房间的纱窗很脏，应该定期冲洗一下。马桶圈上有陈年污渍，感觉有点恶心，毛巾边角偶尔也有点点的小污渍，希望都可以检查更换。最后大门进来的一路上有些坑坑洼洼，下雨天就积水了，如果从整体环境考虑的话建议把路面修修平，还有门口那个不知道是保安还是出租车司机，有点莫名其妙……总体来说还是很满意的，有机会一定还会再住宾馆反馈2008年6月12日：尊敬的宾客：您好！感谢您对酒店的支持和肯定。至于您提到的房间硬件设施上的问题，酒店已列入下半年整改计划中，并在逐项实施中，毛巾已全部更换新的，纱窗已在清洗中，马桶圈也已列入年度整改计划，门口的地砖因前几天下雨而耽搁，现已全部修补完毕。关于门口的安保，酒店已在第一时间联系了物业的经理，在工作时间，注意细节操作，制止负面的形象再次的产生，加以督导。酒店将以完善的设施和更好的服务期待您的再次光临。
0,在当地算是比较好的酒店，所以每次去当地出差基本上都会住这家酒店。酒店服务一般，设施不是很理想，如果能够有针对性的进行改进会更好。
0,"早上八点多到酒店,预先订了房的,却被告知十二点"
0,基本上是个硬件很差，服务尚可的酒店。入住第一晚，空调出风口没装好，有金属碰撞的声音，不大，但足以让我一晚上在床上做思想斗争是否起来叫人修一下。总之就是没睡好。卫生间很窄，灯光昏暗，非得开浴霸才能亮堂点。毛巾没一条不掉毛，估计从计划经济的时候就开使了吧，洗了这么多年也够不容易的。还好床上用品都挺干净。家具很陈旧了。服务不错，入住，离店都很快。门童用几乎挑衅的眼光目送我们拿着一堆行礼推门入店，到前台办理入住。没有问候，没有帮忙。呃，还有之前那位老兄提到的，电梯真的很不方便，三部电梯分散联动，中间有个拐角挡住，运气不好得来回跑。决不住这儿了。呃，后面是有条街，也就一家做肥肠的门脸大点，东西不好吃，上桌的菜里有捆菜的塑料绳。
1,算是海口市比较好的酒店了。处于市中心，购物方便。服务态度好。保险柜出问题了叫人来开，打个电话很快几个人就来搞定了。结果他们走了之后，设定密码还是弄不好，再次叫他们过来指导，也是很快就来了，没有厌烦，很好的笑脸。
1,开始通过携程预定的是普通标准大床房，地毯脏，床太小，较差！后来加１００元生到行政间，还可以！比较干净．酒店服务总体还可以．值得一住．
0,在喀什，如果通过ctrip预定，这是仅有的2个选择之一。优点：在汉人区，附近有夜市，房间里有宽带。缺点：虽然在喀什算是还凑合的，但条件还是很差（没错，我住的已经是这里的“贵宾楼”了），感觉房间陈旧20年；根本无法刷卡（虽然他们门可罗雀还要求你用信用卡担保...）；宽带设置烦琐，需要设置用户名密码；早餐也比较差，一楼设置的旅行社报价比其他地方贵。建议后来者不要看到这里有宽带或者方便通过ctrip预定就随手预定这家了，可能会影响你的出游心情。喀什现在听说新建了一个四星级酒店，塔西南石油管理局开的，我猜比这个会好。
1,"很不错的酒店,我入住时订的单人床，425房间，220元，宽带、电话等均为免费。在众多入住的三星级标准里，算是很不错了。另外就是一入房间，酒店的摆设就让人感觉到很温馨，连马桶里都放有花瓣。如果是10分的满分，我给9分。一分是扣除床容易发出响声。宾馆反馈2008年2月1日：非常感谢您选择友好饭店，首先您对酒店的高度评价是对我们工作的莫大肯定，我们会更加努力把工作做得更好；其次，谢谢您提出的问题，酒店今年就要重新装修，我们会有针对性的给予解决；最后，再次感谢您的点评，期盼您的再次光临。"
1,房间比较小，但非常温馨，设施全面，房间上网需要收费，但在楼道里有免费上网电脑。
1,"帮同事订的酒店,他老兄刚从东莞回来,详细地问了一下他对粤海酒店的印象,说是硬件和软件:极好!所以表扬一下"
1,"我于10月28日入住酒店.白天游览黄龙后,晚上7点登记入住,结果房间门卡有问题,以至我楼上楼下跑了三趟才能进入房间,这太不应该了.另外该酒店在预订时强制选择信用卡担保,当行程临时改变不能入住时,携程答复是:酒店将自动从信用卡中扣除当天的房费,太霸道了."
0,除大堂像一个挂牌五星级酒店外，其他真的没找到可以达标的。设施陈旧，比如地毯差，而且脏！床和被子跟一般的小酒店差不多，卫生间也一般，总之在大堂感觉很好，到了房间就发现被大堂忽悠了！
1,"8月初去的,政府招待所性质,所以服务可想而知,不过邯郸实在没什麽地方值得落脚,凑合着去住了.房间刚装修完,气味浓重,开窗户纱窗不严,怕进蚊子,不开实在熏得慌,熬了一夜落荒而逃.."
0,"我住的是豪华套房,折后价是2990,但是入住后发现性价比极低,套房是在前面一幢楼,最高是9楼,完全看到不前面人民广场的风景,而且房间比较小,是我住过的五星级套房中最小的,以后绝对不会再选择这个酒店了."
1,除了咖啡吧那硬硬的巧克力蛋糕，其他服务都符合喜来登的标准，有宾至如归的感觉。
1,贵宾楼的房间还比较有档次。但是大床间里，机顶盒的信号奇差！浴室里没有浴缸，拖鞋质量不好，床上用品业一般。国际饭店的环境还是不错的，闹中取静。
1,临海木屋住了两晚，写点自己的感受吧。蜈支洲岛很不错，海水清澈，沙滩白细，景色很美，只是不适合游泳。唯一开辟的游泳区域很多珊瑚，扎脚，我就被扎破了。岛上有几个游泳池，倒还算不错，可以一边游泳一边欣赏海景。临海木屋中6688号的景色是最好，如果可以建议预定这间房屋。木屋中设施不错，虽然没有酒店豪华，但是面积不小，而且还算是干净。晚上听着青蛙、小虫、壁虎的鸣叫，感觉很不错。岛上吃的东西比较贵，味道算是一般。西餐厅可以晚上去，一边吃饭一边看夕阳，非常有感觉。中餐厅味道稍微好一点，但是价格不便宜，两个人怎么也要100块钱。建议住在岛上，可以在游客还没有到来的时候感受一下岛上的悠闲生活。我去的时候是淡季，晚上好像是我们两个人的小岛一样。岛上开发不错，服务也很热情，海上项目中觉得摩托艇最刺激，潜水没有参与，但是听说没什么意思。其实在临海木屋下面，也就是岛主别墅对面有一小片沙滩，那里海水清澈，戴上游泳镜就可以潜水，也可以看到小鱼和珊瑚什么的。
0,"早餐很差劲,不过一般这种地方的四星也差不多就这样了."
0,"7月21日就提交了订单，结果7月26日我们其中2个朋友先行到达酒店，他们由于2人中一位未带有效证件，结果前台足足让他们等了一个小时也不给他们解决（据前台说是7.25接到公安局的通知，每位住店客人必须提供证件），本身恰逢奥运期间公安部门提出这样的要求，我们作为中国公民全力配合也无可厚非，但是酒店的几个作法实在是让我们无法忍受：1、7月25日晚我们曾经致电酒店，但是酒店根本未提醒我们有如此新规定，同时在我们提交订单近一星期内也未有酒店或携程事前通知我们；2、我们2位朋友足足等了一个小时后，我们也赶到了酒店，又把我们晾在一边达1个多小时，只顾给其他客人办理手续，不给我们提供解决的方法；3、作为号称6星级的酒店，此事件自始至终前台人员未见到笑脸，似乎错全在客人这边，难道号称与国际接轨的6星级酒店就是这样培训员工的；4、我们要求酒店提供公安部门下发的相关文件，结果前台人员回答，是公安部门电话下达的，酒店没有文件，作为一名有稍有常识的公民，在当今这样的信息化时代，政府部门都遵循信息公开的原则，若真有诸如此类的文件下达，也不至于会如此不正规操作把，故此我们十分怀疑酒店的说法。5、在于酒店交涉后，酒店人员竟然十分蛮横的回答，如果我们不能按照他们的要求做，就不接待我们了，鄙人实在对“半岛”品牌的规范度、信誉度感到十分震惊，室外是高达40多度的高温，我们是驱车2个半小时才到达酒店的，难道真正的“半岛”集团酒店会如此对待他们的客人。（后得知此半岛是盗用香港半岛名称，不知香港半岛酒店管理集团得知有这样的“李鬼”兄弟会做何感想，也不知当地工商管理部门是如何会让这种水准的团队使用享有盛名的“半岛”品牌的）；6、期间有一位身着经理服装的女士出来接待，都是说2句话就跑开，号称去请示上级，一请示就是15、20分钟，真不知这位经理是什么级别，更有甚者，此位经理还出言不逊，说出门带证件是常识问题，我们斗胆问一句“那信息提前公开告知”是否就不是常识问题了，似乎我们都是些没有常识的人，似乎我们这些没有常识的客人是不配入住这种“高贵”的酒店的，这是对客人的极度不尊重，是对我们客人人格的极大侮辱。7、我们本着息事宁人的态度提出从上海将证件传真至酒店，请酒店先行办理checkin手续，结果前台也是出尔反尔，一会说可以，一会又不行了，最后也是在我们态度强硬的情况下，足足耗了1个小时后才满足了我们这群饥肠辘辘的客人的基本要求；8、checkin手续办完后，突然又说只能给我们2个房间，说其中一个房间还在打扫，我们看了时间，此时已是中午12点35分了，按照国际管理，当天客人入住最晚应在12点，我们实在是对此酒店的服务水平大大怀疑；9、我们预定了泳池湖景房，结果根本看不到湖，真不知这个湖景从何而来；10、凌晨4.：45分，竟然有2位男客人到泳池游泳，影响到我们根本无法入睡，酒店竟无一人前去劝阻。归于以上种种（还有许多细节不满之处不再一一叙述），我们真诚的对携程网提出我们的建议，此种水准的酒店以后真是不要再推荐了，一来使客人遭受折磨，二来也大大有损贵网站声誉！补充点评2008年8月2日：对于该酒店不负责任，缺乏诚意的反馈，实在是有愧于挂出的“六星”标志,我十分赞同楼上朋友的点评“对不起这六星，这家酒店没有管理好，希望下次可以看到新面貌！”：1、酒店既已承认25日就接到公安部门通知，却给予携程网的客服人员26日上午才收到通知的信息，不知如此欺骗公众的酒店如何生存；2、请酒店再次调出当日的录像资料，请你们公司全体高层好好学学什么叫微笑，好好培训你们的前台，你们的前台脸上出现过笑容吗？3、明明是我们的朋友自己提出传真身份证件，而前台一会说可以，一会又说如果没有证件恕酒店不接待，现在竟然变成了酒店总经理决定的事情，那我们只好在此感谢贵酒店总经理的“真诚服务”了；4、请酒店尊重我们的公安部门，难道我们的公安部门作为国家执法机关，会如此不规范、不严谨吗？（前面承认接到指示《凡是入住酒店的客人均需出示身份证登记，否则将对酒店和相关工作人员以及住店当事人均要做出特别时期的严肃处罚》，很明确的使用了书名号，后面又说公安部门不会为此发文，不知酒店如何自圆其说？）5、另外自始至终就是那位不会笑的前台小姐接待的我们，不知酒店所谓“前台其他员工从何而来；6、自己也承认自己是“1881半岛”，难道半岛前面加个“1881”，就和香港九龙“半岛酒店”是一脉相传吗？酒店都不知要尊重客人，却指责客人不尊重酒店，对于酒店如此“真诚”的反馈，我们只好在此很真诚的回复贵酒店，我们是再也不会享用该酒店的“六星”服务了！也奉劝贵酒店，诚信是生存之本，切记！宾馆反馈2008年8月7日：针对你26日入住时无法正常出示身份证登记的情况，酒店方查看了当日录像全过程，并对所有当事人进行了全面调查。奥运会即将开幕，为了确保奥运会及全国人民的平安，25日我们得到公安部门的紧急指示《凡是入住酒店的客人均需出示身份证登记，否则将对酒店和相关工作人员及住店当事人做出特别时期的严肃处罚》。对应您提出的意见，酒店慎重做出以下答复：一、7月25日公安部门强调了必须出示所有住店客人身份证登记的紧急指示，而作为公民入住酒店是必须携带身份证的。这一常识。不需要公安部门做任何发文！希望你懂得。二、你朋友11:40进店至12:25CheckIn手续办好，共45分钟，和你说的等待2小时多不符。正因为我们尊重客人，所以当你和你朋友在大堂吵闹时，我们前台其他员工非常礼貌地为其他住店客人快速办理了checkin。三、无锡1881半岛酒店隶属香港1881半岛酒店集团公司！再次声明！！四、我们1881半岛酒店、可能会对极少个别客人不“尊重”，其目的只是为了更好的尊重服务于其他客人，为其他客人提供更好、更高品质的服务环境。当时相关经理的出现正是想尽快解决问题的，也是在她的协调下，在45分钟的过程中解决了你们的问题。没有一点不尊重你们，更谈不上出言不逊。五、酒店零距离泳池房在你入住前一天是客满的，你预定的房间必须是前日客人退房后(入住1881半岛酒店客人享有住房保留到14:00退房的权利)才能提供给你。我们不可能会因为你的到来，而提前把前住店客人推至门外！按照国际惯例(ctrip的公开公布):14:00是你的入住时间，酒店尊重并遵守了此惯例！六、诽谤及诬蔑是不道德的，1881半岛酒店所有零距离泳池房，都能透过泳池清晰看到全湖景！！其主要特色是客房与游泳池紧相连，也是目前国内最前卫的设计理念。七、对于凌晨有客人游泳，我们也做了相应的调查，有2位住泳池房的醉酒客人，未按照酒店规定时间游泳后，不到5分钟便由保安劝慰回房了，在此深表遗憾。针对你的补充点评，我们做出如下反馈：一、我们酒店实行不卑不亢的微笑服务标准，深知微笑服务的重要性，但是，我们的微笑只会给予值得尊重的客人。二、我们在奥运会期间严格执行公安部门指示，希望你们不要玩一些文字游戏，打书名号只是为了让你们跟上奥运步伐、更清楚的认识到：非常时期出示身份证的重要性。我们真诚欢迎并保护好每一位有素质、有品味的客人，并提供舒适安全的服务环境，反之……"
1,"房间还算干净,服务员服务尚可,2星标准差不多就这样."
0,如果你没有足够的耐心可以忍受差劲的服务，就不要入住了
1,"房间内环境还是不错的,就是上网有点贵,12块一个小时,还有门口修路,门前环境不好"
1,"特别喜欢房间里的床，睡觉非常舒服。但酒店周围环境不好，特别是很难叫到车，足足等了1个多小时，耽误了不少时间。补充点评2007年11月9日：不喜欢酒店周围的环境,很乱很脏，但老外特别喜欢，据说有上海的特色吧。"
0,住过几次，总感不好。很多房间靠街很吵，换房还要加钱且服务态度不好。有些房间装饰气味难闻。6点半早餐拖时准备好，煎蛋工7点还不到位。
1,替朋友多次订过该酒店，挺不错的，唯一就是停车不方便，从青年大街进入停车场以及从停车场驶入青年大街都不太便利。
1,最实惠的635的套房优惠政策竟然对CTRIP不适用了，这令人很不解。直接打电话给它，它会有638元的优惠套房，很多优惠政策的。
1,比较满意，房间很干净，不过卫生间的水龙头有漏水现象。还有点遗憾的是前台接待有个女（30多的样子）的态度一般，不知道是不是那天客人比较多的缘故。
1,住的是680元一晚的标准间，我与老婆都住的很开心。我们这趟从兰州去嘉峪关再来到敦煌，只有这家的服务达到4、5星级酒店水平，很亲切，也很主动。从房间能看见鸣沙山，景观一流。餐厅食物一般。自助早餐是中式为主，比较一般。零点早餐（也已含）是在酒店的天台餐厅用餐，是西式为主，我们没时间享用，可能会好些，不过我们曾经在这餐厅的露天范围喝酒，晚上看着头顶亮的想去了大漠的星星，感觉非常不错。酒店算是在郊区，但其实就离市区3公里，离夜市4-5公里而已，可是一般很少出租车经过。倒是有辆3路公交车在酒店门口有站，每5分钟一趟，10分钟就到市区，所以也不是很不方便。补充点评2008年8月8日：上网速度就比较差，不过免费的，就没太多要求。
1,1、房间内设施较齐全(有保险柜、电吹风、免费上网)、干净、性价比较高。2、周围日式餐馆较多。建议在标间里增设大床房型、方便单身旅客。
1,总的先说一句话，徽商国际大酒店实在是太差！！！服务差！！！饭菜质量差！！！这个月初，我带了一家老小去黄山旅游，通过携程预订了两间商务单间（大床），到达酒店后，酒店给我们住在18楼。在办手续时，总台告诉我说房间刚装修好，服务指南还没配置，有问题直接和总台联系。进了房间才发现不止服务指南没配置，应有的一些设施也没配置，我的小孩爱吃酸奶，所以随身携带了些，想放到小冰箱里，结果没找到，我住过的其他酒店里的商务方都有小冰箱。和总台联系，总台说18楼是新装修，小冰箱还没配，16楼以下的房间就有，很郁闷。安顿下后来到酒店3楼吃饭，点了些菜，味道都一般，但让我吃惊的是我点的清蒸千岛湖白水鱼端上来时是凉的，而且鱼汤是酱油红汤，问了服务员，说是浇了点美极酱油，我是江浙一带的人，清蒸鱼经常吃，从没见过清蒸还放酱油的。前几天住在临安的杭州青山湖度假酒店刚吃过清蒸白水鱼，人家就没放酱油。告诉服务员鱼是凉的，她说鱼拿上来就是这样的，还温着呢！我连凉和温都分不清了？！后来上来的脆皮乳鸽更是离谱，切得稀烂，看不出是个鸽子，外形上去更像盘卤菜--潮州的卤鸽，没有一点脆皮的感觉。找来餐饮经理，我说你们不是说是准五星酒店吗，怎么烧菜是这样的水平?经理说他们酒店是按准五星建的，其实还没评上星级，原来如此，那对他们的烧菜大师傅的水平就不能太计较了。给我们退了乳鸽，重新做鱼。等了半天，鱼上来了，这次总算没放酱油了，尝了一口，两个字：难吃，三个字：太难吃。鱼蒸的老不说，没有一点鲜鱼的味道，以我从小吃到大的吃鱼的经验，我可以肯定地说，这根本不是现杀的活鱼，而是用盐水腌过的鱼。整盘鱼就放那浪费了。吃完饭在楼层走了一圈，似乎只有我们一家，楼层的安全通道外的地上好像还堆着水泥，安全通道这边的电梯还在运送装修材料。乘坐电梯时发现其他客人都住在8、9楼，有服务员告诉我们酒店是半年前开业的，18、19楼刚装修好！！！我看是没装修好就营业了，不知道携程搞不定酒店，还是酒店歧视携程的客人，竟然把没装修好的楼层的房间给我们住，很愤怒！！！出于安全因素考虑，我们要求酒店换房，酒店说现在只有15、16层有商务单间（大床），而且各只有一间，问他们其他楼层有没有，客房部经理说他们酒店房间就是这么建造的，每层都只有一间大床房，我感到很奇怪，难道准五星的酒店的客房设置标准就是这样的？同一房型不是建在同一楼层？而且一种房型一层只有一间？提出疑问后酒店说可以把每间空房打开给我们看是否是这样，不愿再找麻烦了，就要了一间商务单间（大床）和对门的一间商务标间（双床）。逛完屯溪老街的夜市回来，发现安全通道这边的电梯可以从底楼直接上任何楼层，而且没人管，安全通道的门也没上锁。也就是说任何人都可以通过安全通道这边的电梯上任何楼层的房间而不被注意到，太没安全感了！！！！！另外说明一下：第二天我们又住到了海宁的海州大酒店，同样要了两间大床房（标准间），酒店就给我们安排在同一楼层对门的两间房，而且一间是家庭房（一张大床和一张单床），办手续的时候我们没有提出任何要求，酒店主动为我们安排了这样的两间房，这很让我们满意，这样的服务才是一个正规酒店应该提供的。而且靠马路的房间是双层玻璃隔音，很周到。下次我去海宁的话我还会住海州大酒店，但是到黄山的话，我是再也不会去住徽商国际大酒店了。个人建议：到黄山不要住徽商国际大酒店，它的硬件马马虎虎（毕竟是新装修，但没完全搞好就开业也太说不过去了），软件太差。我对它的评价是：一个字：差，两个字：太差，三个字：差差差，四个字：实在是差。
0,看到网友的点评还有些不信，去了以后才知道什么叫全世界最脏，最差的酒店。
1,大堂小了点，房间挺干净，价钱不错。现在前门有快速公交半小时可以到了，蛮方便。房间还有免费上网的，不过网速慢了点。
1,还不错，服务员的响应速度有点慢。住的房间空调声音有点响，里面好像有异物，当啷当啷的。
0,该酒店给人的第一印象就是：不专业。缺乏培训、管理不严，抛出硬件不讲，管理上跟私人小旅馆不相上下。酒店的餐厅应该是外包的，所以下午三点我去问是否营业的时候，接待我的先生会躺在床上和我一问一答；明明开了两天的房、交了两天的押金，只过了一晚还是会来催你退房，以便她们打扫卫生；应该说从酒店的硬件上看，老板还是投了很多资的，为什么不能请一个专业点的人来管理呢？建议大家不要住，感觉实在太差，失望是必然的，气病是可能的。
0,"很难相信通过携程会订到这么污秽不堪的酒店,浴室的水龙头和花洒已生锈,房间地毯是黑色的。"
0,晚上竟然停电!!!房间还可以，结帐时竟然不返还预授权时签字的单据，跟他们要时，好象哥伦布发现了新大陆!!!!!!请问我都已经结帐了，你们还保留预授权的单据做什么!!!!!!
1,位置佳，酒店前面就是栈桥，早起运气好的可以在栈桥上看到电视塔上日出的景象。对面马路上是公交车站点，乘311专线可直达北九水（早上6:45，7:45，8:30从火车站发车，建议提前10分钟侯车，车程1.5小时）。服务令人满意，边看海景边吃早餐的感觉很好。因建于20世纪，装潢一般，但卫生设备是新换的科勒。隔音确实不理想，半夜可以听到隔壁的声音，建议在客人入住时发一张晚上保持安静的卡片。周围环境好一点的吃饭地方少，不过10元打辆车肯定能找到满意的餐厅。酒店走廊的小食品是孩子的最爱，不过大家自觉适量取用哦！
1,房间挺干净的，这一点不错。但是，服务上有点跟不上。比如房间里的咖啡，只有入住的第一天是免费提供的，然后就需要自己购买了，让人感觉很小气。
1,"一家4星级酒店,豪华房价格不菲,房间太小气.酒店的服务到还算不错,因为豪华无烟房非常少,讨论一番之后同意免费升级房间.只是在4星而言,这样的价格有些偏贵,不如去住喜来登之类的5星饭店."
1,非常精致温暖的酒店，很有特色，服务也很到位。入住当天去餐厅吃饭，东西很好吃，可是由于高原反应，几乎什么都吃不下，叫服务员打包，结果服务员居然很体贴地说可以放在厨房第二天再热一下吃，还端来了姜茶，赞一个！就是洗澡不大舒服，卫生间太小
0,唯一优势是位置。房间太小，过道太窄，隔音太差，加上卫生间漏水到地板，价格却比汉庭高出近100元，实在不值。
1,酒店位于市中心，非常方便。虽然没有时间去看，但听说附近也有很多景点。总体来讲，酒店的服务还是非常不错，但房间比较小，而且应该是两个房间封门而成为的单独小间，硬件上感觉达不到5星级的标准。三楼的法式餐厅不错。
1,在宜昌算是还不错的酒店，大堂也很漂亮，房间都还ok．如果将来来看三峡，应该是不错的选择．不过携程的价格没什么优势，朋友通过当地的公司代定的房间，跟携程的价格相比差了差不多一百块．
1,从上海出发，沪杭高速，杭州绕城北线，西线，杭徽高速，临安出口下，右转弯后第一个红绿灯（加油站）左转，市标转盘处有一条小马路直走就到了。环境很好，度假的好去处。
0,房间灯光很暗，地毯很脏，发现并踩死一只蟑螂！牙膏是假货，毛巾千万别用，相信您看了也不会用的，要自备。我在登记入住时，听到一名像是管理人员的人和另一名导游说：“这点小事，让他们投诉好了。”我顿时后悔定在这么个地方！如果携程的评分还有0分的话，我一定全部给他们打0分。建议您多花点钱，多开点车，选别处入住吧！
1,地理位置很好，风景美丽，环境宁静。硬件比一般的三星级好。
0,我们7人同行，订了2间标房，1间三人房，到酒店入住时告知三人房与两间标房分别在两幢楼的，三人房checkin的时候又告知房间有问题，还要给了我们两间标房，房间内设施齐全，但是洗澡水放出来就象泥水，要放15分钟才干净，楼内服务台没有服务人员，总体感觉不是很满意。
0,晚上有很多按摩小姐打电话，很烦！告诉他们不要再打了还是照样打！前台无法用信用卡预授权，一定要现金交押金，而且还不然存放行李，搞得我拖着行李去银行取钱！（还好银行近，要不...）
1,海景房还是挺不错的，挺大的，也能看到海。服务就不知道了，只住了一晚上。下次有机会还住那里，多住几天。
1,"一楼大厅空荡荡的,感觉好象缺点什么.房间还算可以,比较大,不过网线插口离床和办公桌太远了,不方便上网.早餐不行,这哪里是五星级的标准,品种太少了!服务还算OK了,那个男前台还能说几句简单的英语,不过速度较慢."
1,此酒店比较小气，热水和空调有时间限制，就连酒店大厅也是如此，在旅行空闲时享受不到舒适的环境，每次回宾馆后都要进行很多次交涉，对于此事很是失望；不过值得表扬的是，服务态度相当不错，称得上五级水准。
1,记得，一定要拔掉电话线，那些争取按摩业绩的小姐很有毅力，很晚都会打电话开发可能性，别以为已经打过就不会再被骚扰。
1,"我订的是贵宾楼标间(根据前人评语筛选),最大特点是服务细节考虑得很周到,送水果、晚报、餐巾盒，甚至连浴缸前的垫脚毛巾都铺好了。特别提示：因该酒店贵宾楼标间靠近马路，所以房间分双层隔音玻璃房和单层隔音玻璃房，如果你对于噪音比较敏感，建议预定双层隔音玻璃房。"
0,出于对海航系统的好感，虽条件并不出众，早餐简陋，（同等价格可以选择宝华大酒店、康年皇冠大酒店等很多条件更好的酒店）但仍第二次入住，提前预订同样房型（豪华商务大床房），价格也一样；但入住时（较晚到酒店），房型并不一样（更简陋一些）。电话与前台交涉，称这些都算是豪华商务大床房，价格也一样。（不懂酒店如何自定义）要求与上次入住同样房型，告知已无房，遭拒。晕……另：携程预订此酒店房间价格偏贵，直接入住前台谈价只要340元，而携程价却要378元。不知携程如何确保网上公布的价格如所宣传的那样，是最实惠的价格？下次，应该不会再选择这儿了。
0,"千万不要去.重庆的朋友说是渡假型4星我就帮领导订了.现在肠子都悔青了.1.楼道非常窄,房间并无特色还是近5星的价格2.东楼居然是后面一个普通的楼改的,我去看了立马退了那个东楼的房3.服务还是比较满意,酒店硬件配套就差了."
1,由于是从上海转机回东京，所以又在这里住了一晚。不知道为什么，感觉房间好像比上回小了一些，由于是周末，被告知是特价放，但是不带早餐了。难道说周末的时候，酒店员工休息，为了减少工作负荷压力，就不给早餐了么？如果还是和平是一样的房间环境和单早的话，个人认为价格还是很已被接受的，毕竟上海市个大地方，啥都不便宜呢
0,Thepositionofthishotelisverybad.补充点评2008年4月6日：1。没有暖气2。有人评论“房间有窗打不开，窗户有玻璃不透明，房间显得非常闷”，试过打开窗户，看到很多坟墓
1,住过许多次的小宾馆了，离地铁4号站只有100米，非常方便外出。至于设施嘛，200元内的也不可能好到哪去，但还算干净和一应惧全，网络是免费宽带。
1,酒店虽小，但很温馨，飞机晚点半夜12点到，在南京路下车一拐就看到了，没有想象中的难度。特别是交通特别方便，出门就是地铁，走一点就是庙街。这个价钱住在这样的地方真的太好了。以后有机会还会住。
1,"比较满意,没有那么恐怖,一个晚上还是可以的.骚扰电话倒是一个没有....貌似整改过?那天晚上我去的比较晚,没有水果了,所以就送我3瓶小矿泉水,还有2小袋雀巢咖啡....整体来说,还算过"
1,酒店名称和外面挂牌不一样，头一次到告诉出租海天酒店都不知道，只有按照门派找，结果就是东胜大厦，环境，设施，早餐，服务都是一流的，房间进去有个长走廊，非常好，可以杜绝早上门口的任何声响影响美梦，房间两面都有落地窗，视野非常好，大床超级赞，太舒服了。周围商业方法，下次去还要住这里。
1,我是在网上预订中煤的2007年8月22日-8月25日在宾馆住了3天。感觉在旅游旺季在秦皇岛3星级的宾馆每天240的价格是非常物有所值的，每天早起每人15元的自助餐花样较多吃的相当不错，干净卫生，住宿环境非常好，虽然离相关的旅游景点较远，但交通还是便利的出门做9路车4站地到火车站，而且车的班次非常快1～2分钟就能等上车，价格很有优势。去其他的景点做9路到四道桥到车也非常方便，前台的服务人员热情。
1,2007年十一期间入住该酒店的商务大床房，但是床实在不够大，可能也就1.5米。如果是两人旅游不建议入住该酒店的商务大床房。房间还算干净，但由于酒店旁边刚好是一个游乐园，十一关门的很晚，吵得休息不好，几次投诉前台的接线生态度一直不错，但解决问题的能力不够强，第二天退房时前台经理态度十分好，不停的解释道歉，使我对酒店的印象大大的变好了，相信这家酒店的管理还是大有前途的。
0,设施非常旧，周边环境也不好，最奇怪是房间内没有暖气，只有挂壁空调，要知道，这种空调室外-5度时候，不会工作的，洛阳可是在淮河以北了。
0,现在是2007年7月25日凌晨5点37分，是我住在柳州南天大酒店的第二天，也是连续两个晚上无法入睡。我对这个酒店已经实在忍无可忍，刚刚对他们的服务员发了顿火，可是他们除了说对不起之外，没有任何解决问题的能力。这个酒店根本就不是适合人居住的地方。为什么？因为它的空调系统形同虚设！头一天也就是7月24日，我晚上醒来很多次，都是被活活热醒的！！问他们空调怎么回事，因为整天空调都没有冷风，他们回答总是：我帮你问问，然后就再也没有下文。到了晚上，问题更加严整了。根本就没办法睡觉，热得浑身大汗。强忍着睡也没有用，房间的被子是那种冬天的玩意，又厚，一盖上就包着出汗，没办法了不盖被子吧，房间里面满是蚊子，又便宜了蚊子吸血。就这样一晚上不知道怎么熬过来的。如果不是因为出差位置的原因，我第二天就会走。可是第二天，问题仍然没有解决。再一问，是什么工程部的把空调关掉了。三星级酒店，在炎热夏季的南方，晚上关中央空调！！！我找服务员发火，服务员竟然对我推荐搬台电风扇过来用，这难道是在街边旅社？？！！我已经无法忍受，还三星级，我要质问携程，这难道就是你们的合作伙伴？？你们有没有调查过这个酒店？？我坚决投诉，南天大酒店，连星级都不配！！
1,"酒店在我最喜欢的跑马地区,是靠山的,很舒服,不到两分钟步行时间还可以到临近的百家国际超市,那里可以购买到全球各地的新鲜美食.^_^,扯远了,酒店房间就是小了一点,大家都知道的,香港寸土寸金啦,房间小一点是没有办法的,好在酒店周围环境幽雅,安静,酒店大堂很怀旧英式风格,还有免费巴士到地铁金钟站,价格也有竞争力,总的来说还是比较满意的."
1,酒店地理位置还不错，离外滩、步行街都满近的。我住的是单间，不靠马路，以为会比较安静，哪知窗子外面是酒店内部的一个铁制楼梯，夜晚常有人走过，咣当直响，还有边走边唱歌的，受不了。除了前台小姐面无表情，其它都还行。
0,地方偏僻，而且部根本是人服的，前天去住的候，空都有，酒店借口，已了，但是一都有，了省，搞的，好。下次一定不入住店了。
0,路边有点吵，而且房子结构很不合理，窗户很小而且居然贴近地板...空调有很重的味道，几乎不能忍，房间也很小。以后实在不想住这里了
1,房间确实不错，床很大，早餐也很丰富．前台值班人太少，只有一到两个人值班，办理入住和退房时间比较长．
1,"房间比较大,设备中规中矩啦,值得称赞的是环境,花园很舒服,毕竟是接待政府官员的酒店,还是很不错的.推荐."
1,"5月21日入住,大床房空间很大,和价格相符.如再便宜点就更有竞争力.宾馆反馈2008年6月27日：感谢您的点评及对我们酒店的赞赏,从6.28日起我们每个周末都有优惠的房价,欢迎您下次入住."
1,"物超所值,此次我们是订的三个房间。感慨中西部的服务有时比发达地区好多了。宾馆反馈2008年8月8日：感谢您的入住，并期待您再次光临。"
1,当地最好的酒店，房间环境都很好，地理位置稍微欠缺一点，下次还会入住。
1,"环境和服务都还不错,对于商务旅行来说性价比也还可以"
1,本次入住提供的房间较为满意，服务耐心，特别是饭菜比较可口，牛排是比较专业水准的，有圣诞气氛，不错。
0,刚从九华山回来，从携程订了百岁山庄，总体感觉还可以，就是满大堂飘溢着奇香，不知是什么，有些刺鼻。房间也算可以，很紧凑，设施、洗澡水也不错，可有股潮湿不通风的怪味，被单上也有不洁的痕迹。好在我们只注一天，也就将就了。
1,"物美价廉的酒店.酒店的硬件很好,建议网友可以选择,整体看物价还值"
1,去香港的主要原因就是为了购物，住这家酒店令我最满意的就它的地理位置非常的方便（尤其是带宝宝旅游的妈妈），你不会因为宝宝太小走不了多少路而困惑，因为这家酒店就位于香港最繁华的海港城中，不管是硬件还是软件绝对符合四星的标准，尤其是床非常大很舒服。出了酒店的门就是令郎满目各种品牌的商品，会让你有足不出户的感觉，因为你就住在商场里，里面吃饭购物非常方便。如果你的宝宝累了或者买的东西太多你可以马上就回到酒店，稍作休息，真的非常方便！！
1,"因为是蜜月旅行,所以酒店免费将园景房升级到5层的超级海景房，可以看到美丽的维多利亚湾，而且还有一瓶好酒相送。房间很干净，也很大，酒店服务也不错。虽然酒店不在市中心，但酒店的班车很方便，每半个小时一般往返尖沙嘴。其实，从酒店出去，就有sasa和bodyshop，也有一个购物中心，到达的第一天，就可以进行简单购物了。"
1,还行吧，早餐不错，超出我的预期，比一般三星的好！不过去连云港住新区那边比较好！新区有一家：老班长的饭店不错，部队人开的，送小菜送水果，送有一道豆腐包，很不错！
1,隔音较差，内部走廊的还好，但对外的很差，晚上快12点了，路上的车声喇叭声依然清晰可闻。其他的没什么，如家标准。
1,"是绝佳的购物首选酒店,楼下就是连卡佛和海港城，但乘搭地铁就需步行10分钟。房间设施和装潢都显陈旧，入住的是吸烟楼层，异味很重，如果没有烟瘾的话，务必交代预定非吸烟楼层。自助餐的水准的确挺差，和200元的收费不符。"
1,7月1日，2日入住酒店的豪华海景房，是看了携程的点评后预定的，直面大海，果然很不错。尤其是酒店配套的康乐设施很多，很干净的游泳池，保龄球、高尔夫练习场对住店客人打八折，酒店服务人员态度也很好，儿子特别中意这家酒店，称以后来威海还要入住。就是自助早餐品种较少。
1,服务做的很好，是最近住的最为满意的酒店。不管是前台还是客房的服务都很满意。在很多细节方面做得很好！楼下有家韩国餐厅也不错，我去的时候因为是第一天开，还送了一道菜给我。送的菜比我点的东西还贵。第一次主动给酒店做点评，因为我觉得好酒店值得大家去住一下！
1,前几年住过一次，这次去感觉它的变化太大了，服务很好，好像全面装修过了，房间很温馨，床上用品很舒服，还配送了果篮、晚安点心，还可以免费烫衣服，性价比高，有点遗憾的是卫生间有点小，过几天同事出差，建议还住这里！补充点评2008年2月25日：酒店的餐饮很不错，没有提前预订，所以只能做大厅，菜式、味道都称一绝！
1,早餐太差，无论去多少人，那边也不加食品的。酒店应该重视一下这个问题了。房间本身很好。
1,酒店位置不错，房间质量也很好，就是停车位少了一点，停车有点紧张。不过也可以理解，因为处于南京市市中心。
0,酒店在装修，气味很大。我离开酒店时，我记得很清楚把一串西藏天珠遗漏在房间了，过了三小时才突然想起来，后来打电话给酒店总台，可收拾房间的服务员硬是说没看到，难道佛祖显灵，让佛珠自己会飞？估计是服务员自己拿了，又不好意思交出来，真的是服务员的品德有问题！那是一串很有纪念价值的佛珠，可惜了！宾馆反馈2008年8月8日：非常抱歉发生了这样的事情，关于阁下反映的问题，我们感到非常惊讶。酒店管理层及时做了相应的调查，但就目前掌握的情况还不能确认是当班服务员拿走了阁下的佛珠。但无论结果怎样酒店都会采取措施，加强员工的职业道德建设，尽可能杜绝此类事情的再次发生！我宾馆按五星级标准装修的24-26楼高层观景客房即将竣工，期待阁下光临！！
0,"首先感觉不像大酒店,应该属于公寓式酒店,房间很小,明显是住宅公寓改装的.其次门童的服务不好,傻站在那里,我进去朝我傻傻的看着,既不问好,也不微笑,还不如放个像机场一样的假人算了,第一印象差.当然前台的服务也很一般,说是从什么日记本,但不是我主动打电话讨要的话根本没人送来.如果说300多块的房价我就不说什么了,但600的房价确实让我感觉太不值了.补充点评2008年1月16日：补充一点:附件的交通也不方便,说道这里我要批评携程,描述这个酒店在八佰伴附近,去查查词典看看什么叫""附近""宾馆反馈2008年1月18日：感谢您对酒店提出的善意的批评。酒店对相关部门的经理及员工进行了批评与处理，并从工作流程上进行了重新调整，尽量杜绝漏发礼品情况的发生。真心地希望客人能再次入住，对酒店的服务进行监督，以便酒店的服务能更趋完善。"
0,非常一般的酒店，携程竟然帮着人家忽悠说是按四星级标准装修的酒店，可以说大厅的确有点像四星级，但房间就差远了，携程是会员的参谋，是应该是为会员服务的，不应该总是站在酒店的立场上忽悠会员……另外，携程的价格在酒店实在是太没竞争力了，远远比不了旅游团和酒店自己的会员，二百多的房间只比前台价少10块钱，看来携程的竞争力是值得注意了。最后，鞍山也是一个旅游城市，与携程有协议的酒店却只有一家，实在是不应该。
0,"这个酒店太差了,酒店里竟然还有公司,而且还很多,见过这样的酒店吗？我是第一次,下回不会再住了,上下班高峰时,下楼要25分钟,我计算过连亲着两天.门童像个爷爷一样对你爱搭不理的."
1,"已经是第二次入住了,感觉还是相当好的,房间宽敞,明亮,床又大又软又舒服,不过卫生纸的质量好象下降了.下次还住."
1,"房间隔音设备是个很大问题,据说酒店今年要装修,的确,不装修改善一下对不起""四星""以及镇江当地""最好酒店""的招牌;服务还是可以的.总觉得镇江当地的服务不会像上海这些地方因为见多了贵宾而显得骄横.很有亲和力房间洗漱用品是不够格的,太寒碜了.和经济型酒店的类似.用点类似""六神""一样的品牌不会增加多少成本;早餐/自助餐性价比不错.服务也尽心,看到苍蝇飞过,不应该.住的2522房间,大堂副理电话中问个人的总体感觉,理由是:以后可以改进.这点态度是值得称道的.给我留下了良好的印象.其实宾客就是如此.哪怕你不做改善,但语言上的""改善""也给了人""努力""的感觉.加油,很看好这个酒店!宾馆反馈2008年6月19日：尊敬的宾客，您好，真诚感谢您入住我店，并感谢您对我店服务上给予的认可。下半年饭店将进行装修改造，届时您提出的房间隔音效果差的问题将得到有效解决，洗漱用品差，饭店也正在考虑逐步更换。餐厅蝇虫问题饭店一直都在积极联系卫生防疫部门，对蝇虫进行消杀。最后再次感谢您光临我店，恭候您的下次光临。"
1,"很好的酒店,床很大!卫生间的设计很好.很有艺术性!感谢入住两天那位男服务员对我的帮助谢谢!!"
0,"早餐很一般.房间里还算干净,就是噪音太大,价格相对来说还是贵的"
1,厨卫配备是实在可用的。地理位置不错，在深圳西边新城区，门口附近的便利店、卤水店挺方便。就是房间内装，虽明显优于一般的酒店式公寓，但相对于号称的五星级，还是略显简单、不够大气。
1,很适宜居住，环境幽静，服务台较好。我满意
0,住过的最差的酒店之一，房间有霉味，我住的是套间，外间有个电脑，网速很慢。早餐奇差！为了和其他的人一起，凑合住吧！
1,总体来说度过了一个非常愉快的周末。1。酒店的地理位置很好，一个酒店就是一座岛。通往小岛的路也是曲径通幽，路边景色很美。喜欢。2。整个酒店有个很大的特色，一进门就是道教的64八卦图，并且，在山下的石头上刻了一部道德经。3。酒店的环境很好，成片的后草皮，而且干净，随便躺躺睡睡都可以.4.酒店有自己的游船，不过价格贵，640元一条船。5。酒店的餐厅，菜味道不错，而且价格不贵，鱼头汤108/小份，但是4-5个人也够了，其他的菜大部分也都是20快左右。6.住的是9号楼的湖景房，有阳台的，真的象住在水中一样。7.有开房水果赠送，而且服务员态度也不错。见面都打招呼的，但是房间内部实在不能让人满意，可能是老5星级的关系，房间装修顶多只能算是4星，而且，9号楼没有大床，不过我们把床拼起来了，也算是个大床房。8。酒店ktv很贵，640最低消费，脚摩70/人。9.夏天的晚上，夜朗星不稀，晚上12点可以看到非常非常多的星星，而且还看到一颗流星。。。总之，个人觉得这个酒店真的不错，家庭旅游非常好。以后还会选择入住。
0,房型：江景双人商务房/2006、2008（440元/天、间）客房服务：服务员态度很好，但很挑剔，我故意搞脏一点的小毛巾居然被他们发现了要我赔了5元（我到每处酒店都喜欢玩一玩），宽容度太低。建议非要入住的客人自备洗脸毛巾。前台服务：入住、退房、接待及时态度非常好！很有修养！客房：室内温度太高不能调节，整夜打开窗户还凑合，但下面锅炉房轰鸣声甚大。要外出的话穿衣动作一定要迅速，否则，会汗流浃背（室内外温差约50度）！地面看似干净，不小心很容易带上毛发上床（但被褥雪白雪白的，超干净！很细的毛发都能显示得清清楚楚）。窗外松花江太阳岛一览无遗，可看日落！早餐：超级不好，品种少的可怜（比三星差很多），比如牛奶只能说是有牛奶味的开水（很凉）。芹菜抄肉片的芹菜是黄黄的，肯定摆了不少天。餐厅服务员除了收早餐票的，都无精打采。
1,如果要到东方绿舟去玩2天以上，那么住在绿舟内的宾馆，应该是不错的选择。宾馆有借3人或4人的脚踏车，和2人或单人的自行车，凭门卡可任意次进出绿舟，比较方便经济。房间不算小，设施还过得去。因为在2号门，所以位置有点偏。另外，除了绿舟宾馆外，东方绿舟内还有绿舟别墅和绿舟度假村，位置要好一点，但酒店标准应该比绿舟宾馆稍稍差一些。
0,差！再不会住了第一天到，晚上给个吹风机说最后一个了，结果用的时候发现是坏的，害我湿着头发睡觉第二天早上，地板封边一条莫名其妙跷起，好像老化了，晚上见完客户回去，发现整栋宾馆停电了，还不知道来电时间……第三天早上去结账，靠，说是发票开不了，打不出来了……什么破宾馆。一次性用品都差的要死，很多老旧了，幸好我自带了很多物品，否则要重新去超市买了有生以来住过最搞笑而糟糕的酒店
1,很同意交通方便的说，近几个月一直选这里。但是，携程的价格比直接找酒店定还贵。这令人很不满意。希望携程能重视对客户价格方面的承诺。
0,受不了，基本隔壁所有的声音都听的一清二楚。因为隔壁没睡，所以我也跟着无法入睡，见过隔音不好的，可没见过如此不好的。听一个出租车司机说这个如家是厂房改造而成的。真是很有疑问：经济型酒店，到底经济了谁？
0,订的一般标准间￥228的，在前台等了十来分钟开好了房间，刚进了房间就被告知开错了，说开成了￥228的（其实就比￥228的多两瓶水，两小袋饼干），紧接着就被服务员赶（是赶，没错）出了房间，问新开的房间呢，服务员一脸的不快，说在开等会送来，又过了十来分钟服务员才又拿了房卡，房间设施吧感觉一般，达不到三星的标准吧，不及我在观音桥住得一些商务酒店，价格还能便宜一些。
0,便宜，总体还行。延迟了1小时也没收额外的房费，这点不错。东楼的一楼房间很潮啊，味道很难闻，要预定千万不要订一层。房间毛巾很旧很糙，建议赶紧换了！我跑到附近大超市现买的毛巾用。还有地毯真的不如换成木质地板或者直接大理石，那颜色和脏度真的很不舒服。还有就是墙面很脏、鼻涕之类的到处是，还好离得床比较远。二楼房间安静倒是不错。下次再去就换个分店试试，95元的房间真的没法评价什么。补充点评2008年6月20日：忘记说了：周边很方便，大型超市、永和豆浆、机场巴士、药店、美容美发很多。比较热闹！
0,在携程预定酒店这么多次，遇到的最烂的酒店。住在行政豪华房，早上7点半起来连洗澡的热水也没有。开发票时说没有发票，请携程帮帮忙，不要把这种酒店放在你们网上害人。谢谢！
0,携程的宾馆预订，大大不如从前了，价格没有优势，协议的酒店提供的服务跟携程的承诺大打折扣！！！到达酒店的时候，原来预订时的价格是188元，可是到酒店后，酒店临时调整价格到268元（公布价是358元），问我同意不同意？废话，我能同意吗？在入住的时候，就要交房费，以前真没见过。房间的安全性差，没有内锁。因为刚刚装修完，所以，房间设备虽然低档次，但是还算是新的，感觉不是太差。洗涑用品连招待所的都不如，还什么大酒店？管子里出来的是黄黄的水！！！入住的时候，本来说是可以刷VISA卡的，可是刷不了。（不知道有没有真把钱给刷进去？担心）退房的时候，要张发票，不能开，得到很远的另外一个象招待所一样的，所谓的大酒店去开。不过，公布价跟我实际结算的价（预订价）的原因，总体来说，感觉不是特别的差，比起携程的一些其他的协议酒店来说，不是最差的。补充点评2008年2月17日：本来预订的时候，要求接飞机的，到了北京机场，下了飞机，出了候机楼，根本没有人接飞机。于是自己只能凭以往的习惯去打听，大听到了，那个接飞机的服务员的态度，真TMD的恶劣！不说了。
1,装修很新，设施很全，条件不错。服务人员秉承了北京人的“范儿”，属于“高傲不热情”那种，很难对“服务”本身评价一声“满意”。不过10层的清洗大嫂到是满不错的，很热心的询问是否做房间清洁……
1,"不错的酒店,装修和风格都很好,是郑州最好的酒店了.可惜没有时间好好住,因为是晚上到了都一点半了.早上八点半又开车走了,所以只觉得房间很舒服,早餐很好吃哈哈哈哈........."
1,"位于市中心,交通方便,环境好.但房间小了点."
0,熟悉的酒店都住满了，迫不得已又住了一次。发现更垃圾了。总之，如果不是迫不得已，千万不要住次酒店。枕头发黑，床单发黄，房间超级小，卫生间异味和公共厕所差不多，房间异味更不用说了。
1,出行非常方便，离地铁很近，酒店后面就有酒吧一条街，房间还不错没有想象中小，被子超软，很舒服！以后我还会住这里！
0,办入住的时候，说没有收到携程的预定，但还是给了携程的价格。问了早餐的事情才给了餐卷，早餐很差，房间非常不干净，床上有西瓜子，床头柜后面还有吃剩的果冻的空盒。最可气的是退房的时候，结账之后没有把信用卡还给我，晚上吃饭结账的时候才发现。
1,位置很好，市中心，房间可以见到半岛、江面，餐饮（旋转餐厅）非常好。宾馆反馈2008年8月7日：非常感谢您对我酒店的支持和厚爱，柳州宾馆致力打造柳州性价比最高的酒店。我宾馆按五星级标准装修的24-26楼高层观景客房即将竣工，期待您的光临！！
1,酒店虽然有点旧，房间也不大，但贵在干净，地点好，在市中心的中山广场边上，上哪都很方便。早餐比较丰富，令人满意。房间洗澡水很大，好像水力按摩一般，很舒服。房间里最让我满意的是有小型桶装水，非常方便，不像很多酒店那样，非得自己烧来喝。酒店给我印象最深的是大门外的一位有络腮胡子的小伙子，对客人非常热情，问他什么都能得到细致、满意的答复。两点不足：1、我订了两晚房间，可第二天中午回来，钥匙竟然打不开门，费了很大工夫又打电话问又下楼到前台办手续，才能进入房间。这种工作失误是不应该的。2、洗手间的马桶很怪，前端非常浅，我坐着大便，小便处垂下来竟然碰到了马桶前端的底部，吓得我赶紧冲洗下部！后来我大便只敢蹲着。
1,"1.下午3点到酒点,3间房,2间还没有打扫好,气愤2.由于是多次入住,以前没有注意:加了双层窗户,与外界的隔音好多了,但隔壁一位老大爷的呼噜声让我直到3点才睡去,早上不到7点,又被他的洗漱声音吵醒了."
1,"日本客人去苏州新区指定要住的酒店,外观很不错,很气派;室内环境也算对得起这个价钱.还不错.宾馆反馈2008年4月15日：感谢您对我们的肯定，您的鼓励是我们服务的动力，期待您及您客人再次的光临！"
1,"没有想到,这是一间超水准的3星级酒店.很喜欢它的木板地面,不像地毯,没有异味.而且房间相当干净,也没有什么卫生死角.服务态度也很好,大堂很舒适.地点真的没有话说了,超级方便,去哪里都行.总的来说很超值.就是卫生间的排水好像差了一点,但是很多酒店都这样的."
0,总体上来说对这个宾馆不很满意。1.前台服务很差劲。据说是电脑系统问题，造成半个多小时都没有办成入住，而且总是爱搭不理；2.入住后，发现房间没有及时整理，催促了好几次；3.床单、枕套之类的白色都变成了黄色，据清洁人员说漂白过的才是白色；4.退房时候又等了好久5.入住时候预定的房型没有了，升级居然还要付钱。。。经据理力争才免费升级。这种情况在武定路的那家就没有发生。
0,"非常不愉快的一次经历!!!酒店的服务一塌糊涂!!!在下午3点左右入住竟然没有打扫好房间!办理了手续(付了押金),然后晚上再拿房卡.如此一来,竟然对携程说我没有入住!!!折腾了一周多才确认!房价对比酒店而言并没有优势(非常客观!并没有恶言)相隔一条街新开的酒店比比皆是!除了房间大,其他都一般,特别是隔音差的不能再差,对有时间且喜欢听隔壁做爱直播的是个非常佳的去处!我""欣赏""了一晚上!""身临其境""的感觉!!!总之!我再也不会去这个酒店了!!!"
0,实在看不懂的房价，房间较干净，但是象是临时房一样，几乎没有隔音，昆山的酒店价格太离谱了！
1,"此酒店地理位置不错,有点闹中取静的感觉,出门交通比较方便;最高兴的是酒店免费给我们升级到了最顶层的套房,太好了,有大大的客厅,房间也不小,在香港从未住过如此大房间的宾馆,连住了两天都不想离开,还想继续住下去,下次还会选择YMCA"
0,"早餐30,不能退,也不能期,太理.以后不再酒店.房有味,修太."
1,酒店地理位置很好，对面就是石家庄最好的商店――先天下。贵宾楼层客房冰箱里的软饮是免费的，还可以享受酒店欢乐时光免费茶点和酒吧优惠等等。总之是物有所值的五星酒店：）
0,问题：1.开始给的房间有很重的味道，后来调整了之后又是在空调排风的附近，噪声很大，第三次才换到还过得去的房间；2.服务业不专业，态度冷淡；3.早餐在上岛，品种很少。优点就是价格还算是便宜，在华侨城附近400多点的价格还真是难找到比较合适的地方。
0,"房间隔音极差,邻房说话声音清晰可闻,任何杂音清晰入耳,提供的设施品质极差,电熨斗品质不佳还得要客户买单,劝大家别用,空调三催四请才打开,房间闷热无比却要求开窗通风,从没见过如此服务品质,值班经理躲在暗地里不敢面对客户,笑掉人大牙了!以后去成都绝不光临此店."
1,环境很好，紧邻太湖二桥，湖景房，房间不错，但不显大，电视节目不够多，还有就是携程的房间贵了，朋友电话直接定房，700元的湖景！
1,虽然遭遇台风“凤凰”，夜里没休息好，但极佳的位置，很好的服务总算弥补了一下。酒店旧了点，但时时处处能感受得到有一种底蕴。如有机会再去厦门，想体验一下面对鼓浪屿就餐的感觉......
1,携程上是四星，宾馆本部写的是五星。不过无所谓啦，住了两个晚上，一家人都蛮舒服的。用具齐备，环境尚可，早餐比较丰盛。酒店位置离旅游区域屯溪老街2分钟车程，10分钟脚程（已亲历证实--）。不过当我回来发现一根小丝巾忘在那里，打电话去问得时候，虽然告诉我确实在房间里有丝巾，不过说邮费很贵，要我出。这事做得好没腔调。我只好麻烦在黄山的朋友去帮我拿一下，等以后他来上海再带给我。
0,帮国外的同事预定了一晚房间，达到时因为堵车晚了所以订单被取消。但是酒店大堂居然没有通过ctrip与作出预定的我联系，而是跟客人推荐附近的其他酒店。因为当时已经晚上八点，客人无可奈何只能听任酒店的安排，最后给他找了一家附近的三星酒店，但是价格居然要一千六百多块钱。更过份的是订单状态显示已经成交，所以过了好几天我都不知道这件事，直到同事回国之后发email过来投诉才清楚这样的事情。感觉就好像是被黑了。订单被取消无可厚非，但是酒店的做法也太不妥当了，跟ctrip投诉之后最后打个电话过来把事情撇得一清二楚，至于订单显示成交一事，解释就是操作失误。之前好几年公司都用ctrip作一些酒店预定的，这件事之后以后都不会再用了。太让人气愤了。
1,可能是以前总是随团旅游，没享受过很好的服务，但是这家酒店确实很值得推荐，多写一些评论吧。看了携程的评论以后才选择了这家酒店，环境绝对配得上花园这两个字，大堂挂的是四星，住了两晚，本来预定的时间是6月8日14:00入住―6月10日12:00，结果8日早上7点多到了酒店准备存行李，前台的工作人员告之有空房，可以提前入住，并且免费升级了房间（预定的是4楼经济标准间，给调到了2楼经济标准间，价格没变，不知道这算不算是升级服务，呵呵）。酒店整体环境很好，绿化很出色，晚饭后在院子里散步很惬意，酒店门口出租车很方面。出酒店南行大约5分钟即到海岸，出酒店北行见路口右转，街边有很多餐馆，打车到佳世客、家乐福等超市7元起步价+1元燃油费，出行很方便。房间内很整洁，有大床和单人床可以选择，房间内设施包括地板略显陈旧，厕所无浴缸，淋浴水很冲，24小时热水，由于这几天总是阴天，房内潮气很重。服务人员很专业，也很礼貌，入住和退房有人全程带行李（不知道用不用给小费，我是没给，嘎嘎），每天收拾两次，晚上还有免费的水果（两根香蕉+杏），没用到房内的宽带（好象是收费的，记不清楚了）。房间隔音系统不是很好，隔壁半夜时有个警察在打电话，好在我不是间谍，不然惟坊一带的这几天主要的通缉犯估计都抓不到了，哈哈，免费听了一个多小时的电话办案实战。下次有机会还会选择这家，试一试贵宾楼的服务，呵呵！！！有一点很郁闷，我在携程网上预定的经济标准间318元/天（携程价），但是在火车站有个携程站台工作人员给的蓝色的小本子上写的经济标准间是278元/天，没搞明白，是不是第二次再来就是278元/天呢？（在火车站回程的时候发的蓝色的小本子）
0,1、内部装修尚可，但周围环境差，房间小，所以房间价格偏高，不划算。2、双人房间的床只有大约1米宽。感觉很不好，像童床。3、早餐标价竟然56元，而且品种很少。如果房间不包早餐，千万别去，抢钱一样。中餐、午餐均不开，想吃饭，那就顶着太阳往远处找吧。4、最近因为工作原因，跑过很多城市，住过不少酒店，这是偶遇到的惟一一家上网收费的中档酒店（可能是偶孤陋寡闻了）。每天36大元，简直不可理喻。加房费超过400块了，对于这样的房间有点离谱。5、房间空调声音太大，而且效果不好，不是一般的不好。不知道其他房间怎样。6、一个插曲：俺入住时打开房门，过道竟放一铁架，内装一正在运转的压缩机在轰鸣，正好把过道堵上。俺只好把行李放在走廊，电话通知服务员来把它拿走，结果竟然通知了三次、等了10分钟才来人把机器拖走，而且一句道歉的话都没有。7、电视机2-18几乎都是国外频道，日语居多。感觉不爽。补充点评2007年7月3日：有点笔误：应该是：中餐、晚餐均不开
1,"服务不错,餐饮很好,A座房间该重新装修了.补充点评2008年2月20日：感觉总体上不如鸳飞大酒店."
1,环境不错，服务也很热心，我定的是一个豪华大床间，房间有点偏小，装修还说得过去，总之还是对得
1,"房间还不错,挺大的也挺干净的,就是价格有点高了,徐州的消费没那么高的."
1,酒店的服务和园林是好得没话说的啦，房间设施就一般，有的旧了，但被铺还是很干净舒服，就是580的价钱有点贵！
1,住的是8楼豪海房，每天就在海边度过，一个字，爽！酒店服务不错，路上遇见都会微笑问好，早餐还算丰富，而且到11点，可以一起解决午餐问题。大堂很有特色，喜欢，还有它家的沙滩拖鞋很舒服，想买双回家，就是不对外卖。房间有点陈旧，床很舒服，上网费用高了点。一点小问题时浴室淋浴房的下面封条有漏水，害得上厕所都会有影响，鞋子湿湿的，要用毛巾垫着才行，和客房服务提出后也几天也没有解决。
1,比较旧了，但整体感觉还行。服务也还可以。
1,酒店的位置偏了一点，但其实还是挺好找的。乘地铁在铜锣湾站下，再换乘到跑马地的电车，在总站下（约15分钟），酒店就位于总站的养和医院旁。（注：香港的电车与国内的不一样，是没有号数的，只在车头标志总站地名）。若乘出租车，从铜锣湾过去也是5-10分钟。酒店的设施较新，室内环境也不错，但是房间好小，床位小得可怜，标间的单床就真的只能睡一个人，稍胖一点的人都睡不下。服务还可以。
0,最不满意的是这家的空调，效果一点也不好，而且噪音超大。最糟糕的是停车场，竟然在马路对面，而且必须要酒店保安领着才能开车停车，建议自驾车的千万别住
0,"一般一般,以后肯定不会再住这里了，服务一般"
0,2月11日入住下午2点前到达的，我与友人共四人，预定了两间大床房，到达时，前台共有4位服务员，在我们之前有一位服务员在帮一个一家三口办理checkin，其余三位服务员呆立旁边，我对她们说能否帮我办理checkin，答曰：等待。这种办事方式已让我非常不爽，终于办完checkin后，服务员把房卡交给了门童，门童无视我们地上9个大包，拿着卡就往里冲，我们当场滴汗，将门童唤回，才心不甘情不愿的帮我们拿了两个包。房间在3号楼三楼到底的两间，此楼非常安静，安静的让人毛骨悚然，楼很旧，周边有一废弃的工厂。房门是绿色的木板门，到底的那间房门感应是坏的，直接用钥匙的。房间很大，很空旷，电视很模糊，卫生间很小，是淋浴房，设施很简陋，与前台服务员标榜的四星酒店相去甚远。总之，这个酒店的第一印象就给我们非常不好不舒服，但是，接下来发生的事就更让人崩溃了。打开水龙头，流出来的水很黄很脏，两间房都是如此，致电前台，前台让我们致电客房部，于是再致电客房部，答曰：上午刚冲洗了水箱，把水龙头开十分钟不要关，过一会会好的。于是我们开了足足二十分钟，依然不见好转，再次致电客房部询问怎么回事，客房部说把水龙头关掉吧，现在太多客人都把龙头开着，水一直在流动，沉淀物沉淀不下来了，我问什么时候才会好，她说过两个小时会好的。于是我们就关了水龙头出门逛鼓浪屿去了，3点半出门的。晚上7点多我们回了酒店，打开龙头，水依然是黄色的，致电前台，前台说她们前台那边的水也是黄色的，不知道什么时候会好，让我致电客房部。致电客房部，客房部说工程队在抢修了，说是水管坏了，我问那么什么时候才能修好？对方直接挂断了我的电话，本来就已经非常不爽了，不能洗手，不能烧水，而且前台和客房部接电话的都态度十分不耐烦，现在还挂我电话，顿时偶就火大了，又一个电话打回客房部，质问为什么挂我电话，对方竟然百般抵赖，问她到底什么时候能修好能用水，对我说她现在去问工程部，稍后就给我回音。于是我又开始了漫长的等待，一刻钟后依然没有回复，此时我们已对酒店感到非常的失望，对他们的服务感到非常的不满，我便致电了携程，将大致经过向携程述说了一遍，希望携程能致电该酒店进行调和，谁知接线小姐竟然对我说，您应该与酒店进行联系，我不明白是接线小姐没有听清我的话，还是只是在照本宣科，我已经和你清楚的说了与酒店交涉了许多次，对方始终在各部门推卸责任，整整一天都没有修好水管，最后，我对接线小姐阐明了携程、鼓浪别墅酒店以及客户三者间的利害关系以及责任关系，那位小姐终于明白事理，对我说会致电酒店让他们联系我给我一个答复。几分钟后，携程致电给我说已与酒店取得联系，稍后酒店会联系我。又是十分钟的等待，酒店没有任何人联系过我们，于是我再次致电携程，当然换了一位接线小姐，当然还是少不了利害关系及责任关系的教育，小姐也对我说会致电酒店让他们联系我给我一个答复。几分钟后，携程再次致电我，让我等待酒店联系。数分钟后，前台打来电话，和我说水管在抢修中，马上就会修好了，我问那么大概还要多久，我马上要出去吃饭了，回来后能修好吗？对方说肯定能修好，我说那万一修不好呢？对方说没有万一的，我说不可能的，万一没修好怎么办？对方终于说万一没修好那就给你们换房，我说记住你说的话哦。然后我们就出门吃饭了。在吃饭的时候正巧遇上一个酒店的游客，我问他们水能不能用，他们说水很好没问题啊，我问他们是几号楼的，他们说2号楼。两小时后回到酒店，打开龙头，冷水已经恢复正常，但是热水依然是黄水，并且时不时出现断水现象，致电前台，找到那位前面与我通话的小姐，要求换房，那个小姐说人家的水都好了亚，为什么你们的还是黄水啊？感觉好像我们在欺骗她一样的，我说那你自己过来看，然后她就说要去查一下有什么房间，我说你们2号楼的水是好的吧，她说1号楼2号楼都是好的。那么言下之意就是就我们3号楼的水不好咯，而且上午就开始不好，明知水质有问题还安排我们入住，真是忒过分了！！！过了一会她打来说2号楼有个两室一厅的套房，问我要吗，我说是什么样的床，她说一个大床，一个单人床，我说那你叫我们四个人怎么睡啊，她说那她再去查查有什么房间。又过了一会她打来说一号楼有个海景标房，二号楼还有个一室一厅的小套房，明明有房间，就想蒙我们，我说我要看房间。然后我们就到了前台，到了前台，她有开始质疑我们的水质，总觉得我们在没事找事，拜托，都已经11点，第二天还要赶飞机，你不想睡我们还想睡觉来！！！真是忒过分了这个服务质量！！！让她去房间自己检验又不肯。终于，最后那两间房还算正常，虽然设施依然不能用四星来衡量，上海的二星估计都比它好，最后总结鼓浪别墅酒店，酒店非常老，设施陈旧，环境阴森，服务态度极其恶劣的差，办事效率极其低，非常崩溃！！！补充点评2008年2月25日：忘记说了，那两间大床房还号称是豪华房
1,非常喜欢这间宾馆！双人大床非常的舒服。房间配备了饮用纯净水，够得上五星级的标准，服务也非常的好。美中不足的是淋浴房的门好像做得有点问题，一洗澡水就流的满地都是，害我大半夜的擦了好久：（
1,当地最好的，在全国算性价比不错的五星级酒店
1,比较老的饭店，房间等设施也比较老，服务还是可以的
1,酒店周围风景很好，在江边散步很惬意。但是房间里基本上只能看到一角。走到阳台上才能稍微看到多一点江景，不过不知道没有阳台的房间如何。房间很大很干净，硬件设备还算ok，前台小姐服务挺热情的，我们去的当天酒店有2个大团生意，但是对我们散客还是能够比较热情的接待，这点还是很满意的。
1,"无窗房,价廉物美,晚上8点入住,早上7点出门.对于一些仅仅是睡一觉的客户相当合适."
0,太像公寓了！简直就是公寓！大厅感觉非常公寓，房间也公寓非常，居然还有厨房和相关设备，其实你根本没有机会使用，因为你不可能随身带餐具！
0,可以说酒店很差。强烈建议CTRIP在郴州多准备几家酒店供选择。房间有霉味，床很大，但床垫很不舒服。地毯非常脏。卫生间还比不上火车站的。床单是破的。总之呢，如果各位经济允许，还是不要住这个酒店了。
0,我要的是大床房的，房间超小而且没有桌子，使用宽带也很不方便还要接个东西，拨号的密码也要问了才告诉你。晚上外面锅炉的声音很吵，下次不会再去入住了。
0,这是我在携程定过的酒店中最差的，价钱又贵，以后不会再住了。
0,"房间设施象招待所，卫生间里的设备很久，房间的卫生很差免费注册网站导航宾馆索引服务说明关于携程诚聘英才代理合作广告业务联系我们Copyright1999-2008,ctrip.com.allrightsreserved."
1,"酒店房间不大,但比较干净整洁,早餐还不错,特别是小馄饨很香,服务员很热情,唯一不足的是酒店地处包头步行街,外面的商店音响很吵."
1,在上海少见的带游泳池的酒店公寓，周围的环境很不错，超市、饭店、酒吧等很多，不去市中心还是不错的。房间超大，装潢、设施一般。有厨房，但餐具等居然要租赁，似乎不甚合理。游泳池很小，不知何故水呈绿色（可能是瓷砖缘故），不如蓝色的游泳池舒服。早餐一般，不够丰富，早餐厅可以晒到太阳，蛮好。员工服务需要提高，至少应让客人感觉到亲切和微笑。
1,"很不错的酒店,可能是兰溪最好的酒店.只是位置离市中心远了点.看到了上海的旅游团也住这里."
0,从没见过如此残旧的五星级酒店，电梯、走廊、房间内铺设的地毯，可以用惨不忍睹来形容，电梯内的地毯块边缘起毛破烂，打个不好听的比喻，我们家用来垫狗屋的地毯块看起来都比它干净整齐，房间和走廊上的地毯给人感觉至少用了十年以上似的；卫生间里的墙面瓷砖一看就是低档得不行的东西，沟缝的白水泥开始出现一个个的小孔洞，象是蚂蚁窝的大门；水龙头和毛巾架铜锈斑驳、颜色可疑，洁具的牌子让人无从考究，倒是放洗澡香皂的香皂盒的牌子清清楚楚地显示是“COTTO”，这是什么等级的东西，相信对建材稍微有点了解的人都知道，卫生间的毛巾品牌不详，但是感觉又干又硬，似乎至少是三岁以上的年纪了，更可怕的是窗帘，上帝啊，我怀疑这酒店的窗帘是从来没有清洗过的，颜色晦涩不堪，我只是拉开并关上两次，洗手时居然肥皂泡就隐隐发黑，我住的是1520房间，似乎里面曾经淹过水，地毯颜色怪异不算，地脚线的木板很明显地不是同一次装上去的。本来这酒店大堂的服务还挺让我满意的，不管是登记还是入住服务员们的微笑都让我很开心，但是房间的服务就有点不知道怎么说好，我是下午四点左右入住的，在房间小睡了一个小时后才出去应酬，结果应酬完九点多回酒店时，赠送的水果已经放在酒吧台上了，而床，我起来时是什么样的，还是那么自然的乱成一团保持在那里，让我顿时象吞吃了个苍蝇似地倒了胃口，好感全消。而门口的保安及门童服务等管理，也是非常糟糕，门前广场是个圆圈，进来的的士在圆圈的任何位置都可以停下来上客下课，小小的入口经常是从各个角度分别停几量车在那里上下客，而酒店方也置之不理，根本没有人维持秩序，酒店门口打车也是一样，没有设置排队廊，大家全站在门口等车，前后左右那么一排开，实在是说不清楚先来后到的，不时有些因打车先后顺序而起的小纠纷！这酒店最大的特色就是销售，房间里随处可见卖东西的价目表和怂恿住可加入他们积分计划的推广牌，连文具和个人用品居然都有销售价目单竖在床头柜上，让我实在不知道这究竟是提供方便呢还是为了将销售最大化。而免费的东西，因为我出差习惯自己带洗漱用品，所以不知道他们的洗漱用品质量如何，但是那一次性拖鞋的质量，咳，难道是义乌小商品城那里购买的吗？啧啧，难得一见啊，赠送的水倒是怡宝的，但是怕吃亏似地加上了酒店的广告。该酒店停车场上来的电梯是在四川宾馆的门口，我入住时上来一出门口就看到登记台，过去登记得差不多完了才知道那是四川宾馆的前台，于是道个歉转过来假日酒店的前台重新办理了登记入住的手续，结果，咳，结果让我非常后悔应该在开始就将错错好了，据成都的朋友说，四川宾馆的硬件条件还略微好过皇冠假日，价格只是皇冠假日的一半而已，两家挨在一起并有门共通，这都是啥和啥呀？我已经是携程的钻石级会员，从来没有任何酒店做过任何评价，此次四川之行，先是在绵阳的富乐山九州国际酒店入住，精美得让我叹为观止，舒服得不行，因行程改变在成都临时住了这么一次皇冠假日，同是五星级酒店，让我感觉是从真正的五星级酒店一下子搬到了火车站的招待所，还比真正的五星级酒店多付了一倍的住宿费。赚钱不能就靠搞定些什么评选机构弄到五颗小星星后就那么黑心地赚啊！五星级的大车铺啊，永别了，我是再也不会去了，套用句流行词：赚钱，要厚道些！
1,好像跟洪崖洞酒店一个公司的，所以房间的风格比较接近，就是小一些，整体来说比较不错，房间内食品都是免费，很实在。就是早餐实在不敢恭维，大堂环境比较差。整体来说不错，属于比较好的三星级酒店。
0,"各位：新春大吉,四季平安！您好！我是生活在丸之地的香港人但都未曾到大有麽窄小的酒店房standardroom。老老此酒店房真太小！肥胖一点的兄弟姊妹很走！正如前一位的一！浴室地下同水的坐板又是有及不能直立的！酒店及房色OK的！地点不便距各站！境不太好,太近民居就是窗对窗！RMB300元房价不值！我不推荐！！！"
1,在这小城市还有这样干净的宾馆，不错！真的是3星硬件，4星服务。就是价格贵了点。但嵊州好像所有物价都贵，吃饭特贵。
1,去苏州之前，听朋友介绍了这家酒店，于是通过携程定了房间。当出租车司机将车子开进酒店时，顿时眼前豁然开朗，没有想到在市区还会有这样一家闹中取静的园林式酒店。走进大堂，行李员很热情的打招呼。来到前台，很快办理了入住手续，服务人员的办事效率较高。一路走上房间，假山、廊亭、瀑布尽收眼底，房间布置很别致，床头有一首唐诗，很有意境，就是房间面积有点小，但窗外景色不错。这次入住给我和朋友都留下了很深的印象，下次去苏州还想住那！
0,有那么多朋友点评钻石公寓，不妨再讲两句。钻石新推出的“特价”双人房，其实一点也不特价。以前有国外朋友来上海，一直比较推荐钻石，他们也比较满意。但这次7月上旬的入住新推出的特价双人房，朋友反映房间比以前小多了，总体比以前的的套房差多了。订房的时候，双特价人房和套房的价格只相差几十元，但实际情况却相差很大，我认为这是钻石在忽悠客人。
0,"携程的员工最好自己去住住看！这是一家连三星级都没有的酒店。非常不满意：1：携程上不知我什么这家酒店的综合评分是4.3。误导客人。2：酒店信价比不高，地段也太偏。3：早餐是我吃过最差的酒店，肉包里面还有苍蝇。请大家千万别去住，真的还不如Motel.补充点评2008年6月25日：工作人员态度诚恳，下次愿意再住住！免费注册网站导航宾馆索引服务说明关于携程诚聘英才代理合作广告业务联系我们Copyright1999-2008,ctrip.com.allrightsreserved."
0,以为和温州的华侨饭店一个系统，入住发现像校办酒店，房间隔音很差，而且不仅是左右，楼上的动静也听的到，房间有一股陈年的霉味，行政房就是大些，湖景一般，是湖的一小部分。服务像国企。
1,位置不错，上海徐家汇中心地带，性价比一般，房间比较大
0,离泰山较远，实际环境与价格不符，漂亮的外观，陈旧破烂的内里，隔音极差
1,6月30日入住的。房间总体还行，就是有点旧。周围环境较好。服务方面，门童帮忙开车门倒是挺勤快，可惜不知道帮忙拎行李。特别表扬早餐比较好。总的来说，感觉可以是3星+的标准，但算不上4星
1,总体来说算满意，房间比较大，床还算干净，床头装饰比较漂亮，卫生间尚可。提供接机服务，虽然车比较陈旧，但毕竟是免费的。地理位置很好，在束河古镇内，强烈推荐住那里，觉得比大研古城好，安静一点，而且人很热情，不像古城内，商业气息太浓，人也没古镇友好。服务比较好，有问必答。缺点：淋浴水温根本无法调到舒适的温度，不是太冷就是太热。地毯比较脏，建议要经常吸尘，不然干脆换木质地板。性价比有待提高。
1,入住的是标准房.设施比较新.房间大.餐厅出品质量比较好.价格公道.需要改善的是浴室的淋浴帘不够长.水很容易流到外面.另外从客房到温泉有一段距离.去的时候有车送.回来的时候没有车.只能自己走回来.下雨的时候会比较狼狈.温泉区比较大而全面.总的来说挺值得!
1,标准房间设施一般，外部环境绝对一流！至少要提供暖风机之类的便民设施。补充点评2008年4月9日：之前点评有理，房间真的霉味很重，有待改进！
1,第二次入住，在上海的首选。虽然没啥名气，但软硬件设施非常好。大床太舒服了。住在里面，白天不像上班，晚上不想去夜店。只想在床上赖着。严重推荐
1,非常不错的酒店，依山傍水，里面大片森林，散散步很不错，坐在湖边也休息也是不错的选择；房间很幽静，房间的设施很好，服务员态度也很好。
1,"八月初入住两天,感觉极好.幽雅的庭院式格局与众多的现代高楼酒店相比,给人一种苏州园林式的恬静与悠闲.服务快捷且有求必应.地处闹市却静如田园.喜欢酒吧的出门左手数步HARRIS'BAR晚间十点以后热闹非常,有菲籍BAND演奏.饮食与购物天堂仅一街之隔.通过携程订房有送雪碧及可乐各一.早餐质差,68元价无所值.酒店周围美食多多,可尽情享受.强力推荐!"
1,"比较老的饭店了,房间只能用还比较干净整洁来形容,但离五星有点差距.卫生间也很小.东西比较旧."
1,国庆期间携程特价入住该酒店豪华房，这是第一次入住沈阳的该酒店，以前一直入住青年公园附近的凯宾斯基，有以下几点印象――1、从硬件设施来讲，黎明酒店非常不错，和凯宾斯基有一比，比我们上海的五星酒店的硬件都要好，特别是卫生间，明亮、宽敞、干净；2、虽然环境略显荒凉，但距离沈阳的中街商业区步行也只需25分钟，交通很方便；3、从软件来讲，携程预定时标明房间的宽带是免费的，可是入住后发现要收费，随即与携程取得联络，告知免费（这里表扬一下携程，有职业操守！很好！）；4、不过入住酒店后发生了一件本来很不愉快地经历，让我差一点从此放弃日后入住该酒店；由于我的老父亲头发乌过了，因此，弄脏了酒店的枕套，客房清理人员随即让我赔偿50元，这是我第一次入住五星级酒店让我赔偿，在结账时告知了前台，并打算把那个天价枕套拿走留个纪念，也许前台的小姐也觉得实在不好意思，随即不知道和谁打了电话，告知不用赔偿了，并诚恳地向我表示希望下次继续入住黎明酒店。我这里并不是说这区区50元，只是这50元背后显示了酒店的服务意识和服务理念。沈阳的经济虽然落后，但服务行业的服务态度普遍不好，但这次入住黎明酒店使我明显感觉到了沈阳这个最大的东北城市的服务意识与服务态度的提高。相比较而言，服务行业服务最好的城市当首数深圳市，就连上海都没法和深圳比，但尽管如此，上海仍然可以排在第二位，但与深圳的服务质量的差距很大；沈阳和北京的服务态度其实差不多，但这次入住黎明，使我感受到了一点不一样，也许我们的老工业基地真的在发生巨变。希望如此！再多说一句，服务行业，服务的态度和质量是服务行业的生命！通过这次入住，赞扬携程、赞扬黎明酒店。
0,宾馆竟然不能提供网络调试服务，我做了一次兼职的网管，呵呵！很有面子，去得那天天气冷，刚开始有点不太适应，要空调遥控器，说现在不提供；要加被子，说没有，当时很郁闷，不过做了兼职网管之后很快就提供了这两样东西，很开心另外，前台太小，性价比不高补充点评2007年10月22日：顺便说一下，前台竟然不知道长途电话的收费标准
1,入住金泉总体感觉不错，整洁干净，宽带上网特快，价格比较超值，附近有沃尔马的超市，交通非常便利，服务到位，下次还住。
0,作为商务经济连锁型酒店，总体还是过得去的，在这样繁华的区域，这个价钱也是过得去的。但是其他酒店在同样的价钱，提供更好的服务和设施，这就相形见拙了。总体让我觉得设施管理水平不高，这也导致整洁度不尽人意。房间本身设计就给人的感觉不清爽干净。浴室的设施也给人不卫生的感觉。是平庸的酒店。来到这样响的品牌的酒店，感觉失望。在同类型的酒店中，我按照水准的高低进行了这样的排序：锦江之星》宜家》...》莫泰。在宜家和莫泰之间还有省略号，就是说这里面可以有若干我不知道的，久悦不上台面。我只考虑锦江和宜家，这2品牌做到了品牌保证的效果。补充点评2007年8月7日：空调漏水！严重！跟自来水似的。好在是早上了，我立即把空调关了，然后用kettle接水，装了半壶水。
0,1酒店比较偏打车不方便2酒店楼上有KTV，晚上非常吵，特别是对住在五楼的房客。3前台接待，态度生硬。不太欢迎通过携程网预订的人。接待我的小姐，还给我一张名片，让我订房直接打宾馆电话就可以了。说携程发传真来还要回传比较烦。那位小姐好像姓冯。4房价水份太多。房价标价为516元，但一般预订只要讲价的话通常会以318元成交。5在入住后的第二天，我退房后，因为有事还要入住，前台一听是通过携程订的直接回答没房预订（该市当天并没有什么重大活动，也不是旅游旺季）6房间里的价格比外面高许多，一瓶外面一元钱的矿泉水，房间里标价为5元。而且酒店附近没有购物的地方。7服务意识太差，我询问前台工作人员当地天气预报，回答说是不知道。8早餐较差，部分菜还是冷的该酒店有好的设施但缺乏有效的管理，服务意识较差，甚至有点店大欺客的味道，虽然，它并不是什么大店
0,"我是在晚上12点到达兰州市火车站,下火车后问了３个路人也不知道有该酒店,最后我们选择打车去,因离火车站比较远打车要１１元,建议如果是到兰州作为中转站的朋友最好选择其他酒店.可能因为是晚上加上该酒店的大堂比较偏僻的原因,就算车子停在酒店的门口我们也花了５分钟才找到大门的入口．登记的时候服务小姐竟然问了一句＂我们这里有早餐的请问你需不需要＂我问她房间不是含早餐的吗，她的回答说是，我当时心里面就感到特奇怪她为什么要问我要不要早餐呢？在１２点３０分我们进到了房间，当时发现天气很冷而且找遍整个房间也只有两张被子，因此给前台打了个电话说多要一张被子，可能因为太晚了当时前台的小姐开始说没有，我说太冷了麻烦她帮忙问一下，她说可以帮我问一下但是没有的话她也无能为力，我当时的感觉是这间酒店的服务也太勉强了．结果到最后她的回复当然也是没有了，我也不想跟她再多说什么，到了第二天一早８点多就到了２楼吃了我生平看过最没有东西吃的早餐就快快退房了．我们本次旅游前后１２天都是通过携程订的房间，入住的地方有宁夏－甘肃－青海，总的来说我对这一间酒店各方面的感觉最差．完全感受不到服务而且还要受气．补充点评2007年10月9日：我认为３３０元的价格订位是完全不合理的．"
1,"单人间有一点点小，但基本够用。已经有宽带上网了，但网速偏慢。南面靠里的房间比较安静，西头北面的晚上会有车辆经过的声音传过来。早上6点多有""按摩""电话过来，^_^；不想被打扰的话拔掉电话插头吧补充点评2007年7月31日：信用卡都可以用了"
1,酒店房间的隔音效果太差了.竟能听到隔壁房间关衣橱门的声音.宾馆反馈2008年3月17日：酒店已于2008年3月更名为星程上服假日酒店（虹桥），并按照星程酒店标准进行了新装修，对客房及服务进行了全面升级。我们将努力以全新的面貌，赢得您最大的满意。
0,优点就是地理位置，到外滩和南京路走路10分钟。房间比较小，楼层举架低，有点压抑。卫生间毛巾也许消过毒，但很旧，颜色发黄，没办法，我用的自带毛巾。服务人员都不太热情，办理入住的女孩子们还好，大堂前的服务生，问个路什么的回答问题时基本不正眼看我，很锻炼我的脾气，有利于修身养性。
0,"入住退房慢,电梯慢,超市破,房间旧,服务态度差!"
1,7月13日入住A区三楼豪华房间，景观不错能看到湖景，房间设施一般（可能是期待值有点高），卫生间倒是奇大，有点意外，床太软不太适应。走道里的制冰机不错，有点度假酒店的风格。酒店的外景类似三亚喜来登的风格，室内外的游泳池都很不错，很干净。早餐还是不错的，就是品种多点就更好。由于第二天是换到天清岛入住，感觉开元比天清岛强太多了，相比之下这里若是五星的话，天清岛只能算三星。
1,开始预定的无烟房，到checkin时却告知无烟房没有了，晚上11点钟了，只能入住。其他服务还行。另外的问题时窗子总会发出卡他卡他声，晚上特别明显。如果是单身女人入住会被吓死的。另餐厅自助餐种类太少了。
0,"非常不值得的一个酒店.179的价格绝对不值!其他连锁酒店99元100元都比这个强啊!!房间很小,位置不好,早餐很差!"
1,"房间有免费宽带,速度很快.酒店离将军行署很近.想去参观时间又短的人可以选择这里."
0,宾馆一半的房间都没有阳光、不通风。服务员态度很恶劣。交款即便没人怎么也要半个小时。卫生间的马桶是坏的~~一不小心能把马桶给摔碎。千万小心使用。床单不干净，居然有阴毛。房间里弥漫着厕所的味道，恶心。比起其它省市的如家差得太远了，很失望。故宫周围的酒店都比这家的要便宜。觉得这家的性价比太不合适了。
1,前台服务员礼貌好，房间干净整齐，热水的确有忽冷忽热的现象，但影响不大。价格小贵，只值200元以下。
0,10月3号入住该酒店，整体感觉还算可以，下次再到成都肯定不会再住这家了。优点：1、房间大，有冰箱、微波炉等，设备比较全，还可以做饭和家一样。2、酒店周围有很多吃的，吃饭很方便。3、交通也很方便4、小区里也相对比较安静缺点：1、服务很差，服务员特少，服务响应特慢2、房间的卫生很差，临入睡前我们才发现枕巾、床单、被套都没有换过，脏死了。卫生间里的毛巾也不太干净，也很旧了。3、早餐品种很少
1,性价比很高。虽然是没有挂牌按照四星标准建造，但是非常不错。房间很大设备齐全。酒店所处位置交通便利，离成都热闹繁华地带近。同行的几个同事的评价都很高。
1,"酒店的硬件我觉得很满意,总体来说比那个叫玉华苑的酒店好多了呢!个方面都蛮方便,不过服务方面要加大改进!!!!!!!!"
1,是个弱四星酒店，各方面比较均衡，旅游商务皆可考虑。若要挑刺的话有以下几点：一、价格是否能更优惠些，四百多的标房价格稍高了些。二、入口不是特别方便醒目。三、就四星而言，大堂稍微寒碜了点。友情提醒：国信大酒店位于两站地铁中间，行李多或天气差时，不要坐地铁前往。
1,不错的地方，房间不错，服务也可。除了火车声音有点受不了。
1,"算是市中心入住挺方便的,旁边就是公园和河畔,景色不错,算是个闹中取去静的去处!房间是时尚派的,印象最深的是床,惬意的很以至于躺上去就睡着了,晚餐是西式的自助餐,在夜色中的玻璃幕顶辉映下点点的灯光象星星一样,浪漫的象野外餐一样,到是一种享受吧...嘿嘿,个人认为比较小资一些.附近有很多特色的饭店,走着就可以去了,很是方便!"
1,这个五星应该不是现在评定的，大概是祖上传下来的。从任何一个方面来讲，都不是五星的水准，难怪价格实惠！两点：房间的卫生有待提高，地毯上总有些毛绒绒的东西，小孩子在地上一爬，身上就会沾到一些。住了两晚，离店后，老婆和孩子身上都发疹子，实在想不出接触过什么过敏源，估计是酒店的地毯上的东西。另外，离店时忘了一件物品在房间，酒店代为保管了，但一直不通知本人，不知何故。直到本人半个月后遍寻不着，抱着一丝希望打电话去询问，那才叫惊喜万分！五星的服务，差得很远。旅游团队很多，早餐拥挤，低楼层恐怕会比较嘈杂。周围还是很方便的，对面的小路走进去不远，有一家过桥米线店，斜对面有一条横马路，有很多小餐馆，味道不错，价格也实惠。补充点评2008年6月12日：通过携程预定的，联系方式在携程的订单上总应该有吧！如果没有，那是携程的不对。我5月12日作出点评，5月13日下午1点收到携程发出的短信通知，说是酒店方面通知我有物品遗忘在房间。这是否巧合，明眼人一看便知。现在服务业的态度都很好，值得肯定，但都是虚心接受，屡教不改。希望贵酒店真正能做到有则改之，无则加勉。宾馆反馈2008年5月16日：感谢您的意见。酒店于1997年12月正式营业，于2000年12月正式挂牌五星。先后于2004年6月，2007年11月分别进行过部分楼层的装修。也核查过您所住过的房间，为近期新装修的房间，地毯还存在表面浮毛脱落的现象。酒店会加大清理工作，减少和避免此类情况产生。有关遗忘在酒店房间内的物品，酒店过去是根据遗留物品的价值和文件的重要性，通过订房渠道找寻客人电话来联系转交。由于每天会有客人遗留类似杂志，使用过的洗漱用品等，如果订单上没有联系方式，通常采用保留一段时间，等客人找寻的方式处理。对于您在房间遗留的易拉宝，没有引起足够的重视。酒店已经重新修订客人遗留物品处理程序，由当天的大堂副理和管家部主管再次认定通知处理，并针对散客在入住时，征询客人意见，留下联系电话等方式，尽量保证为此类客人及时作出有效沟通。期待您的再次光临。
1,酒店因为装修时间不长，设施还是不错，但4星酒店居然没有吹风机！头天晚上问过前台说24小时结帐都可以，但早上5点钟走，结帐时竟然只给我100元整单位的发票，说太早了，没有小额的票！
1,瑞吉红塔是公司几个老客户的首选，房间设施是附近几家五星里最好的，办公家具非常舒服，卫生间装修布置也很讲究。
1,"我是8月1日入住该酒店的,来香港主要为了SHOPPING,所以从地点来讲,酒店算是在较偏的位置,但觉得对得起我订的价格HKD550元/晚.房间很干净,而且我所入住的半海景房真的能看到很宽阔的海景,感觉很不错,卫生间很阔落,非常舒服.唯一欠缺的就是电视机,安置在床的侧面,看起来不是很方便,不过还好啦,反正不是为了看电视.交通方面,我没有遇到多大问题,只是那天来回上环,中环,酒店很多回,觉得酒店确是离购物点远了点.一般来说我从酒店出门就是看准它提供的SHUTTLEBUS的时间出发到港铁站(即中环站)转乘,回来则是搭到上环再转电车(俗称叮叮).因为沿路都有海景,感觉很是挺惬意的．对于订房我还有一点要补充：就是一定要提早定啊，我是一直在比价才选了８月１日出发（当然那几天还是动漫节则更一举两得），后来我接近８／１再查看时，价格已经变成１千多了，酒店是海鲜价因此深有体会．"
1,"饭店地理位置是非常适合夏天度假的地方,硬件设施差于5星,服务达标,早餐自助餐比较简单,打的比较困难."
0,"订的是豪华标准间,房间里的霉味让人简直不能呼吸,好在服务台给换了一个房,虽然霉味还是有,但比第一间好了很多.这,难道就是传说中的豪华标间?"
1,房间不是很大，但是卫生间装的很有创意。早餐很好，品种多，而且味道不错，服务人员的态度也很好。
1,房间小但很干净。入住时办理手续的时间较长，退房办手续时速度极快。总体基本满意
0,"对这个酒店的失望是从踏入酒店后的第一分钟开始,一直持续到离开这个酒店后的一个半月,1)1月22日入住,下雪,下了车拿着行李,门童视而不见;2)大堂暖气不足,温度很低3)入住花了差不多二十分钟,其实前台客人并不多,主要是工作人员明显是生手,而且态度还很生硬4)半夜一点洗澡,没热水,打N多次电话,过了差不多半小时才有一个工程人员上来帮助解决问题5)上网,网络是坏的,同样需要工作人员搬开家具来维修6)终于要睡觉了,才发觉过道的等无法关掉,接着又让维修人员上来维修,结果是维修人员也无法解决问题,只能拔掉灯泡7)真正的噩梦是1月23日离开店结帐,首先我要找大堂经理对昨晚这些问题问个所以然,结果过了半小时才见到大堂经理,又过了半小时才决定给我打8折.结帐时,涮了第一次卡号称POS机坏了,我明明听到是连通了,但工作人员硬说没连通,结果又刷了第2次,结果我打电话到银行问,证明酒店的确是刷了我2次672元.大堂经理答应马上传真通知银行取消一次,结果离开武汉后酒店一直没退款,又打了无数次长途,终于退了款.我去银行核查,酒店是2月20日把手续发到银行的,款是2月28日到我帐的.真的是不明白,这种酒店怎么能开业接客.可不可思议的是这种酒店管理公司怎么还有人用?居然还五星标准,我看是4星的硬件,招待所的服务水准,连快捷酒店都比不上"
1,酒店超值，不用300元住标间，房间很干净舒服，前台服务员态度很好，酒店管理水平很高，还可免费延住到2点。
1,离外滩五分钟步行即到，而且正对着外滩观光隧道，想到东方明珠和金茂游玩比较方便，去南京路也相对近。这次订的是没有窗户的大床房。房间空间较小，但尚算可以接受，因为只住一晚的缘故。但酒店的空调和热水壶都出现故障，上海的节能工作做得真是好，连基本的空调环境都达不到。住在房间里不知天黑天白，因为没有窗户，所以第二天几乎睡到十点，要早起的朋友一定要记得闹铃。洗手间是整体浴室，空间刚刚好，洗手台面比较小，其他尚算可以接受。总的来说，中规中矩。如果喜欢住在外滩附近的朋友可以考虑选择。还有一点值得表扬的，楼层设置了公用电脑可以上网的。提供了方便。
1,宾馆内的环境不错，早上起来我都要逛一圈然后在去吃早饭，入住的人也很多，车场都停满了，服务也可以，总的来说不错，但是没有通过携程预订该酒店，在入住时即可享受该酒店提供的额外优惠，问总台小姐，人家说根本就没有这个，有疑问请自己去找携程问，汗！打携程的电话又总是打不通，只有算了！
0,房间设备比较陈旧，没五星标准客人非常不满意
0,房间不大，窗户很小，但是交通比较方便，离汽车站、火车站都只要起步价，性价比不高
1,听朋友的介绍去了开元渡假村，感觉真的很不错，酒店很干净，服务也很好！如果下次还去的话，会多住上几天。意外的小插曲是，晚上在阳台上打牌开着门，结果晚上睡觉后被不知名的小虫子和蚊子围攻。。。那叫一个牺牲啊！！！早上醒来才发现酒店其实有小告示牌说让晚上不要开门来着。。。不过，我想是因为周围绿化太好了的缘故吧！
0,酒店空调有问题!蚊子太多!简直无法入睡!!!服务员的态度还不错的!
0,几年来，锦江之星在我心目中的位置已经从经济酒店中从第一位跌到了第四五位。而这一次，更是导致我从此以后再也不会住这一品牌的酒店。千里之堤，可能会崩于蚁穴。而蚁穴之不察，则非偶然。这次入住，因为行程原因。需要在最后一天早晨退房，下午再回来领取行李。这件非常简单的事情，可是一个胖职员却说由于奥运会和警方要求，因此退房时行李必须带走。但是我问酒店其他职员时，却都说下午六点前提取行李均可。为了核实，我打了服务电话，电话中也说可以到六点前回来提取。因此，我再次咨询了该胖职员，他也改口说届时可以为我安排。但是，早上退房时，那胖职员却坚决要我们把行李带走。还说其他职员的说法是他们“没有领会到精神”！无奈之下只有将行李带走。结果那天上午参加的三个会议穿插在了繁重的行李搬运之中，实在苦不堪言。在此之前，我在杭州另一个品牌经济酒店住宿，旅客的行李可以寄存数日，方便旅客在周边城市游玩；昨天晚上，我入住了上海的另一家酒店，行李照样可以在晚上12点前提取。锦江之星要求在六点前提走的规定本来就已经是比较苛刻的了，而这一个胖职员的所作所为，更是太过分了！我要问问这位胖职员：是不是全中国的酒店，全上海的酒店，包括他的所有同事，都“没有领会到精神”？模式化的礼貌表面下，完全没有一颗为顾客考虑的心，这可能就是锦江之星开始僵化的表现！作为一个普通顾客，我们也没有权力要求锦江之星怎么做。我们唯一能做的，就只是用脚投票：永远不再入住锦江之星！
0,入住前的期待还是很高，不过到达后感觉还是比较失望，这个价值和七斗星、如家等不到200元房价的经济型酒店还是有一定的差距，同去的同事的评价也不高，有点后悔没要什么服务，这方面不清楚退房速度还可以
0,管理混乱各种设施不到位进了房间发现未打扫卫生又换了房间但卫生还是感觉不好没有一次性拖鞋等很不方便很失望好不容易捱到早上立马换酒店！
1,"房间比较舒服,酒店的地理位置也比较好.但是宽带收费太贵~"
0,看了大家的评价不错，才选择这家的。房间无论如何不能说是三星的标准，个人感觉不如如家布置得温馨。
0,"服务极差,价格高,地点环境偏,房间条件能有一星.."
0,我是2月13号左右去的，定了一间大床房，在一楼，味道很浓的，像走进了胡同，12x房，有个窗子很小，连洗澡的拖鞋都没有，只有一双纸质拖鞋，我打了2次电话到前台，也没给送，最后我找到前台，服务员说他们没有洗澡的拖鞋，我只有从房间服务员那里又要了一双纸质拖鞋留洗澡，我们一家三口倒换着用（我孩子4岁）。有桌子，但不提供凳子，只能做床上打电脑。剩下的用的东西几乎没有：吹风机，电熨斗，。。。。。，感觉很不方便。一早起来走人，永远都不会在去这家酒店。
1,住的比较多，周围吃喝玩购物都方便建议携程以后要给个好折扣
0,"设施较差,服务意识低下,半夜走廊中喧闹无比,空气极差,房间潮湿阴暗,总之只上一次当!"
1,刚才提到的如家快捷酒店，应该是如家深圳火车站店，在渔民村小区内。
0,设施太陈旧了，位置离火车站近，但附近差不多条件却价格更便宜的酒店多得很！我住九层，晚上睡觉的环境都不好，比较吵，糟杂，我房间对面及左右的房间门都不关，玩通宵牌的，人多嘴杂（也没有酒店工作人员制止）！这酒店真的不太好！
1,我是第一次入住香格里拉，现在距当时入住有一个月了，除了前台的微笑，没有什么更多印象了。。。
1,在北京算是不错了，价格还可以，还有水果送
0,五一期间，“好心的酒店”居然送我们早餐，但是一个房间只送一份。结果，就是，我们五个房间9个人，只有五个人有早餐，其他4个每人要多付98元一份早餐。我们想把4号的早餐改成2号也不行（我们四号的早上的飞机，早餐６点开始，我们５点要出门）。太不人性化了。其中一个房间居然浴室没有帘子。。。。。。。。。。。
1,"非常好的饭店,软件硬件都很过得去,值得一住的地方!"
1,替两个同事订的，比较满意，但觉得价格偏高，在这样的西部小城市像这样的宾馆300-350元含早比较合理。
0,房间太小，无电梯，周围环境还可以，但正在修路，非常嘈杂
1,住过几次东莞酒店，海悦的地理位置和早餐最棒，听说朋友说请来的厨师是有来头的，呵呵冲这个去的！
1,最近去福建较多，每次都是住曼哈顿建联大酒店，因为第一次住的感觉很好，我住的是商务房，房间虽然不大，但物品齐全，而且床上的公仔让人有家的感觉，服务也好，
1,就在机场对面，走到机场就5分钟吧，如果要赶飞机的话住那里还蛮方便的，里面的设施就一般了，3星的标准吧
1,"入住酒店办理手续时让我们等了很久,因为没有房卡;而且我们的预定信息在酒店前台的电脑中查不到.客房内应有水果,酒店服务员半夜11点才送到,而且不敲门就进入客房,感觉不太好."
0,太差的酒店，房间设施最多2星。服务人员素质太差，让不是一个房间的人把行李拿走。
1,前两天去上海住在古北湾酒店。对酒店的服务感觉还可以。早餐也不错。房间设施稍微有点陈旧。不过对于短期出差来说还是比较合适的。酒店离虹桥机场很近，在国内转飞机的话有利用价值。离市区就比较远。总的来说根据出差目的和地方，古北湾是值得考虑使用的酒店。
0,"地方真是偏,连出租车司机都找了N久啊房间到是很大啊里面的设施台陈旧了啊一住进去就有骚扰电话跟踪而来,真是强啊!免费注册网站导航宾馆索引服务说明关于携程诚聘英才代理合作广告业务联系我们Copyright1999-2008,ctrip.com.al"
1,总体来说，很喜欢索菲特，这一次本来不想住索菲特，因为藏独事件，但客人喜欢，总体感觉不错。
1,"房间总体还是很不错的,但房间隔音效果比较一般,在房间很容易听到走廊上别人的说话,谢谢."
0,看到门口的样子，就知道不是真正的凯莱了，门厅零落要的商务房，对马路，跟没有玻璃一样，晚上吵闹，非常不隔音早餐特别乱，就豆浆可以喝喝
1,总体来说还可以就是房间隔音效果差了点晚上休息的时候走廊有人经过都能听的清楚的很而且整晚走廊都有人经过
1,"还是柳州性价比最好的酒店之一,酒店规模与客房品质都很说得过去,地理位置也好的.基本接近四星水准了.宾馆反馈2008年7月31日：非常感谢您对我酒店的支持和厚爱，柳州宾馆致力打造柳州性价比最高的酒店。我宾馆按五星级标准装修的24-26楼高层观景客房即将竣工，期待您的光临！！"
1,"酒店环境幽雅，服务很好，价格合理,综合条件都不错。"
1,酒店非常赞.性价比极高!下次还会继续选择.
0,价格，携程180，店头有活动价格179，如家还有自己的会员价格，都比携程低，携程订单一点竞争力都没有。房间，床太硬，电视在二楼比较不方便。屋子还算够大，就是设施比较陈旧，空调作用不明显，噪音还大。屋子里不干净。环境，就在吉林市最大的手机市场旁边，每天早上商店一开业，就开始一百多分贝的喇叭音乐、人语宣传，震死了！态度，服务台那位小姐不知道当天是不是心情不好，把情绪带到工作上来了，对客人态度极其生硬，还带搭不理的。令客人心情极差，如果不是替朋友定的房间，急于定下来地方的话，可能就不会入住了。位置，在北齐那个楼的侧面，外面很难看到。很多人甚至出租车司机都不知道在哪。总之，对这家店很不满意。
0,地理位置还算不错，就在北京电视台培训中心的边上，离海边非常的近，但是房间实在是太差劲了，是一个整栋别墅楼里分别出来的小间，普通标间小得可怜，挺多有十三四平米，摆两张床已无下脚的地方了，携程的价格倒算是便宜，服务态度还算可以，可是服务员的动作是非常慢的，入住结帐手续基本上都在二十分钟左右一单，如果不是挑剔的话还
1,"酒店硬件倒是不错,但如果是商务旅行就不合适.前不着村,后不挨店.补充点评2007年4月7日：同时希望携程提供准确的信息。我希望住的酒店离凯莱比较近，工作人员告诉我五月花约距500米。实际上，全程2.7公里（出租车记程表显示数字）。仅酒店大堂到酒店大门就超过700米，每次只能让酒店叫出租，到凯莱要35元！如果路上截车才10元不跳表。"
0,上月入住，将近500元一天的房费，卫生间很小，像经济性酒店。走廊房间一股霉味。浴缸下水管漏水，淌的一地都是。窗户外面不到30米就是居民小区，喇叭不断。更可笑的是，结账时被告知，携程预定的房费是不含服务费的，又多收了10%的服务费。在携程定了这么多次，五星也订很多了，还是头一次遇到。总之，酒店差，房费不合理！
0,"这个酒店真的不如照片所显示的那么好.如果有评0分或负分的话就更好了.谈谈我的这次入住吧.12.1.中午到达酒店,1701房间,开门就能看到洗手间,入住后洗澡.于是噩梦发生了.一个漂亮的妹妹用她的房卡把房门打开了.于是我便赤裸裸的站在了她的面前,更糟糕的是她的男朋友还好奇地把头探了过来...我把房门关好,然后致电前台,得到的回答是""我们需要合适您刚才说的情况"".好吧,我等,5分钟过去了,我在打电话到前台,""我们还没有查清楚"".我的神啊,我在洗澡时一个陌生的女人闯入我的房间,我要求酒店管理人员给我一个说法,你居然说要核实,我他妈的有必要骗你吗.下楼,""请问1701房间的事情处理得怎么样了?""说了四遍后,可爱的前台小姐告诉我,她不知道.于是我问紧挨着她的另一个,唯一的另一个服务员,她告诉我,是她接的电话,她们还在核实.对不起,ctrip.我愤怒了.我要求见它们的领导,在我提出要求它们道歉,书面的.它们说它们的领导不在,我kao,站在我面前的四个人居然没有一个是领导.于是,咆哮.接着它们把我领到吧台后的房间,在房间里,我见到了它们的领导,一个母性的女人.承诺我会满足我的要求,但直到今天我没有见到它们的任何的人来给我一个说法,除了免一天房费,和一份水果外.说房间吧.床还可以.房顶开裂非常厉害,有股奇怪的异味,我买了香水喷过才好些.面盆在床头,非常的不舒服.排风扇的声音不是一般的大.洗手间设计非常不合理,洗澡时水会到处流,非常的不卫生.要收费的项目的物品有消费陷阱.我发誓,topstar的酒店我是不会再住了.一群低劣的人是不会懂得如何定义酒店的."
1,酒店的环境不错，餐厅价格也合适，非常适合度假。就是希望宽带能免费。
0,房间很小，叫什么港式房间，另一种是不可以上网的，现在还有不能上网的宾馆？！早餐还可以。门市价260，我们订的248，呵呵，现在好像改了。性价比太差，哪里是三星的标准啊
1,房间稍微小了点其他没有问题很不错上次和一日本客人一起住的对方很中意因为竟然有NHK
0,四星级的牌子他们还真敢挂！北京的酒店向来这样，又贵又差！房间里面那个叫热啊，开了空调制冷根本不起作用。打电话给客房服务，居然说只有自然风，没有冷风！哪是什么自然风啊，明显比室外的气温高得多。最后，他们给我的建议是把房间的窗户打开。北京那个鬼气候，外面正在飘杨树苗呢，能开么！早餐就不提了，就那么点东西，西式的难吃得要命，中餐也好不到哪里去。还有就是酒店的电话根本就是乱收费！房间里没有长途价目表，服务指南也只是几张复印的A4纸。结帐的时候，打出了清单，国内长途差不多8毛一分钟，移动的12593也不过0.39/分，黑店！下次打死也不住了！
1,酒店是新装修，劳动西路，离田汉大剧院很近，看表演方便
1,"地理位置非常优越,机场大巴\地铁和公车几乎就在门口,但靠街的房间晚上可能会有点吵."
0,很少上来点评，但是为了让大家有个正确地认识，我愿意花点时间来点评下：我的建议是请你选择别的酒店，因为此酒店较陈旧，最重要的是房间的隔音效果非常差，我本人非常的不适应，当然如果您对噪音觉得无所谓的话，此酒店还是可以的。
1,酒店非常漂亮，去的时候太冷了，我太太生病了，服务员非常贴心，看见我们房间有感冒药，主动给我们送上了热水保温壶，并留了祝福字条，细小的动作感觉很贴心，门前的大草坪的确很棒，放风筝的感觉也很不错！住的是豪华全海景，感觉物有所植，阳台的确很大很舒服！
1,安亭路是很小的一条马路，酒店也算是闹中取静了，花园洋房非常有特色。
1,晚11时到前台，小姐笑容可掬的告诉我，我的预定携程并没有确认，不过可以为我安排。虚惊。这是黄金周出行第一站，27日金华。酒店大厅确如楼下所言，大而无当，亦不够明亮，由于到时较晚，行李员下班，我们是自己推车上了五楼，再下4楼（4楼的房间安排比较怪异）时，才匆匆跑来一个小保安，非常卖力地帮我们包大包小包全部搬到房间。家庭房的位置虽出入不便，但房间足够大，卧具柔软干净，设施齐全好用，对于自驾走南闯北的行走族来说足矣！而且酒店还是浙江省旅游局《自驾车旅游服务定点单位》。在此特别感谢27日晚值班的前台，就是她看到我们自己搬行李后马上冲到电梯口帮我们唤来了保安，还要感谢第二天的行李员，不但把行李车推到车前，还帮我把行李全部装好车。如果有机会我还会再住这家酒店。
1,我住的是套房，房间很好，环境更好。酒店的早餐等的时间太久，他们主要接团，散客的服务跟不上。
1,房间设施陈旧，沙发大概是50年代的，卫生间很小。早餐种类挺多，旋转餐厅不错，交通方便。
0,"住去感不是那回事,很,不很干.旁的海很,有大水往海注入水.真想逃走."
1,酒店比较新，设施齐全，交通方便。还是有点贵。补充点评2007年12月25日：好在有公司付账，感觉房间够大，交通方便。
1,由于没有标准房，给换了间有约层的房间，感觉还不错，就是早餐差了一点。
1,酒店的环境非常好，就在山脚下，离景点很近，也安静。但房间设施比较旧，地毯都变色了。除了这一点其他都很好！
0,我要求里写了要安静的房间。。谁知道那天住在6楼，外面的风，凄惨的吹着，声音很大，一个小时才入睡。让酒店换房间。他们说，酒店周围没有树，每间房间声音都很大。。赫赫，这里理由么？看来下次，起风的时候就不能去住了。
0,"这家酒店非常差,大家不要给它的外表所欺骗,房间非常旧,而且房间烟味很重,我觉得连招待所也要比它好"
1,位置比较好，到机场火车站都很方便。豪华单人间里的布置合理有序，独具匠心。值得一提的是门口迎宾员特别热情，帮我提箱子一直到办完入住还送我上了电梯。
1,"刚刚去住过,现在据说是刚刚评上4星,条件还算不错,比我想像的要好,走廊的感应灯和装饰都还不错，就是房间的门差了一点，推也推不开，希望改善，我住的是1320宾馆反馈2008年7月25日：尊敬的客人：您好！感谢您对成都新良大酒店提出宝贵的意见！酒店管理层非常重视客人的意见反馈，已经组织工程部对酒店区域内的硬件设施进行了一次排查，希望下次您入住时能让您有宾至如归的感觉！期待您的光临！"
1,只能说非常好！性价比超级高！酒店的装潢和所处的地理位置非常的棒，附属的设施也很齐备，服务也非常的周到，忍不住改变行程多住了几天，虽然离闹市区远了一点，但中山陵的环境真是没的说！唯一的缺点就是第一天没注意开了几分钟的窗子，飞进来的蚊子多了点，酒店没好的应对措施。以后只要去南京就住这里啦！
1,"周末刚从阳朔回来,住了三天,感觉性价比还可以.地理位置不错,西街和新西街交界口,吃饭逛街都很方便;服务也很好,前台和客房都彬彬有礼的,房间也算干净;中式早餐还凑合.美中不足是房间不大,设施和床具毛巾等都旧了一些,空调开久了房间还有点不太好的味道.总体来说比较满意,我和老公一致认为可以给四分."
1,非常好的一家酒店!房间特别棒!很喜欢!老美都说是NICEHOTEL.下次来就这家了!宾馆反馈2008年4月14日：您的满意是我们最大的追求，期待着您的再来光临！
1,"房间太小,早餐简单,虽然是豪华套房,性价比相差太远,但是地段还不错,逛街比较方便,服务也一般,掉了个充电器在房间,叫总台寄过来到付,居然还不愿意"
1,还可以。。。。。。。。。。。。。。。。。。。。。。。。。。
1,酒店房间性价比高、干净、安全、服务人员素质高、周围吃饭地方多，真的挺不错。尤其是在我对定的房间不满意时给我免费调换了高级别的房间，让我很满意。
0,这是我入住的如家连锁里最差的，从一下几个方面说明：1、位置非常不好找，在一个破败的小巷里；2、当时到酒店已经很晚了，酒店服务人员的态度不好，官腔严重；3、拿到房卡后居然打不开门，只能在返回前台，让保安出面才解决问题；4、在走廊上时看到沿墙壁的地脚线全部裸露出墙体，一副很旧的样子，就跟80年代的招待所一样，就问保安怎么回事？保安说因为北京快开奥运会了，对宾馆设施要求较高，在重新装修，但根本看不出装修的迹象；5、我订的是商务大床房，床是大，但床的质量太差了，一坐下去床就陷了一个大坑，弹簧的声音噔噔的刺耳；6、隔音效果奇差，在卫生间洗澡时居然听到了隔壁房客的鼾声，注意是鼾声而不是呼噜声，把我吓坏了，洗澡时总感觉怕怕的；7、我是5月16日入住的，卫生间里发现了4只大花蚊子，被我拍死了3个，全是吸得饱饱的那种。
1,非常满意。我是10月14日入住该酒店的，我和老婆，岳父丈母娘大人。为了savingmoney，四个人只开了一间标准房，本来担心两个人挤一张床会休息不好，但是，完全出乎意料，床很宽，而且床单很干净，没有酒店里常有的那种霉味，很舒服。洗手间很干净。老人家直夸我选的宾馆好，价钱也公道。值得推荐！缺点：附近有个学校，早上会有做早操的广播轻微干扰，对喜欢睡懒觉的朋友就不太理想了，不过，声音不是很大，10来分钟就结束了。
1,"我住的158的房,觉得还可以,房间正对酒店大门口的马路,隔音还可以,不吵.卫生间也不是太少,就是设计不太合理,洗澡的龙头力道太大,水打在身上都疼.综合来说还可以."
1,知名度不错，机场打车一说十一经路，就问是如家吧。但是天津机场基本都是黑车。从酒店去机场不到30，机场来居然打表打出50多。
1,选择万狮的最主要原因还是其地理位置，每次下了飞机不用再坐车跑到市区去，而且万狮是去祁县，太谷的首选落脚点，房间还不错，但是没有国贸好，也没什么大的缺点，自助餐感觉还不错
1,因为春秋航空晚点6个小时，到酒店的时候已经快凌晨2点了。期间打了两个电话给酒店，请求延迟入住时间，前台小姐比较热心的告诉了我机场到酒店需要的出租车费，避免给人很宰一刀。房间硬件不错，服务也很好。
0,我在国庆前住了6楼的一间朝街的房间，特别吵。晚上很晚的时候，外面还是大卡车开来开去。早上天还没亮，就是卡车的声音。也许不朝街的房间会好点。还有就是卫生间特别小，小得只能容一个人转身。酒店不提供一次性的香皂，我是跟他们要才给的，还好，免费。卫生状况一般，将就吧。
0,服务相当差，缺乏必要的职业素养，是遇到的最差的涉外三星。（不知如何评上的星的）。卫生情况比较担心：早餐室有苍蝇相伴，送到房内的卫生筷看上去脏脏的，而且包装破损，订餐处极为嘈杂，只听到地方话的大声喧哗按服务指南无法拨长途，打了几个电话后才了解还要到大堂登记。临走希望服务员帮助查询长途车站电话，竟无人乐意，都一推了之。还好唯一一位比较好的男服务员在看到我极为不满后帮助查询。
1,酒店经过评5星的努力，各方面都有提升，就是携程的价格太高，比朋友帮助预定的高出30%以上，所以，近期住了很久，都是朋友帮助订的房间。价格很低。有需要的朋友可以联系我。
1,"整体环境不错,很干净,但叫花园饭店还有差距,绿化园景没则么看到,室内没有迷你吧(在四星级酒店不应该),两双拖鞋不同型号,一双有红边,一双没有,不协调,住在一楼,窗前一直有饭店人员走动(特别是中午),没有私密感,不敢开窗,配套服务很不错,但人手太少,我们两个人想去去洗个头,但只有一名服务人员,我只能回房自己洗.总体较满意,CHECKIN"
1,"这次入住少林宾馆还是比较满意的,宾馆的位置比较好找,从客运站打部计程车只要三几分钟,5块钱就可以到了,房间比较干净,算是比较宽敞的,洗澡的热水也挺舒服,最好的地方是宾馆外面有一条很旺的小吃街,晚上6点左右就开了,很多麻辣烫之类的小吃,而且有起码二三十档,选择很多,解决吃的问题很方便,而且价格也相当评议,我和我朋友一起,两个人十来块钱就吃得好饱了:)"
1,这是一家市政府指定招待所，分好几个区域，住的是贵宾楼，应该是宾馆中最好的区域吧。实在话，宾馆的服务员素质不错，会微笑服务，见了面会打招呼。早餐质量很一般，有点失望。但在东营，我想在东城办事的人来说，这是首选，西城的海天虽好，但离东城有二十几公里地。
1,"环境和硬件不错,尤其是房间,我住的是2号楼,350不含早餐的,比较新,比较大,有点象小套房,也很通气,凉爽.缺点是软件方面需要改善,非自驾用户会不太方便,韩味亭较糟糕,前台服务人员很少,但房间服务人员还比较热情."
0,"携程提供的160元的普通标间没有任何竞争力,房间设施一般,床单破损,服务也一般.商务豪华标间部分房间不是没有电脑,便是电脑只是摆设,连启动都不能.我在升级更换房间时便三易房间才能够正常入住.期待改进."
1,元旦前住的，川妹子服意识很强，很细心。问一答二三，想得比客人超前。房间有些陈旧，但洗澡和空都OK.泉泡上有些憾，泡上的朋友说不错。我去捏脚了，技很好，喜。
0,"可以用一句话来描述当时的心情,太失望了.免费注册网站导航宾馆索引服务说明关于携程诚聘英才代理合作广告业务联系我们Copyright1999-2008,ctrip.com.allrightsreserved."
0,这是我有生以来住过的最差的4星级酒店--真的绝对不夸张！我订的是个套房，可进到房间，一看，居然是60年代的装修，完全和图片上的不一样--这也太有欺骗性了吧！就这样的房间还要448（不含早餐），太不值得了。卫生间旧就不说了，还脏脏的感觉，浴缸都有种让我下不去脚的感觉，整个房间都有股霉味。问了前台，说其他楼层都装修过就套房这层没装修--那怎么还要较高的价格呢？！真不能理解携程怎么会给出那样的介绍那样的图片和那样的价格！
1,位置优越、房间大气、设施齐全、网络快速、服务不错。建议：check-out的时候能快一些。希望下次来乌鲁木齐还入住！
0,尼斯酒店的几大特点：噪音大、环境差、配置低、服务效率低。如：1、隔壁歌厅的声音闹至午夜3点许、凌晨6时起又“享受”健身操场噪音；窗户破旧不隔音。2、电视无港、澳、凤凰、英文.....等台。3、前台服务人员少（2名），在早餐前已交房卡要求结算，待早餐后仍未算出来，无任何消费，而且只有我们在结帐，住店的客人极少。如此四星？少见。建议与“凯莱酒店”(尼斯附近)签约（全国连锁），价格也实惠。
1,宾馆新装修过，房间很干净，各种设施都完好。早餐品种较多，可选择余地较大。特别是服务人员的态度非常热情，无论走到哪里，服务人员都会主动问候，回答询问也十分细致详尽。宾馆里客运站极近，很方便。
0,我订的是商务大床房，给我的房间是8418房，床是挺大的，但是房间太小了，基本上是进屋就上床了，连椅子都放不开，但是有个看不到海景的大阳台，不知道是怎么设计的，估计这房应该是个单人房改的。如家的电视节目有马赛克，给前台打电话，他们说叫工程师来看看，结果过了几分钟来了个拿对讲机的大婶，告诉我们是信号的原因，所有房间的节目都这样，要到晚上才能好，我们想那就算了，可是过会和我们同行来的另一个房间的朋友说他们的电视信号一直很好，气死了，如家竟然这样骗顾客，给前台打电话，又改口说是部分房间的信号是这样。晚上8点多的时候信号好了，但是第二天依然还是有马赛克，到了晚上也没好。住了三晚，拖鞋一直没给换，都破了。第三天蚊香片没给换。房间内的饮水机有很浓的84消毒水味，根本没法喝，自己到家乐福买的桶装水。只有一个床头灯，而且接触不良，不打它不亮。建议以后入住这家的顾客不要住这个带阳台的房间，没有阳台的房间还是很大的。补充点评2008年6月23日：忘了说了，地址位置还算不错，公交车挺多，出去玩的话先去看看公交车的路线吧，不过车开的也很慢，我们坐了一辆从石老人始发的车回如家，结果那车最高时速才40迈，一点不夸张。步行去八大关也很近，也可步行去二浴，就是它的大门不是对着香港西路，有时出租车会估计要几个圈子才开到（青岛的出租司机良心大大的坏了，宁可被全国人民骂也要坑那几块钱)
1,酒店的位置非常好，过了街就是繁华的南京路，离地铁站也特别近。酒店的硬件在4星级里面算是不错的，服务也很好，可能开业的时间比较长了，房间里略显的有点旧，而且接近1000一晚的价格不能免费上网也有点不太人性化。也许上海稍微上点档次的酒店都是这样吧。总的来说还算满意，下次还会考虑入住。
1,地点不错，服务也很好，提供好几种枕头选择，包括晚上有送一杯热饮，非常贴心，以后还会入住。
0,那是什么破酒店，你们携程也对外推荐啊，那里面那个破。服务极差，我入驻708，房间门是用纸胡的，洗脸盆下水坏了了。问服务员，酒店是10年前装修的，而携程介绍是2006年装修的。早餐质量极差，服务员的服务态度也很差，想要个汤勺都没有。吃到后面连盘子都没有。其实我感觉最差的是携程的服务，向一个钻石贵宾推荐了一个未经核实的虚假信息，然后启客户不顾，让客户自行在一个陌生的城市去寻找住处，到2008年1月1日仍没有对投诉进行反馈，不过我可以理解，因为携程处理该事务的人员放假了。至于客户有什么样的意见，哈哈，开假后再说。再见了携程。宾馆反馈2008年1月2日：感谢您对我酒店提出宝贵意见，对于您在我们酒店入住期间所经历的不满意，我们深表歉意，我们酒店是98年开始营业的，经营至今曾分期逐层进行装修过，而且以供客人多种房型选择而著称，像适合商务客人的特色标准间（以大床居多，06年新装），适合夫妻带孩子出行的家庭房，还有普通的大床等。关于餐饮方面，确属我们管理疏忽，不过时至春节，招工甚难，还望能多加理解，不过这不是理由，我们一定要加强培训，提高员工顾客意识，做为对你的致歉，我们将减免您的当日房费，并附赠您一份礼物以表歉意，期盼您再次光临指导！
1,在新飞电器旁，周围环境幽静，宽带上网速度快
1,"住了三天,感觉服务还可以,晚上的自助餐还不错."
1,"很棒的艺术酒店5－6日外出踏青,一行入住珠海中邦商务酒店。这酒店开业几年了、给住客的感觉却仍旧很新鲜，最近还被评为中国首批“艺术主题特色酒店”,从中邦的内刊了解到业主更计划扩展规模---在附近兴建一座新的艺术酒店。3年前，我曾以这个建筑在情侣中路的偶遇于写过一篇文字，2年前也曾往杭州探访过这个酒店的设计师---由室内设计师,平面设计师和舞美设计师组成的,很棒的一个新锐设计团队。"
1,"算是蚌埠目前最好的酒店了吧,确实没有其他好住的地方,总体来讲还不错."
1,"房间设施不错,服务没问题,早餐也不错,直的住,金华没有好选择"
1,"总的来说,这家店不错,就是环境有点吵闹,设备坏了也不维护,我洗澡的时候,差点被懂感冒,洗浴室的窗户把手坏了,冷风直灌,哎,不过早餐还行."
0,"外观脏兮兮的,坐机场大巴路过时,还不知道自己住的就是这间如家,心里还说这么破啊.下了大巴走过来,才发现自己要住这里,555.订的是180一间的商务大床间,不算便宜了,但是房间很小,设施感觉旧旧的.我住过很多连锁酒店了,如家也住过很多次,唉,发现如家是一家不如一家啊!遗憾.唯一方便的就是离重庆机场大巴站很近,第二天坐大巴很方便哦.补充点评2007年12月23日：对了,房间还有异味.我也觉得这已经是如家的习惯的.在深圳的如家也是有异味的.以后我想考虑别的连锁酒店了.住了成都的七斗星,感觉好很多!"
1,我是十一全家去的，酒店整体设施不错，服务也好，还有免费接机，车是本田雅阁，当穿着制服的门童拿着牌子在机场出口等我们时，儿子还是挺兴奋的。地理位置在市区，因为是下午的飞机，晚上到后，在周边逛逛，挺热闹的。第二天就搬到风景区住了，方便些。它和风景区的距离是14公里。如果出差，可以选择。
1,地理位置还可以，在西湖边上，附近有一些大排挡，饮食也比较方便。酒店服务很好，服务生和前台人员都很热情，房间大而整洁，价格性价比高，如果下次去西湖还会入住。
1,非常好的酒店，服务员热情，酒店设施很新，住着舒服，配得上四星级。特别值得推荐的是餐饮很好，不管是堂食还是送餐，味道不错，价格也不贵。以后在去西安就住他家了。补充点评2008年8月10日：再写一点：性价比很高。携程的价格很有优势。
1,"标准间很挤,房较小,宽带上网需要收每天15元,不象个5星级酒店,外部环境还可以,是庭院风格的,是唯一的亮点,餐费很贵.我看最多象个准4星的酒店"
0,"酒店交通极之不便,下午四时从新会汽车站等了两小时也等不到班车(是普通站着等的公车站哦),到最后打电话问酒店服务员,叫我们坐去崖南的公交车再打的去古兜,打的大概十五元,怎知一坐便坐了个半小时,去到崖南已入黑,那里根本是没有的士,班车也下班了,只好打电话到酒店叫他们帮忙叫车,他们说如包酒店车要100元,他帮我们叫的士要三十元,而且还要等十余分钟,去到酒店已八点半了,整个行程从珠海到古兜足足花了六个多小时,到了酒店房间比我想象中差,从携程订的豪华山景房,是我住过的最贵但是最差的房间,可能是暑假房间紧张关系吧,周围设施则一般,但我以后一定不会再去那里,奉劝各位除非是跟团或自驾游,否则一定不要去那里,交通车实在太不便了。"
1,"印象最深的是,拉开窗帘时的感觉--外面是一高尔夫球场--很惬意!房间也不错,就是停车不太方便--太远了,刚好又碰到下雨."
0,这是北京能见到的性价比最差的酒店之一，服务不错，但设施显然有问题，考虑到其价格，这些问题让人很不舒服，例如1#浴缸下水不畅，经请示多名服务员之后，得到回答是下水的管子太细，水就流不下，所以冲澡的时候可以泡脚啦2#床头有闹钟，但两次遇到这玩艺半夜狂叫，迷迷糊糊起来拔下电源了事价格不低，房间设施和环境不怎样，小毛小病不断。该酒店改名后，除了设施日益陈旧之外，不知道还有其它什么变化――当然，改名后价格上去了。如果有其它选择，不建议大家住这个地方。这里生意好象特好，我可能还会去住，唯一的原因是离我要去的地方实在太近，但住得我实在不爽――这个酒店这个价格，杀猪啊！
1,我订的是标准房，没想到还送了我一份营养早餐，免费的，有水果、有酸奶，搭
1,豪华房很新很漂亮，象套间一样大，有一个专门的行李间；阳台很大，洗手间既有浴缸也有淋浴，还有个小梳妆间。服务也一流，都是见过世面的姑娘们，专业而得体。餐厅也很好，“吃在丁山”嘛，就是价格也是五星级的了。总之是个超级好酒店，专为住这儿，也值得来南京一次呢！
1,"芙蓉丽庭酒店的房价比成都其他的四星都实惠,升级入住的行政楼层，房间很大.该有的都有了，无可挑剔。很有文化特色，离文殊坊挺近。房间里细节都考虑得很好，给人很温馨的感觉，不错！宾馆反馈2008年6月13日：尊敬的客人：您好！感谢您对我酒店的关注与支持，期待您的再次光临。祝工作顺利！"
0,"后悔!不值!唯一优点交通方便.在很深的小巷里,楼下浴足,恶心!建议取消"
0,"前天入住,感觉没有上次好,2年前住过同一个房间,现在的设施也旧了,早餐也很差,停车场的人员服务也很次,下次不会选择住这里了,我觉得都没有如家舒服!"
1,服务太差服务太差服务太差服务太差服务太差
1,是个悠闲度假的好选择，可惜度假村部分设施没有整理，无法使用，有点可惜！服务人员的态度不是很热情！不过整体来说，还是值得推荐，环境不错！
1,我们定的是豪华大床房，房间很漂亮也很干净，就是卫生间一洗澡就水漫金山。第一天去在修管道没热水，空调还米力气。不过第二天都好了，算偶倒霉。不过这个酒店离西湖不远，周围超级热闹，服饰街就在附近。
1,酒店的性价比偏低了一点，但总的而言设施各方面还可以，正门挺难找的我绕了好大个圈子，服务员热情度一般，checkin时门童看着你拖行李进去却无动于衷，也不帮忙拉门，和旁边貌似是值班的大堂经理相聊甚欢，checkout的时候的那个门童倒还可以主动帮你叫车搬行李了
0,这个酒店根本不是5星，骗人，他们的服务和设备都是最差的，尤其是服务态度极端恶劣，请大家不要住这个酒店。
0,本次住进长春国际大厦酒店，对这家位居商业大街而与周围市场经济极不相称的管理太有感受了：1.那天晚上约10点，我们一进酒店大门，霉味扑鼻，顿时意识到这家酒店人气不旺。前台仅有的一位服务员在打电话，滔滔不绝。我们等了数分锺，已经开始不耐烦地叩柜台面，暗示她我们在等她办入住手续，可是她压根就没有意识到我们的存在，眼度不抬。还是后来进来一位服务员，才给办了登记手续。2.好不容易上楼开门，IC-Key开不了门，叫服务员没有人，只能下楼换了一把，还是开不了，叫了服务员来了，才打开了门。丢下行李准备出门吃饭，门却锁不上。倒霉的事情怎么都到我们这里呢？！只能下楼叫服务员，捣鼓了半天确认是门锁有问题，才同意给换房间。3.卫生间简陋不提。一洗澡，水是满地流溢。凭良心，洗澡水是挺猛的。4.第2天早上办理离店手续，服务员说请等片刻，电脑死机，说是中毒了。天啦，要等到何时？说没有办法。因赶路，再三要求下才手工办了退房手续。这叫什么酒店？这是什么服务？连招待所都不如!!!!换3星级！？不难想象为什么霉味。真是倒霉！
1,到底是国际品牌酒店，服务很好。美中不足的是店门太小，不够气派。
1,"酒店位置出行比较方便.中西早餐很丰盛,但收市时间9:30早了一点.豪华单间的房间还算不错,空间和设施摆设也合理.但房间部分设施稍显陈旧.补充点评2008年2月29日：补充一下,在房间内提供的网络连接线如同摆设,很短,根本用不上.由于我入往时间太晚,不想打扰服务员过来更换,只有搬出了自己出差常备的网络连接线使用了."
1,酒店的外部环境还不错，虽然房间已经有些陈旧，但房间里的设施还算比较齐全，就是去房间要走的楼梯太多；不过以度假村来说，户外的娱乐设施太差，没什么玩的；五一期间入住，950元的礼包有300元的消费券还算实惠，都用来烧烤了，觉得烧烤还是比较有意思的。
0,"硬件和软件都一般.打出请勿打扰的提示,还有服务员早晨来敲门.枕头和床都不舒服.下次不会再订"
1,地理位置不错，在市中心繁华地段，去天津街、清泥洼都很方便，楼下不远就有有轨电车；我住的是个mini标间，但比想像中的要大，有17、8平吧；服务什么的也都挺好，觉得不好的一点，上网居然要收费，20元/天，不过我也时间上，希望以后可以免费；电视可以收到韩、日、美、港等台，但有些台不清晰
1,酒店地点确实比较偏，但是的士司机都还好找到，酒店门脸太小气，确实不太适合见客户；房间比我想象的要大很多，大概10多个平方吧，浴室、洗手间很干净，配套设施也比较好，而且有免费宽带上网，速度不错，方便商务人士办公。我定的大床房，特价159/天，睡起来也宽敞，但是房间灯光感觉不够明亮，电视节目也比较少，房间隔音是个问题，晚上还好点，早上服务员送早餐和收拾房间的时候，就象火车开过一样，扰人清梦呀！整体来说，考虑到这个价格，还算比较可以的。
0,感觉一般，如果是来旅游的话，离闹市区比较远，有点不便。是地板而不是我所喜欢的地毯，宽带要另外收费不爽，不过有数字电视算是弥补一下了。客房很简单，家具有点小，感觉不够大气，最好笑的是卫生间竟然没有插座。。。。靠马路的房间很吵，虽然有双层窗，但还是不够安静。补充点评2007年5月4日：上面的点评是点评别的宾馆的，搞错了~~~~~~~~~补充一下：地点是在闹市区，去逛街很方便，房间除了是地板，其他还过的去，宽带要收费不爽，早餐一般，不过鱼丸味道还可以
0,"有没有搞错,我的点评为什么不登出来.你们网站只维护酒店的利益就不管客户的感受吗?我现在还感冒着呢!这是什么世道....补充点评2008年3月13日：对这家酒店的服务我只有两个形容,太差.服务员的素质:一分.暖气小到我感冒到现在还没有好.宾馆反馈2008年5月20日：您在入住酒店期间有不愉快的经历，我们非常抱歉。我们会努力改正您提出的意见，加强员工的教育，真诚希望您的再次光临！"
1,作为服务公寓还不错。临街是有点吵，不过住的层高点，没什么影响。地方不好找。好多司机不认识
0,这是我有生以来住过的最差的酒店，竟然早上六点多会有个疯女人来砸门，而酒店的保安无动于衷，我去投诉竟然说是敲错了门。酒店的监控形同虚设，以后绝不会再住了。服务质量绝对需要提高，不配挂准四星的牌。
1,个人觉得，东城可以说是东莞最好最方便的酒店。经常出差，入住同一个酒店次数多了就会腻，而东城入住了十多次都还没腻，还是很满意。
1,订的是豪华大床房，到那里后豪华房已经没有了，免费升级到行政大床房。过程中服务的态度还好，就是手续有点繁复，行政房需要到22层checkin除了行政房上网free，其他房间上网需要40元/小时80元/一天，免费升级到行政房上网也需要付费。之前住过豪华双人房，感觉和行政大床房没有太大差别，房间大小和装修差不多。这家宾馆最舒服的一点就是浴室比一般宾馆大。总体来说，住过这家宾馆两次，装修和房间大小包括浴室在内，在上海四星级宾馆里来说还算不错的。
1,住了3天，地点不错，环境也很舒适，价格合理，还有早餐，虽然不丰盛，但比没有强，旁边就有超市，对面快餐饭店还比较多，对面网吧配置一般，人多有时还找不到位置。下次去还住这！
1,酒店设施很新，细节问题处理非常好！服务人员的态度非常好，很喜欢，已经多次入住，以后还会作为杭州出差的首选酒店！宾馆反馈2008年8月11日：非常感谢您对酒店的肯定和支持，您对我们的肯定是我们前进的最大动力，我们一定会再接再励努力为客人提供高品质的服务。忠心期盼您的再次光临。
1,位置挺好，标准间特宽敞，服务水平一般．若到星海广场玩一天并晚上观看剧场真人秀可选此店入住．
1,节日期间房价800多，贵了不少，宾馆地方很偏僻，要不是自己开车，我是不敢天黑以后到这里来住的，不过酒店服务相当不错，自助餐较丰盛，午餐98元／位。
0,"酒店太旧,不象4星,房间隔音太差,隔壁打了一晚麻将,太吵了"
1,这家酒店应该不错，在北京这种价格还算合理。
0,"帮同事订的酒店....反馈回来的信息说这个酒店实在是太差了,和招待所差不多!唐山的酒店性价比一点都不高啊."
1,每次去太原，都住这家酒店。。。就太原市的水平来看还是不错的；但是横向比较其他城市，这个价位的性价比，显然不足。
1,不错。交通十分方便，房间较宽敞，特别是卫生间，中心房没窗户，但并没有明显的不通气的感觉。我住的那天有许多貌似中东来的客人，不知平时是否也是这样。
1,离西湖很近门童不错比较安静交通便利
0,非常一般的酒店，服务台上挂的特色宾馆牌子一点不能得到体现，服务态度也冷淡。环境也相当一般，完全么有传说中养眼的出现，不值
1,我是12月20几号在珠江花园酒店住了几天，感觉还不错，出门就可以到海边，不过下午饿了，酒店没有什么吃的，出去外面也都还没有营业，感觉挺不舒服的，但是此酒店在来看来还是蛮ok的，相对这个时间，价格还不错，也像前面说的房间不够大，尤其是阳台太小。不过下次我应该还会考虑入住这间酒店。补充点评2008年1月1日：不知道为什么我给的4分，跳成5分了，补充一点，这间酒店我只评4分。
1,8月24日入住，25日离开的。订的小套房，才210，很划算。房间很干净，很大。还有个凉台。感觉真好。下次还来。晚上外边虫子很多，害怕虫子的朋友建议就在房间里呆着吧:)
1,不知为何，成都的凯宾斯基饭店确实不能够与其他凯宾斯基饭店相提并论，硬件倒说不出有什么不妥，但软件却不敢恭维。checkin的时候，信用卡被他们告知有问题，居然是余额不足（这是绝对不可能发生的，应该是饭店的网络出了问题），好不容易在银行工作人员的协助下解决了。Checkout的时候，居然说我用了小吧台的物品，查来查去，又被告知是前一位客人使用的，记在我名下。所以，建议朋友们，如果对服务要求比较高，可能不是最佳选择。另外，这个酒店无论哪个房间，都比较吵。
1,很不错的酒店，在海宁皮革城对面，遗憾的是到酒店很晚了，没有去逛。早餐也不错，去的时候正好赶到FIBA在海宁打球，看到不少球员。
0,房间还可以，不脏；热水放了30分钟后才有点热，洗的不爽；早餐就凑合者吃吧，有就不错了；补充点评2008年3月21日：还不可以刷卡
1,总体服务不错，高级房装修还可以，隔音太差，空调声音吵。但总体尚可
1,房间很干净，设施很新，应该是义乌最好的酒店。宾馆反馈2008年4月14日：给您创造一个洁净的居住环境是我们的职责，愿酒店中的每一次都给您留下美好的记忆，谢谢您！
1,早餐食物相当一般，跟其服务水准不相符，希望进一步改进。
1,1-酒店地处偏僻，离海边很近（走路2分钟），且海水比北戴河和南戴河要干净，但是海边没有什么娱乐设施。2-我们是8月22日入住酒店的豪华间，房间室内设施一般较陈旧，因为楼层不高，阳台上会发现有蚂蚱一类的小生灵。卫生间的设施还不错。3-酒店的服务很好，有问必答，有求必应，而且员工们无论是哪一个岗位都很热情。饭菜也很不错，只是当天入住时海鲜的种类很少，但味道很可口也很精致。比起大排档来说要吃的舒服。4-周边没有什么超市和商铺，很清静，30元一位的卡拉OK，即便4个人也可以给你提供一间大的功能厅，超爽，只是音效略差一些。5-总体来说这个酒店从性价比上来讲是非常不错的了。
0,酒店真的不怎么样，不知道怎么评上四星的。房间又小又旧，早餐也没什么吃的，服务也不好，而且会有骚扰电话
0,这家酒店的网络简直太差了，耽误了很多工作，换了几个房间，永远发不出邮件，打不开网页。
0,本来想订的不是这家。找酒店时看到这家每条点评都有回馈，觉得服务不错，就订了。但是对于我们自驾又不熟悉苏州的人来说，这个酒店不太好找，我们花了一个多小时打了几次电话才找到。到的时候在下雨，服务生主动拿了2把伞出来接，给我们的第一印象不错。进了房间，才发现房间小的惊人！连衣橱+卫生间+走廊都不知道有没有携程上说的20平方，象我这等还尚算苗条的人转个身都会碰到点东西，可想而知房间小成啥样。房间虽然按我们的要求给了比较安静的，但是窗外就是美食街小饭店的后门，其脏乱差尽收眼底，难怪我母亲怎么也不愿意在那条街吃饭。电视机很小，频道很少，才10几个。有凤凰卫视却没有国内的有线，几乎没啥选择。房间的布置和用品确实还不错，也就这些值这点房价吧。但是第二天却发生让人不愉快的事。我们8点多去餐厅吃早餐，当时连我们一家在内也就7-8个人，早餐的品种本来就不多，倒有5、6个是空的，除了面包、馒头其它的几乎都没了，请服务生加，没有太大反应，很久才加1-2个，继续保持一半品种没有的状况。开始以为是厨房来不及，后来看到倒光的牛奶和橙汁，拿去厨房，拿回来只加了1/4的量，大概只够倒3-4杯的，就觉得这个酒店有点小家子气，因为当时已经有10多人在用餐，而且时间只是他们承诺供应时间的一半！结帐时，检查房间的阿姨跟总台说我们房间有条毛巾搞脏了，洗不掉，总台的意思就要我们赔，开价75。我们房间的毛巾确实在前一天带孩子去苏州乐园玩时掉在地上弄脏了，洗起来麻烦些但绝不是洗不掉。我就问是否已洗过确定洗不掉，回说是；又问，拿什么洗的，回说清水。真是不知道该气还是笑！问那个清洁阿姨为什么不用洗衣粉，居然理直气状地说洗衣房说的，又说洗衣房不在这里，所以没有任何洗涤用品！实在不想和这样脑筋不太清楚的人多说，直接请主管出来拿些厨房的洗洁精，她只随便选了一个脏的地方，加洗洁精搓搓，原来的白色就出来了。就是这样那个主管还说和正常的白色有色差，要报废了，又说洗衣房要加钱等等，看看时间已经耽误了半个多小时，一家人都在等，不想再和他们搞了，就说我们承担洗涤费，那主管居然开出30元的高价，大约等同于5星酒店水洗毛巾的价。想着离开，也不去计较价格了，谁知那主管居然用所谓大度的态度跟总台说，算了就让他们赔30块吧！实在听得人很撮火，一天的好心情就被破坏！看来现在价廉物美这个词是没什么用了。
1,"这么好的酒店,价格居然不高,感觉占便宜了似的.内部餐厅也不错,吃海鲜很好"
1,"此次入住感觉不错,销售部服务到位,大堂经理能理解客人的需要,做出相应的措施,下次还要入住...."
1,离火车站、长途汽车站很近，打车起价就到（五分钟内），楼下有24小时营业的麦当劳（点餐可免费送至房间），出大门往左便是平原商场，其对面是影剧院。
1,总的来说可以，总是再这里住，公司客人还算满意。就是离公司超近，上楼上班下楼回家
1,51还是选择了这里，因为贵的太贵，好的都定满了。在51小黄金288元的价格是属于便宜的，之前打电话去游记中有人写到的枫枫旅行社，一个私人开的小旅馆，要240元一晚，傻子都会选择星级宾馆。坐的K197，凌晨三点多出站，宾馆方已经派人来接。凌晨到宾馆，服务小姐很亲切，因为没有空房了，所以让我们在商务中心内上网休息。6点进房，看了一下，床单啦什么的蛮干净。我做好准备，已经带了睡袋。门口的保安很亲切，但是在走的时候，咨询他打的去火车站大概多少钱，估计他有私心了，说要四十。后来再问了前台小姐，说30元不到，并说如果不急可以在路口等5路车，3块一个人。所以评价下来，前台小姐是非常不错的。在那里用过一次晚餐，四个人，吃了80元。评价一下，菜色一般，量还可以蛮多。强烈建议千万别吃他们的糖醋排骨，那真的是骨头，没有一丁点的肉肉。服务员有点糨糊，我们点的酸辣土豆丝中份，上的是小份，价格算的是中份。我问了一下，马上少算4块钱，钱是小事，他们看起来很傻，但他们有点戆进不戆出。没有网上说的什么死不认账。免费的早餐也就那么回事，每天都基本一样，请一直住五星级宾馆的人不要拿五星的标准比啦，新鲜能吃饱就行。头一晚睡房间，觉得房间有股刚装修的味道，感觉很闷，后几天就习惯了。
0,评价说得花好稻好，也就是一个偏僻的小酒店，酒店规模十分小，房间勉强可以，但是窗口对面不到5米就是破旧的居民楼，这个性价比好像也太差了些。几乎付了5星级豪华酒店的价格（定的是商务套房），实在性价比不高。宾馆反馈2008年6月3日：尊敬的客人，感谢您对星逸酒店提出的宝贵意见。星逸酒店是国家旅游局核定的四星精品商务酒店。我们希望通过最优质的服务让您再次体验到细致入微、彰显尊贵的感受。
1,非常好的酒店，四星的标准完全超值的享受，服务非常好
0,1.房间内有很大的气味（可能是墙纸胶的味道），简直无法入睡！2.晚上窗外路上有拖拉机来来往往，若开窗则声音扰人。3.早餐品种少，一般。4.酒店入住停车还要另收停车费，而且车就停在门前的路边，与别处的酒店不同，郁闷！5.房价350在平顶山属于特别高的，该酒店签约价低于300元，看来携程的价格也不底。宾馆反馈2008年2月29日：尊敬的顾客您好：针对您以上对我们酒店提出的意见我酒店已做出了相应的改善：1、我酒店房间于2月10日前全部进行了空气治理，去除异味；2、停车收费只针对过夜车辆；3、早餐品种已做出调整；4、其它问题我们更期待您能到我们酒店亲身体验。非常感谢您对我们酒店的关心支持！并希望您能一如既往的支持我们！
1,"酒店环境还可以,相对在这片来说,大门面对校园内,非常幽静,晚间还可以散散步.吃饭也倒方便.室内陈设也还不错,但房间较小,不太通风."
1,"客房设施还是挺不错的，环境不错,服务也不错，就是早餐太烂;配套设施挺好的就是太偏了,交通不便，总觉得有点欠缺。"
1,总的来讲还是不错的，但相对五星级标准房间过小了，服务还算可以，周边的环境一般，只是对于城市人来说还是比较新鲜的。
1,沈阳市政府的酒店，比较大气，交通便利，出门往左就是北陵公园，环境好。
0,"本来在定单上清楚注明要有电脑可上网的套房,结果入住时酒说没有一间套房但是不能上网.之后给调到了普通套房,感觉很差劲.房间卫生很差,竟然没有换床品,,有黑印和黄斑,服务员解释说换了是洗不掉,简直让人难以理解.毛巾也黑乎乎的,一直没敢用,厕所有很浓的味道."
1,"交通方便,靠近地铁站.我住的是单人间,房间内还套了个客厅,装修很新,对比其房价还是很实惠的.早餐品种较少,不过对于经济型酒店也就如此了."
0,太差了还算国际连锁弄的跟街边店一样的电视没遥控器热水器冷水热水标致相反的害的我开了很久也没出热水房间被子看上去很恶心总之这种饭店呆一次就不会再去了。
1,不错的酒店，要求延迟退房，第一次同意延到下午1:00，第二次电话，延到了下午2:00。缺点：房间隔音不好，能听到隔壁房间电视、衣架的声音，和人声
1,因为要去芭洲会展中心，就定了这个酒店，感觉设施比较新，服务挺周到。唯一遗憾的是早餐的时候，有个烤面包机，面包在机器传动带上移动着烤，最后会掉在桌面上，虽然酒店放置了一张纸垫在下面，但总觉得不是太妥当，改进一下会更好。
0,"已经入住了很多次尼盛万丽酒店，但是感觉服务一次比一次差！作为一个国际连锁的品牌酒店，居然退房的时候要查房,感觉对客户没有一点信任！"
1,"环境相当好,很适合到那里渡假,软硬件设施都不错,我住的是小套房,房假也合理,就是早餐跟其它四星比差了点,下次到厦门还回继续住那里"
0,"酒店噪音太利害,几乎没有隔音设施不符合环保要求.且酒店的负责人态度恶劣不以客人利益考虑.一方地头蛇架不符星级标准."
0,优点：位置佳，房间大，网速快缺点：不太清洁(卫生间及餐厅地上均发现小强)，整理房间方面有些疏忽(沐浴液用光没补充、热水壶内的水已有一段时间无清理)，外面比较嘈杂但房间隔音差，离开办生续时用了20分钟。
1,"房间不错,设施也过得去,感觉走廊的装修挺有特色,服务态度也不错."
1,酒店的地段好，我们去周围的商务机构办事非常方便；楼下就是置地广场，有LV、gucci...一串高中档的专卖店，附近还有一家反斗星玩具店（小朋友多高兴呀）；房间装修有特色，浴室也很宽敞，服务质量较好，不少服务员能听普通话，但也有不少只讲英文的．缺点：不知什么原因，我们带去的两台笔记本都无法上网，还好酒店提供免费使用的笔记本，没有耽误事；中午酒店附近的街上十分拥挤，最好别出门；早餐品种较少；因高楼林立，大大的窗子只能经常拉着窗帘（窗子好象是封死的）。
1,地理位置不错。但好像人气不太旺。不过下次也会考虑住这的。
1,酒店周边环境比较乱，哈尔滨很多酒店都有这个问题。但酒店内部环境还行，性价比不错，离商业中心和火车站都很近，而且酒店主动给携程客人免费升级入住，这一点感觉很好。服务人员也热情周到，下次还会入住此酒店。
1,大概初六、初七的时候入住，酒店大堂很漂亮，预定的高级间，中午到酒店直接入住，房间干净整洁，床很小一大一小睡一张很不舒服，但入住第二天有水果赠送
1,不错。就是商品部的东西太少了。不错。就是商品部的东西太少了。
0,"也许黄金海岸有自己的酒店评级机构,给此中心评了个""四星"",不然不好意思收四五百的房租啊!也就二星的标准,大堂里蚊子那叫一个多...卫生间和浴室的门都关不上,的用手扶着!电话不响,得用自己的手机.毛巾不知是哪年的了，估计本世纪初的产品。装修用的是最低档的地砖和大理石...另外，当地民风极差，无论你在酒店里，海滩上，外面餐馆，只要你出手消费，必定挨宰！下次宁愿远赴青岛威海，也不来黄金海岸，南戴河了。海水的品质，也如当地酒店和民风，差！"
1,满意服务超出预料的好男友之前住过说看到评价服务可比香格里拉哈哈哈房间整洁连茶叶都放着四种不同口味的贴心细心下回来济南首选哟啦啦啦
1,酒店新装修，房间硬件设施还是不错的。但是，餐厅实在太差，上菜非常慢，价格奇贵，且质量差。86元2小片的香煎银鳕鱼居然是臭的，叫来餐厅经理，品尝了半天不吭声，最后竟然然颠倒黑白地说不臭，实在不能容忍。
0,9月23日的值班经理（女的）很牛啊！我当天由于航班原因早晨3点57分到的酒店，我订的是8点岛（携程最早的到达时间）在服务员的允许下进入酒店房间，当时并未提出要加收费用，收了我500押金。中午值班经理（女的）却突然打电话到我房间，说我必须再交一天的费用，我据理力争，对她说你们的服务员应该有告知义务，如果你事先说好，我同意，你收多少多不算多！她竟然说和你讲不清楚，挂了我电话。后又让当天的服务员打电话到我房间，后在我的质问下他也承认了是他的错误，并愿承担我的损失。我当即和值班经理联系，但她竟然说，这是我处理的和他没关系，你一定要付。我当即提出退房（当时9点），她竟然说你现在退我也要收你一天半的房钱。并说这是酒店规定，我说你拿出来给我看，她竟然回答我这是保密的。我下楼退了房间，我要她的名字，并告知她，我要投诉你的，她竟然说我没有必要告诉你我的名字，我是经理！牛啊。这样的服务态度竟然还是管理人员，可想而知她管理的人员将以什么样的态度去为客户服务！补充点评2006年10月4日：这个酒店真得没办法用语言来形容了。还是希望各位管好自己的钱包，免得被收了钱还不知道怎么回事！各位最好的办法就是不要去住，否则你就不知道到底为了什么付的钱！请多多转告！
1,"很好的酒店,很规范植得一住.餐厅一般不应该的,不知道为什么.宾馆反馈2008年4月17日：餐厅现已重新装修，用餐环境较以前要好的多。谢谢您的宝贵意见！"
1,感觉很好，客房管家的留言很温馨，下次到石家庄的话，还会选择这里宾馆反馈2008年8月4日：感谢您对国宾大酒店的认可。我们期待您的再次光临！祝工作生活一切顺利！
1,"刚从无锡回来,住了该酒店二号楼328YUAN的,总体感觉如下;房间干净,配制齐全还有液镜电脑;饭菜可口且不是很贵;最值得称赞的是服务水准,老公粗心大意把手机掉了,工作人员捡后马上送回,赞了!饭店的员工几乎都是笑脸相迎,很难得,单从这点就间接提升了入住该饭店的理由!"
1,地理位置距离通常的客运码头比较远，要横穿小岛，预计30-40分钟，酒店处于岛的另一面很安静，游客不多，适合疗养，门前就有一个小码头，但每小时一般。
1,这次住的是B座，价格同A座比起来也不算太贵，但是卫生条件，房间设施都很好。而且被子是我睡过的最舒服的
1,酒店房间较旧，一进门有股味道，墙上也显得较脏。窗户没有纱窗，酒店服务员提醒不要开窗，因为会有蚊子。早餐可在流花厅用餐，但是是粤式早茶型，但是人比较多，多是旅行社团组用餐，所以候时较长。本酒店和旅行社签有协议，我们办理入住的时候，正好赶上2个旅行团到达办理入住，前台人员一片忙乱。也影响了我们的及时入住。酒店的外部环境还可以，早上可漫步在园内。
1,携程的房价偏贵了，而且房间偏小了。其他，酒店应该是现在南通最好的了吧
1,去年出差时就住过中州，当时带客户去的，感觉不错。所以今年出差又选这家了。
0,"我只想说,以后我睡马路也不会住这里了.一进房间一股臭味.但飞机晚上12点才到北京,赶到酒店快1点了,也实在没办法,只好住下.由于我还没吃晚饭,问前台说是有24小时送餐,可是那个送餐电话是永远打不通的.另外,房间竟然没有宽带,告诉我如果要上网明早去商务中心.我晕啊.....都啥年代了啊.反正住进这个酒店就好像回到了80年代,一切都烂,位置还差,胡同里面车子不给进,我拖着大包小包自己走进去的!关键还脏!!!真是不知道携程为何要推荐这家酒店给我"
1,"很有温馨感,价格也不错.行政房的服务好,酒店管理有水准."
0,酒店的设施太差了，估计连1星级都没有，房间空调都不开的，简直就是一塌糊涂。建议大家不要去预订该酒店
1,一如既往的支持，不错的酒店，服务上再上去一点就好了。宾馆反馈2008年7月31日：谢谢您长期以来对我酒店的关心和支持，我酒店即将申报四星级酒店，我们在硬件的改造的同时，软件服务上也加强和提升，争取让每一位宾客都满意。我酒店按五星级标准装修的24-26楼高层观景客房即将竣工，期待您的光临！！
1,酒店设施齐全，服务周到离海边很近，适合晚上出去散步
1,"去之前看过点评,好象满差的，但似乎哈尔滨的5星级都满差的，于是只好选了它实际去住觉得还好印象最深的就是电梯特别特别地慢地理环境不错,出去有很多能逛的地方"
1,周末出游订了这里的行政房，卧室和客厅有隔墙分开很雅致，室内的装潢以玫瑰红和黑色为主，感觉像是蜜月房，另有台式电脑。唯一不理想的是卫生间和卧室仅用玻璃分开，私密性不足。总体感觉很好，很喜欢里面的大浴缸。
1,"海景花园是我所有住过的５星酒店中服务最好的一家，另外他们的粤式餐厅非常地道，并且价格合理，如果去青岛还会再选它。Fantastic5starhotel,goodlocationandenvironment,withbestserviceandverynicestaff,stronglyrecommend.TheCantoneserestaurantisoneofthebest,worthtotry!!!补充点评2008年7月29日：&#32431;&#20013;&#26041;&#31649;&#29702;&#65292;&#38750;&#24120;&#26834;&#65281;"
1,非常不错的酒店交通方便只是服务有待改进
1,楼层结果是按酒店功能设计的。我遇到的服务都挺好，感到是经过标准培训的；可能改进了。房间不错，很干净；进门后感到不排斥、愿意睡在这里。房间配有沙发、不间断电源插座、自贡的简图。这对第一次来自贡的旅客挺有帮助。电视频道中有HBO。
1,酒店地点很好，海景房窗外的景色也很美。可以看到栈桥和小青岛，隔海就是沙滩。服务很体贴，很喜欢楼层的小零食吧。房间设置也很周到。虽然不大，但是个很好的度假酒店。美中不足，隔音设施不太好，遇到夜间大吵大闹的邻居，就比较惨了。
0,"1:信用卡的机子建议更换,其他地方都可以使用,到了那里就失效了...2:由于很晚到达酒店,被安排在了一楼。卫生间的淋浴头与管子脱列,等进去洗澡才发现,修理速度极慢,后又被调戏了一把(同意更换房间,等到达前台,又说从其他房间拆个淋浴头下来,还是回到了最初的房间,真是够累的)3:浴室的排水问题还是没有解决,真的是水漫金山寺了4:虽然写的是大床,实际床不是很大,一般..."
1,酒店还可以，就是性价比不高，要是便宜点就好了。
0,特价房环境非常不好，只有一扇非常小的气窗通向宾馆过道，有点象住在地下室的感觉。房间下水道还往上翻难闻的臭气。请慎重选择此宾馆。
1,特别喜欢游泳池和健身的地方，交通方便离琶洲展馆比较近，离天河城也近，早餐挺不错的，但他们酒店的其他东西我没有吃过，就不做评论了，总体感觉还是满意的，下次出差还会去住。
1,1.地理位置不错2.早餐中等偏上3.网速一般在长春还算物有所值
0,为什么把一个小房间留给携程网预定的，服务员态度不怎么样。
0,房间靠近马路，太吵了，一晚上听车子声音听到天亮，早上Checkout速度比较慢
0,"住了不少的酒店,一般过的去就不点评,这次实在是忍不住了,不少问题要反映下:1.地理位置地标不明显,司机找了半天,这个就不多说了2.到酒店门口,礼宾部人在旁边都不帮忙拿行李,(行!自己拿.)3.checkin搞了20分钟,有始以来最长的一次,(有点窝火了)4.客房走廊有异味,应该不是新装修的吧.房间里面也是一股味道,这点实在受不了.5.酒店工作人员看我,象见了鬼,各个底个头,招呼都不打.要不就是视而不见,更有看到礼宾的人员翘个脚在酒店的公用电话打电话.(无语)虽然不是星级酒店,设备差可以忍,但酒店管理和serves跟不上,就没有竞争力.下次到北京住如家也再不住这个宾馆了."
1,"酒店离火车站不远,打的只要8元。就在金山寺边上，人工湖还和风景区相通，可惜没找到入口，否则省了50元门票，岂不快哉！宾馆环境优美，大堂和5星级有得一拼，到那边中午12点就能入住了。248元的房价，房间在5楼，窗外绿树环绕。设施陈旧了点，也还干净。电视机太差，凤凰台看不清。晚饭在餐厅解决的，味道不错，价格公道，服务员态度很好。第二天早上自助餐品种十几样，特色锅盖面（酱油汤面）现场制作。鸡蛋在7:40分就说没有了，但是服务员还从厨房偷偷拿出来自己吃，领班随便在自助区泡豆浆喝。拜托，当客人真空啊。有待完善之处，总体上感觉值得推荐。"
0,"1.收了包天的10元话费,却打不出电话;2.装牙刷的盒子是一个空盒子3.不提供购物袋"
0,"先说说硬件设施。我住的是480元的经济套房，预订时我注明要无烟房。入住1109房间时，让我重新认识了什么叫套房，房间很暗很小，家具很旧，地毯很脏。特别是房间里的烟味非常刺鼻，难以忍受，立刻要求前台帮我换房间。但服务人员说要先到房间里来确认一下，好吧，我等。服务员来了，站在门口说“是有味道，但我觉得是木头的味道。”呵呵，不进屋就能闻到怪味，可想而知这味有多大！既不是新装修，用的也不是特殊木料，哪来的木头味道？我坚持换房间。于是换到同房型的409，没有味道了，OK。服务员带我看好房间，顺便帮我放好行李后，我就出门了。是服务员帮我关的门。晚上回来时，发现门打不开了！卡是对的，锁是打开了，但门就是推不开，无奈，踹了一脚总算开了。进了门，又犯愁了，门关不上！仔细看了才明白是与门框太紧了，于是又踹上。第2天早上又费了九牛二虎之力才开了门。卫生间也是很旧，毛巾很旧都发灰色了。一开洗脸盆的冷水龙头，就会发出发动机一般的巨响，吓得立刻关掉。在说说服务，我是一人入住，却给了2张早餐券。早餐是到10点结束，但9点时已经很多种类没有了。品种也很少。餐桌上放的是一双筷子和一个调羹，没有刀叉，很不方便。退房时顺便把剩下的那张餐券还给了前台，正好大堂经理过来询问入住情况，我就说按入住人数给餐券就可以了呀。大堂经理很委屈地说“您住的是大床房，我们都给2张券。这是我们的服务”。一下子还反应不过来，但联系到房间里那台莫名的收费成人节目后，恍然大悟。可惜我是来出差的，不是来娱乐的。补充点评2008年8月3日：只能说服务人员的热情是可以打高分的，但服务水平很一般，房间的设施实在太差。房间里居然没有小冰箱，提供的不是瓶装水，是大的桶装水，不是很敢喝。我是看了诸位的评价后才下定决心订这酒店的，但太失望了，很怀疑这些高分是怎么评出来的。宾馆反馈2008年8月13日：尊敬的先生：（请允许我们这样称呼您，因您入住时的姓名与宾客意见反馈姓名不一致）。非常感谢您的留言及对酒店提出的宝贵意见。对于您所指出的关于本酒店的各类硬件问题,酒店方已有计划将于年底对客房及相关设施进行装修；同时对于酒店服务方面等出现的问题,已引起酒店高层的高度关注,酒店方将对于此事进行彻底调查,并对相关员工做出相应处理,同时酒店方会对员工进行各方面的培训,加强服务意识,提高服务品质；希望下次有机会为您提供更优质的服务。我们已把您的信息存入客史资料，下次入住时我们会提供个性化服务。最后,再次感谢您对本酒店提出的各种建议，以便于我们更好的为客人服务，提高总体服务品质。"
1,10月17日入住，总体感觉可以，离景区较远，正好可以从西塘政治中心一路走到老镇，感受岁月变化，也算与时俱进。如果热，服务员可以提供电扇，还是美的牌哦！
0,"这样的酒店一般,前台服务员善意提醒预定房间有些吵(靠近高架),因为只有这样的房间才有收费的宽带,查看房间后感觉还可以,可服务员就不能等待10min再下楼登记,而是要求必须马上登记,好像担心我们会偷他们的东西似的."
1,总体来说还可以，门口的车不是很多，但是金门路上车很多，游5等都可以直接到火车站，离寒山寺留园虎丘定园都很近！
1,很新的也很好的，拥有豪华的设备设施，气派非凡，住着舒服，完全的超５星的！！
0,汽车站下来后碰到了几个酒店拉客的，喋喋不休，于是通过携程预订了这个酒店。曲阜不大，酒店在曲阜城的北关，从车站过去大概1公里左右，后来坐一个三轮车过去的。4快钱比想象中的要便宜。酒店就是80年代的镇里面的招待所的感觉，大厅黑压压的，过道中N多垃圾，没人打扫，房间里地毯黑乎乎的，房间又小。马桶里也黑乎乎的。。。。另外问前台服务员有没有曲阜直达上海大巴，均被告知不知道。结果只好预订了济南回上海的飞机，第2天早上去车站坐车去济南的时候，顺便问了下售票员说曲阜到上海的大巴有好几班，特别是下午1～3点间有好多济宁等地去上海的过路车经过的。。。但机票已经预订好了，只好返回济南再坐飞机回去的。在离酒店100多米的地方有个曲阜国际青年旅舍，看起来不错，应该挺干净的，家庭房价格也就120块，比裕隆便宜，建议下次大家去这儿住。补充点评2008年5月2日：哪儿有水果送？？？估计今年改了。
0,简单的说:1、酒店设施确如携程所说，是新装修的，可以说是嘉峪关市比较好的酒店，位置也很好，在市中心；2、服务太差。一是所有房间都上不了网，这和携程网上的说明不一致；二是因为房间全部是东西向的，我们住西边的房间，虽然是六月份，但到晚上依然很热。就要求服务员开空调，结果服务员先说空调在维修，我们因为实在热的不行，就提出要退房。结果他们又说空调好了。结果开了不到2小时，我们又被热醒了，原来服务员又把空调关了。而且，由于空调主机就放在楼顶，一开空调，顶层的噪声也特别大，折腾了我们一夜没睡好，第二天我们就赶紧退房搬到了对面的一家商务酒店，价格差不多，很不错。强烈建议其他旅友要注意
1,不错的酒店!房间较大并舒适!因为是住21层很安静!1楼餐厅菜肴价廉物美就是品种很少!是桐乡很好的酒店!
0,我是今年三月在这家酒店入住的，没想到被骗了，我睡到半夜的时候房间的空调就“嗒嗒“。。。地响个不停，象拖拉机一样。当我打电话去前台的时候，服务员说你描述一下怎么个响法，我只有把电话拿到空调旁边让他听，谁知道他说你等等吧，我让电工过去给你看看修修就好了（老大，当时零晨4点啊，晕死），然后早餐时我见过最烂的早餐，连街边的地摊都不如，下次大家千万不要入住，切忌切忌。宾馆反馈2008年4月23日：首先感谢您对本酒店提出的宝贵意见，关于空调噪音只是个别现象，对于我们服务不周之处还请谅解；另外关于您对我们西餐的意见，我们将对西餐厅进行装修整改，全面丰富西餐菜式，相信下次入住一定可以让您满意，期待您的再次光临。
0,如果你在考虑住这家酒店、那你就似乎在开始一个错误的选择！房间卫生较差、睡床就象睡在钢咝上一样、杂乱的环境！早攴差的无法描述、、看起很不卫生。印象很深的是一个农民工样的中年男子穿着普通便装在小小的攴厅中穿来走去！个人卫生不愿多讲、对每一个进来的人问你吃早攴吗？所有的人都不知所措、、、、、、恐怕都在想；我吃不吃早攴关你什么事？然后他就大声的说：早攴票！！！
1,非常不错的酒店已经多次入住
0,"服务态度实在是太差了,尤其是楼层的服务员,全是大婶,态度非常的恶劣!洗手间一洗澡全是水,洗脸盆的流水速度真的是慢的考验人的耐心.这个酒店整体而已比较差.服务和设施都不值那个价钱.晚上火车很吵.宾馆反馈2006年12月13日：非常感谢您对我们的直言批评，酒店方对您的意见非常重视，并专门就您所提出的意见召开了一次现场会议，并决定酒店即日起将开始进行一次全面的服务意识的全员培训。关于洗手间排水地漏的改造工作也同时展开，另外酒店的隔音改造工程也将同步完成。对于酒店给您的入住带来的不快，酒店表示再次的道歉。我们将进一步地加快产品完善，切实提高服务质量。希望您能再次光临我们酒店。"
1,11月底刚住过。这家酒店规模太小，楼小只有8层，像个不起眼的小酒店。我的房费是988元，这个钱数可以住其他更气派的酒店了。下次不住这儿了。
0,"总台服务员从我来到走,一直没笑过,很酷!宽带慢的让我想起""猫""的时代!中央空调的声音轰隆隆,热闹!要总台安排第2天一早车去机场,满口答应,退房时没人和我落实,我看着酷酷的成都MM,没问,还是自己拉着箱子走到100米外的路口打车!"
0,设施是很一般，但是服务人员的态度不敢恭维的。早饭很差，一大群服务员乱哄哄围在一起，就是没有一个人理你
0,"10月25日入住单人大床间一晚,感觉较差:1.晚上22:30左右入住,前台接待很冷淡,无笑容,感觉不亲切;2.最可怕的是冲澡3分钟后淋浴龙头停水,2分钟以后浴缸龙头也完全停水.没办法浴室内打电话给大堂,说派人上来看一下,这时发现房间内未配浴袍.后大堂副理上来,告诉也有其它房间有类似情况,因最近酒店附近管理维修.只是建议给换房间"
1,"卫生间蛮宽敞，有淋浴房，也有浴缸，是分开的。就是晚上到的时候，听到一帮子人在西餐厅吼卡拉ok,实在是太不雅了,也太扫兴了。"
1,"酒店的外部环境很好,绿树成荫,楼与楼之间有点远,不过这才是别墅的特色,去餐厅有一点点远(我们住5号楼),大概要步行7,8分钟,但是很有散步的乐趣,餐厅的菜不错,价格也可以,红烧肉很好吃(38元一份),土鸡一般.早餐15元也算比较值了,蒸饺和炒面味道都不错.房间有点旧,不过作为三星也算是正常了,套房就是有个厅,但是床是小床,不是很喜欢还有现在搞活动所谓用餐消费满100送30元抵用券,实在不过是个噱头,有非常多的限制,满心欢喜以为可以抵一些房费或者早餐,但最终均被告知不可以,只可以租用网球场,乒乓室什么的,因没有使用,所以不知道真去换的时候是否又有别的限制.总之来说还是去佘山值得入住的酒店."
0,位置尚可，离孔府孔庙很近，可以步行过去。环境太差，服务员素质很差，房间连衣架都没有。价格没有吸引力，比相距20米的国际青年旅舍差的太远，那里不仅价格便宜，而且卫生整洁，可以结认一些自助游的同行人，还可以自助洗衣。建议携程取消对该酒店的合作，影响携程的声誉。
1,对面就是世帆赛基地，蓝天白天帆船，感觉非常棒。交通很方便。房间还不错，宽带速度很快，就是卫生间小了点。服务还有待加强，入住的时候居然还把我和其他预订的客人搞错。早餐还可以，就是要走到旁边的俱乐部用餐，不太方便。
0,岱宗这个三星领教一次就够了，是这样的，这种酒店应该马上从携程的合作客户中去掉，携程应该给我们最好的推荐，而不是这种所谓的三星，简直是比招待所还不如，让我们不敢相信携程的推荐是很不值得的事情。
1,服务态度真好，让人觉得舒服。退房时被告知有件衣服忘在房间，我想回去拿，但他们坚持让服务员去帮我拿过来。进进出出酒店的人都会对你微笑，会弯腰点头打招呼。周边的环境我本人很喜欢，小城镇的感觉。就是有几点不足，一是楼层太低，好像只有4层，我们住一楼，感觉很奇怪。二是房间的隔音不好，老是听到窗户外面的人说话。别的酒店一般都有的士在前面等着，但是这里要走到外面去打车。
0,本人一家大小是6月7日入住、8日Out，对淋浴间很不满意全玻璃、人在里面所做的动作清楚看到，洗完澡还要走出外面洗手台穿衣服，小孩已十多岁很尴尬，座厕位置狭小无比，最让人气愤一间标榜五星级的酒店，五星级的收费但所配置的产品品牌远远达不到标准（指的是洁具、龙头、五金）。特别提醒靠停车场那边房间的住客，去厕所记得拉好窗帘，别以为那是反光玻璃来的，你们在里面的美态真让人心跳！！！
0,除了便宜之外，基本再找不出其他什么优势，卫生间设施相当简陋，房间只有两个床头灯，没有宽带，偶尔能接收到附近居民家中的无线路由信号；所谓的双早是每个房间10块钱早餐券，仅有的几个品种均标有价格，连花生米都要卖到2块钱一碟，每个人超过5块钱后需现金支付。
1,房间很干净，条件比较好，上网速度很快，早餐很丰盛，但在徐州这个位置，价格偏高，要是在200以内就好了。
1,交通方便，房间比较干静宽敞，总体来讲还说得过去。
1,"在洛阳的酒店中还是不错的,餐厅也可以,服务也不错."
1,作为4星酒店装修虽较陈旧但还可以。客房各等设备齐全。交通以的士为主。到火车站7元，关城10元，还算方便。餐厅服务态度不错，我们回来晚了，餐厅就要下班了，但仍给我们炒了拨鱼子。仅14元的生意，等了我们半天。对前台的服务就不敢恭维，非常不喜欢使用信用卡的旅客。要求我交现金，并告知使用信用卡授权无法取消。被逼无奈，我拿出钱夹给她看，里面只有130多元。这位前台登记人员竞要求我给她100元现金，就没想想我要出去吃个宵夜，打个车咋办？在我的一再坚持下，才使用了信用卡授权。其实在使用授权，及后来的取消授权和结账都非常快捷，没有丝毫的麻烦。但就不明白她为什么不让我用信用卡。就为这点事情足足耽误了好几分钟。还一再让我们在预定房价的基础上加10元可以什么随便打电话，难道我们来嘉峪关旅游就是为了在酒店里煲电话粥吗？我没同意，我告诉他我希望按预定的价格，她说那就没房了，但我说如果你不给我安排，我会去携程投诉。一听这话房子又有了。
1,8月份在赛格尔住了几天，住过208元的商务间和238元的豪华单人间，感觉如下：优点：1、地理位置很好，走路至解放碑不到5分钟；2、服务较好，换房服务及时，可以延到下午2点退房；3、房间面积很大（在拐角的商务间面积相比要小些）。缺点：1、房间装修一般，木地板，虽然面积不小，但让人感觉装修品位很差；另外电视相比房间面积太小，躺在床上看电视看不清楚；2、总共有33层楼，却只有4部电梯，等电梯时间太长；3、酒店7楼餐厅饭菜种类较少，味道一般，还不提供送餐服务；4、卫生间很小，淋浴的喷头很差，洗澡不舒服；5、房间吧台小吃价格比其他酒店偏贵，洗衣费也偏贵（相比解放碑附近我住过的其他酒店）。总体来说这家酒店一般，不过从房价和地理位置综合考虑，我给它打3.5分。
1,酒店住过很多，唯有木棉花酒店的服务感觉最好，住了几次之后，前台就不需要证件和预授权了，每次checkin时，只要签字就好，很方便快捷，有时还像朋友一样聊上几句，感觉很好；房间比较干净、简洁；建议酒店方面去尝试一下绍兴开元名都酒店的超级舒服的床垫，正如广告说的“试一下，就知道是我想要的”。宾馆反馈2008年6月22日：非常感谢您对我们酒店服务的认可及支持，也感谢您给我们提供的宝贵信息，有你们的支持与共同关注，相信我们会做得越来越好的，同时也期待您的再一次光临，谢谢！
0,紧邻马路和高架，房间非常吵闹！严重影响休息。宾馆反馈2008年3月13日：您好，非常感谢您提出的宝贵意见，现在我酒店进行全面装修后，已安装了双面隔音玻璃，吵闹声已得到很大改善，期待你下一次入住银河大酒店！
1,在湛江应该算是比较好的酒店了，在霞山和赤坎中间开发区内。服务生的态度，大堂的环境都还不错，就是酒店外面的停车乱一点，应该好好管理一下。
0,这个酒店的设施虽然简单，但服务态度恶劣，一点都不尊重客人！我是5月21日通过携程网预定的房间，办理入住时我用信用卡交付押金，头几次收银人员告诉我密码错误，然后我就重新输入。最后他告诉我密码成功，也不知道为什么预授权了600.08元。但是，刚转身收到银行的短信，说我的帐户被冻结了两笔，分别是600元、600.08元。我让前台给我解释一下，结果那三个值班人员，把我支来支去，特别是那天19：00左右值班的收银人员，一个胖胖男子，戴眼镜，态度极其恶劣，不进行任何解释，我在向他反映情况时，他只顾和其他员工讲话，一点不尊重客人！后来经交涉，一个中年女子出面说，可以先给我退房，说留下电话第二天电话复我，让财务人员给我解释。可是，直到5月25日，一个回复的电话都没有！我打电话过去，又是推脱！知道现在还没解决。我会继续等他给我解释，一旦导致我帐户钱损失，我将采取法律措施。补充点评2008年5月25日：大家看看一下的这些留言和点评，可见这家酒店的服务态度差是公认的，并且不少和信用卡支付有关！！！
0,"这个酒店基本就是低价海南旅游团住的那种招待所吧，周围极度荒凉。距离三塔很近，但是在后/侧墙外，距离大门口还有一段距离大约五、六百米。房间不小但是还是用普通球锁＋自己拿钥匙，很久没见过号称四星级但是这样子的招待所了，出门一定要按下屋那的那边，否则你就会彻底大开门一整天了。另外，号称四星，但是结帐时候竟然不能提供消费详单（水单），而且从老总到客务部经理到前台服务员都坚决没听说过住宿酒店给开了发票还要提供水单的。服务业提议拿别的酒店的水单来看看，是否能帮忙打印一下，但是客务部经理说“我们有电脑也有打印机，但是绝对不能给你用来打印！”问道这是代表个人还是酒店时候，答案是代表酒店。――导致我随手摔上了电话――手柄裂开了！至于物品损坏的赔偿，也是随口报价，注：一个普通的市话话机“原价”200大元，而且另外出去买一个座位赔偿是不被允许的！更可笑的是你如果表示罚多了，马上以态度不好而数额加倍，并且“四百块钱少一分钱也别想离开”（一把手,老板的原话）。只好争取好态度，交钱也不要发票来争取到“原价”赔付。早饭有时候是自助，虽然东西不怎么样，但是十来种东西呢，吃饱没问题，但是住客少了就成了份儿饭了（号称桌餐），品种也只有两三样了。承诺和古城内的班车也没准儿，虽然因为是淡季，按照要求原先电话提前一小时联系了，但是还是在原地打了4次催促的电话，等了30分钟车才到（实际酒店到古城距离2km左右）。除了旅行社的低价团，建议大家就还是在古城内众多的酒店住下吧，价格一般是这里的一半，还可以方便地夜游古城。对了，你们谁见过房间不能上网的四星级标间吗？古城里面遍地是WLAN信号，我上网都是背着电脑去古城的。在携程网上投诉后，携程表示考虑下年是否还与这样的酒店签约了，还奖励500分。可惜时间、现金、心情的损失无法弥补。"
0,绝对能评上最差如家了！！1，第一间房：入住后发现网络不能用，找人维修后被告知线路坏了，让我自己重新整理行李下楼换房。2，第二间房：一开门就是一股异味，明显很久每人注了一股强烈的霉味！！我在走廊上找服务员根本没人理我，只能再次换房！我在前台提出意见根本就不理我！3，第三间房：发现“不间断电源”是没电的，但我实在不想再换房了。谁知道等我放好行李准备出门办事时发现房门居然是锁不上的，关门后只要稍微用力一推门就开了！天哪！这是什么酒店啊！！再次找人维修。我问维修的师傅这里哪间房是好的，我就换那间，但师傅给我的回答就是这个破酒店只是在原来的基础上稍微改了一下，他都不知道还有哪间房是好的。4，我入住的那天有下雨，走廊的地毯、卫生间什么的全都有渗水的现象，楼层通风不好导致一股霉味。5，我点了两菜一汤，一共花了一小时才上齐！
1,非常满意的一家宾馆，入住了五天让我感受不一样的服务。生日有礼，更要感谢中餐部的郑春妹女士，在得知本人身体不佳的情况下，特别送餐到客房很感动，下次到厦门一定还住在这里。谢谢了，谢谢你们的服务！
1,旧点比泉洲饭店好的多，泉洲只是样子好看，绣花枕头一个不信的自己去感受吧。而这个饭店就不一样了，门童热情。服务热情。感觉舒服，希望大家去感受一下就知道了
1,这家酒店感觉达不到五星，应该处在四星的水平。客房勉强还可以，但早餐做的不好，品种也少，跟同事住这里，基本上是吃了几口就走了。
1,酒店的地理位置确实不错，离南京东路和福州路都很近都只走几分钟路了，特别是上海书城就在不到一百米远，旁边还有浦发银行和民生银行，酒店服务不错，以后可能还会住了。就希望早餐好点！
1,宽带上网速度挺快，酒店一楼的烧烤不错。酒店整体性价比可以，去酒吧一条街打车10元
1,酒店的位置不错，附近都靠近购物中心和写字楼区。以前来大连一直都住，但感觉比较陈旧了。住的期间，酒店在进行装修，翻新和升级房间设备。好是好，希望到时房价别涨太多了。
1,"环境还是不错的,但是洗手间实在是太小了,而且也没有送雪碧或可乐,本来说通过携程订房是有送的,不知为什么没有送,早餐一般,68元不值这个价宾馆反馈2008年8月6日：感谢您选择并入住苏州人家,您提的宝贵意见,酒店管理层会及时采纳,并对工作中的遗漏事项加以分析整改,同时我们也期盼您的下次光临!"
1,"环境和地理位置很好,房间有点旧,浴室也比较简单,出门TAXI不方便.这次公务,要是去旅游还是住那里."
1,近日在该酒店住宿了二晚，总体感觉不错，值得推荐。我们是2个人，订的是二室一厅的房间，价格实惠、相互之间没有干扰，房间内也很整洁，24楼的餐厅供应的简餐也很好，港式风味、经济可口。下次去北京还会在那里住。
1,"经常去海口出差,但从没住过该酒店.看外表感觉一般吧其实酒店里面还真不错,房间是新装修的(我住的是20楼商务楼层),很干净,隔音也很好,基本上没听到马路的声音.空调的声音有一点点大,呵呵但是上网的电源比较麻烦,找不到插座,要把电视的拔掉再充电.还要钻到书抬下面去弄,不爽!!洗澡水的据说是温泉水,呵呵,不是很习惯,感觉老是滑滑的,像没洗干净一样:)补充点评2008年4月9日：还有,今天本来还想订该酒店的,居然没看到有商务大床房了~~郁闷~"
1,预订的时候，要求“正朝中山公园的行政楼层”；以前介绍去的朋友都是这么订，有的还住了超过2个礼拜。但是，这次通过携程预定的时候，就是只能说“尽量安排”，不能直接确认，有点失望！房间设施不错，但是偏小，白天的风景很不错；34楼的行政酒廊，全免费，非常的划算！
1,闹中取静的一个地方，在窗前能看到不错的风景。酒店价格的确有些偏高
1,酒店地理位置不错，交通非常便利，房间整体感觉还可以，只是浴室有些小。酒店提供的早餐不够丰富。酒店员工整体的服务意识不错，尤其是大堂经理，在安排订车时还特地送给我们一份当地地图，很细心周到。
1,当天由于订不到淄博最好的两家酒店，由于时间比较晚了，后来就订在了这里，但是结果却让我们觉得非常满意，性价比很高，所处地理位置好，酒店挺大，房间也不错，服务也好，设备和附属设施都挺齐全的，早餐没起得来，没吃过，但在餐厅吃了几顿，食物基本上都还不错，价格也不贵（就是豆浆很贵的说！），服务员满可爱，特地多住了两天。就是商场的东西比其他高级酒店要黑很多，比标签价格还贵了不少。听朋友介绍说新开业的万豪不错，价格也不贵，下次对比一下，看哪家更好，性价比高，以后就住那一家了。
1,坦白说，酒店比我想象中的好。在三星酒店中属于较好的一类。员工的服务意识很强，不象是内地城市。但是，携程的价钱不够有竞争力，在火车站遇到的拉客的导游，可以提供更好的价格（路遇的旅伴尝试了）。
1,服务和房间算四星级吧。可能由于是携程的房间，贵宾楼标间，没什么景观，推窗看到10米外的另一家酒店。交通不是很好，去西街和刘三姐得走10分钟。不过条件应该比西街得酒店好多了。补充点评2007年10月15日：想评三分的，选错选项了。想评三分的，选错选项了。想评三分的，选错选项了。
1,整体上还可以，早餐不太好，不值20元，晚上点菜做的口味一般。
1,去瑞安一直住“国际”，因为“国际”不管是硬件还是软件都是当地最好的酒店。无烟楼层特别安静，大床房很舒服，晚上睡得很好，就是下午楼上在装修有点炒。不过总体上和第一次入住时的感受已有差距，设施设备有点旧了，晚上没做夜床，旅游团人多拥挤，希望酒店管理层能考虑做适当小改造，以吸引更多更忠诚的客源。
1,"初一住在这家宾馆,感觉服务还算是不错,只是正好过年时候,餐厅打烊比较早,想想人家也不容易,对丽水总的印象,感觉当地人都比较纯朴,人也比较热心."
1,房间干净舒适，是出差、旅游度假的理想之选。服务业很不错。
0,我是临晨到中山水田店，他服务还算热情，但是前台非常不专业问什么都不知道。而且除了2百多的只有标准间，要单人房的只有6百多的，十分不合理。作为一个四星酒店，连吹风机都没有，打电话问询后答复就是没有的，吹风机是从其他地方借的。当我说要投诉她时没过五分钟就送过来了。服务是能推就推，十分差！
1,"我住的是豪华房,酒店环境很不错,服务满好,饭菜也过得去,按此级别的酒店早餐算满好了,位置也还方便,唯一的不便就是上网按30元收费,觉得很不便,下次再去如果只是路过一天还是住这里,如果住几天就肯定换酒店了,查询旅游信息和上网联络很不划算"
0,酒店不承认此次预定，与携程交涉7、8次才解决！！补充点评2007年6月20日：明明入住了酒店！300多无窗房，勉强3星级别的标准，还不如住如加快捷
1,"房间一般,服务很好,卫生间有异味.被"
0,这次住的是豪华间，在19楼的，是最好的（？）。但是进入后发现：房间只有8-10o平方米，而且是将原来的一个客房分割为两个的。窗是两件共用的，只有一半大，而且这样就没有什么隔音可言了。房间十分的拥挤，简陋。水要放15分钟才会热起来。空调的温度不能自己控制的。非常无理的220元价格！讯问服务员是否都是这样的房间，回答说都是，而且传家商旅的酒店房间都是这样的！不喜欢有套间可以去住呀，那个大！结帐时我想换成借记卡来结算，回答说原来的授权没有办法取消，只能用扣款来完成。但是扣下的款不能还给我！说是他们没有办法做帐！传家咋象黑店一样啊！罢了，罢了！我原来是想将传家作为我的常住酒店的，谢谢啦！只是上了一晚的当，买了一个明白。还是值得的。我很开心地将传家从我的常住酒店名单中删除了：）同时我也建议了携程也将这个店从酒店中删除。补充点评2007年1月24日：补充一点：这个19楼的床很矮，感觉像睡在地上一样。床也非常旧了。睡上去象是掉进坑里的感觉。
0,地方有点远，不过打车过去还可以，起步价搞定，服务员态度恶劣，下次不到万不得已不会去的。
1,"我入住是南楼,房间确实是小,但娱乐设施方面比较丰富,人工湖很大,人造沙滩也比较吸引.早餐产品品种丰富,总的来说推出套票形式还是物超所值的."
1,"呵呵,毕竟是当地最好的酒店,所以,除了设施有"
0,本以为该酒店象其名字一样豪气万千，谁承想却是名不副实。我是五一去的，酒店设施陈旧，卫生环境差。房间设备简陋陈旧，色调灰暗。算不上星级标准，也就是个旅馆，早餐品种很少，将就能吃饱，下次绝对不会再住！
1,"总的来说还是不错的,但服务的态度和水准有待进一步提高"
0,"实在对不起四星的称呼!12月份在2--14度的气温下,只在晚上8点后才开空调!下半夜又关闭!投诉后还有理说是响应政府号召:节约能耗.这样的HOTEL朋友们您还敢入住吗?"
1,"这家酒店其实在中国银行另一面,不要按地址寻访,问当地人也大都说不清,不如问中国银行大厦在哪,就好找多了.还有酒店早餐太差又贵."
0,1房间很小，地毯很脏，白毛巾显黑色2中央空调有异响，后半夜只好关掉3洗澡水忽冷忽热
1,酒店的硬件和软件设施都可以．交通也方便．二楼的餐厅挺好吃的，不过价格不便宜．早餐也还还可以．
1,服务不错，不佳的地方是上网不方便，餐厅不理想。
1,"还不错,来过石狮这么多回,就这家有档次,客房特别舒适,价格合理,物有所值,菜很好吃,就店很热闹,我在旁边办事方便"
1,通过携程选择入住该酒店，我个人感觉此酒店服务很值得称道。我入住的时候，平时因为胃不是很好，感到不适，打电话至房务中心，服务员在几分钟之内就为我送来了一盒胃药，并礼貌问候。更令我意外的是，过了一段时间服务员又亲自送来了一碗小米粥和一碟生花生米，着实让我感动万分。结账时，我提出结算那盒药的钱，但是被前台小姐笑言婉拒，并说：我们酒店就是您的家外之家，希望您在我们酒店、在日照的每一天都健康、快乐！呜呼，我无言！
0,8月份为签证，入住该旅馆，也许是首都北京吧，260元一夜，只会想住一次的，一切都是那么旧，好像260元钱不是钱似的。
1,住了三个晚上，总体感觉还是蛮不错的。最满意的是酒店提供的免费升标。预定的是商务标间，由于客满，酒店给我们免费升到了高级商务标间。在这里赞一个。要说不足之处，一个是前面有网友提到的隔音效果不太好。另一个是没热空调，开了一晚还是冷风。后来向宾馆打听了下，好像是说没有热空调的。
1,春节期间预定，房间硬件设施很好，早餐也比较丰盛，服务态度等各方面符合酒店星级标准，除了地段在浦东外，可能不适合外出观光，商务或访亲时入住是非常好的选择。
1,房间比较大，相对来说房间的设施和空间很好，在一些小的细节方面有些注意就更好了．早饭的质量一般，服务员在服务上有点拖拉，大堂的感觉也不是很温馨，硬件上到了．位置上还好周围比较方便．从星级上来说价格上和一些相同地区的比较起来略高．总体感觉：４星的设施，３星半的服务人员，３星的早餐．总体打分：３星半吧．
1,很好的酒店，很喜欢，房间很干净很漂亮，从房间的窗口看出去，超美的，在市中心区域，出行也非常的方便，有机会一定会再住的。
1,房间比较宽敞，很干净；后面是小区，比较安静，但是前面是垃圾场我昨天住的时候，特价房没有了，还免费帮我升级到了商务房188这个价钱，太值了；我已经住了3晚，还准备再住如果前台的服务态度再好一些就好了宾馆反馈2008年8月15日：期待您的下次入住为您提供更加优质的服务!酒店祝您工作顺利!身体健康!
1,环境不错，对着马路的房间窗外风景好，其他方向的房间看出去是居民房。房间干净，设施也都完好。
1,"酒店非常好,房间大,环境好.再去沈阳还住凯宾斯基."
1,整体还算可以，离市区稍远，环境不错，旁边有公园，酒店提供接机服务，如果有送机服务就更好了（打的到机场20元）
1,知道网线接口在哪儿吗？比高家庄的地道口还隐蔽。在床头柜后面！想不道吧？看你怎么用。1：自带4米以上网线；2：自带小板凳：3：房间的垃圾桶可翻过来坐......
1,酒店条件不错，如果一家人入住的话还是可以推荐的。交通还可以，吃饭不怎么方便，周围没什么小吃。不知奥运会的原因，反酒店前台服务热情，房间也比较干净，宽敞，舒适。下次一家人去北京，还是选择此酒店。
0,在天津星尔特大酒店丢失白金项链一条，未能找回。客人洗澡时摘下，放在床头柜上，走时忘记拿，结果丢失。
1,服务好，结账快，门口有好出租车。最重要的，早餐真好。单人间价格合理，但标间一个人住不太合适。
1,位置还可以离解放碑地区不远，打车起步价（5元），房间价格236元，我的房间还可以看到江景，电视卫星频道不错选择很多，房间不算大，洗手间很小，但还算清洁。总得来说性价比还可以。
1,服务不错，服务员态度也很友善。最赞的是房间够大。。写字台的布局很好。交通也很方便，周围也很热闹，步行10分钟到中闽百汇顶楼的大排挡吃饭，很便宜。味道也不错。唯一不足就是早餐收得有点早。
1,"惊喜,没想到不到100美金可以有这么好的酒店,地理位置\房间\服务\早餐都很好很好!"
1,第一次入住该酒店，一进店就感觉很舒服，他们的服务很周到．我是自己开车去旅游的，晚上２１：００点多才到，进店到前台一报名字，前台的服务人员就很热情，问我开了这么就的车，一定很累了，饭吃了没有？他们的销售人员下预定单的时候就交代了她们，我晚上会到．并且交代我是自己开车来得，到了一定很累，让她们尽快的安排入住．她们的这种服务让我感到很温馨，有回家的感觉．客房很干净，早餐也很不错，特别值得一赞的是酒店的客房有免费提供拨打国内长途电话、水果、免费品武夷山岩茶等超值服务，总之相比我住过的其它同级酒店性价比高，非常值得给大家推荐。这次玩的很开心，下次再来的话我还会住海晟．
0,方便倒是真方便。可是晚上噪音太大了。正好是个十字路口。整个晚上全过车。鸣笛不止。睡觉轻的还是不要去住了
1,"其实只是一般,但前一天住到对面的长百合家欢假日垃圾酒店.对比下,就如同天堂与地狱的分别"
1,"房间设施可以,但空间偏小,客房电梯很特别(没房卡上不去),很适合某些人使用(偷吃).....前台服务一般...."
1,安全周到早餐也越做越好所以连续住过几次都不想更换别的酒店价格也适中
1,从上环地铁站走路前往的话比较远，建议打车或坐公车；我在预定的时候要求高层无烟房，入住的时候已近24：00，没想到酒店还是保留了高层无烟房给我，对于这一点，我很满意也对酒店的专业表示致敬，毕竟以前我遇到过很多所谓的房间已满，只能给您XXXX的房间之类的话。至于房间设施，觉得比较老，布局挺老式的；我不算太喜欢；但是在HK算大的；和我住的另一家帝豪奥运酒店比起来，觉得房间稍差了些；不过早上有shuttlebus到中环，还不错。
1,房间格局非常好，让人有家的感觉，很舒适，服务也很到位，只是可能面对的消费群以外企人员（听服务生说外国人外国人）居多，饭店餐饮的准备方面较单调。隔音也不错，只是床似乎质量差了些，翻个身就会有吱吱呀呀的声音，这个让我睡得不是很舒服。另外有点遗憾的是，入住当天，工程部的来装卫星电视，确定对方装完后，我就挂上请勿打扰的牌，准备休息，可没几分钟，刚上床，门铃又响起了，这让我有些郁闷，请勿打扰似乎不该是摆设。其他都非常好，下次应该还会选择入住。
0,水笼头没坏，但是破到你无法想象，水流很细。刚入住发现房间还有上一位客人的东西。服务员打扫房间后，大晚上又来敲门，说是自己的东西拉房间了。讲话还很大声，房间又临街，吵的要死。补充点评2007年11月26日：登记时刷卡，结果不是预授权，直接刷消费，可钱的数目还是押金数额不是实际住店金额。结帐走人时，前台拿着我的卡东刷西刷上刷下刷，10分钟后告诉我不是这张卡。我说我的卡和我的记性没问题，你让领班弄。又过了十分钟，领班来搞定了。酒店硬件不行，服务软件也差死了。
0,"重来没碰到过态度如此之恶劣的前台.星期五晚上我们预定了4间房间,但因临时需增加1间,我们询问前台一位男服务员,他回答我们有1间,但是价格必须按散客价格460入住,我们说我们能按携程再定吗?就算个团队,但是前台告诉我们携程已经不能预定,我们问为什么,这个前台服务员居然不理睬我们,眼睛也不抬起来看我们一眼的说不行,是按规定的.而且自顾自操作我们前面预定的4间,不管我们问了几遍,照样眼睛也不抬起来看我们一眼.(而且从史自终脸一直板着,向欠他钱样的).最后惹火了我们其中几人后居然回答没有房间了,我们退而求其次问加床可以吗,居然说不可以(还没碰到宾馆不能加床的),最后只能大家挤挤住了.如此素质的人怎么能担任前台工作.后面的心情自然不言而喻.而且价格也不便宜,就是普通经济型的旅店,又没什么特色,价格比上海同等还高.要不是预定晚,别的宾馆没房间了,根本不会选择这家.补充点评2007年10月21日：另外这个酒店的配套设施简直差到极点,棋牌室居然是3个桌子放在很小的一间房间里面.而且自动麻将桌只有1个,其它设施为零,什么也没有,至于服务态度,酒店解释前台是新来的,但就是传统意义上的招待所也比他强很多!"
0,唉，怎么说呢，这是我住过的最差的的四星的酒店，还是贵宾楼，晕！硬件设施估计只有二星的标准。性价比太低！
0,又要对他进行点评了，呜呜。。。说什么好呢
1,"一房得一大床不方便,最好一房安排有人床"
1,酒店从外面看上去有点旧了，内部装潢比较温馨，但也显得有点老了。相对酒店的位置和四星的评级来说价格偏高。服务比较人性化，态度比较好。酒店对面是地铁世纪大道站，后面一片空地好像是要建商业配套，以后肯定会添些人气的。
1,"酒店位置比起其他酒店来,离市中心稍远了点.走到春熙路要15分钟左右.河畔酒店其实只是在一条小河旁边,不要指望看河景.酒店房间还是可以的,比较干净.但是携程报的是200多,跑到那看见这是特价房,198元/晚.并没有享受到会员特价.酒店可能在当地比较出名,婚宴,寿筵没停过.按这个价格来说,酒店的早餐算挺好的.味道也可以.退房速度慢,要查些时候."
0,1，虽距离首都空港很近，但交通并不方便。航班到达时间是23：30，预约时告知有免费接送，但到着时却被告知“因超过23：00，需交60元接送费”。。。无论是否收费，或价格高低，应事先与预约客户声明才是正理。2，因为距离空港太近，几乎没有Taxi愿意接客。。。3，房间里没有吹风机，想和前台联系借用，但电话出故障。。。作为饭店业务的一环，每天检查客室设备应是最起码的工作。。。
1,入住后发觉设施较新，相比同等价格酒店而言，性价比高。应算4星标准。比附近的海南大厦感觉要好的多。
1,酒店服务态度好，入住时有大型会议在此召开，房间无骚扰电话，靠近江边，步行十分钟即可吃到当地有名的三江鱼、坨坨鱼、西坝豆腐等特色菜。下次还住这里。打车十分方便，附近司机无人不知此酒店。
0,"环境很不好,在老火车站旁边,很旧很吵闹,像大多数网友说的,携程定房虽然便宜点,可房间是酒店有差级的话,给我的是角落上的房间902,房间空间是同层中最小的.不过整个上饶市都很破旧也在情理之中吧"
1,"订的是房,房间大.乾净,有气味,通风不错,全.豪的有大床.的是向路的房,好不算太吵.服务:OK.插3次才能用,不得快的就是.打车:到那都很近,站,火站二十元.缺:有椅子被了一洞~早餐不的,希望那一天多可以吃多一...."
1,优点就是位置好，去大运村或中关村办事方便。携程的价格真的不够优惠啊，还不包早餐。
0,"酒店位置比较偏，交通不方便，出租车还有拒载的情况，另外该酒店会告知携程客人提前退房这样与事实不符的情况，很让人不舒服，希望酒店可以改正。宾馆反馈2008年4月29日：所有客人不管是通过什么渠道预订,只要入住本酒店,均可以在下午1点前退房,比一般酒店退房时间晚一个小时!"
1,"房间挺大,条件也可以,就是通过携程无早餐,自订狂贵,而且价格也多变,一会收30,一会收48,各部门之间又缺乏联系,送的软饮,结帐时有要收费,软件服务要跟上,不过总体还可以."
1,"我们一家三口在岛上住了一天,总的感觉还不错.沙滩海水无得弹,很多珊湖石.在携程订观海木楼,山下几间房是看不到海的,一定要山上的才能观到海,有点遗憾.在岛上吃得还能接受,就是什么都要现金,另外晚上有很多小动物."
1,1、先说好的。房间够大，也很干净和安静。服务员态度不错，我提出要看当地地图，她们立即就送了一份到房间来。2、再说差的。酒店的空调不够冷，半夜把我都热醒了，打电话反映过也没有改进。估计是酒店为省电，夜里只是送风而不制冷。对于一个四星级酒店来说，很不应该！最好笑的是，房间里居然连一瓶纯净水都不舍得送，客人要喝水要么自己烧，要么就取冰箱里付费的。太抠门了吧！
0,太气愤了！去上海住了6次了，3次住的哪里，也算老客户了吧。年前去那里住，在携程上定的房间，订好9-12点之间到，结果10点到了哪里说没房，前台说要等半小时，结果等了50分钟才等到房间。到了房间发现空调是坏的，又让我等了50分钟才给我换到房间郁闷之极。以为165的房间没了，给我换的183的大床房，说好18元的差价给我免了的，结果结账刷卡的时候还是给我多刷了18元，难道你们就是这么对待老顾客的？虽然给我补了60元的抵用券，但是以后还是会考虑住其他的地方。
1,我7月24号入住瑞豪酒店，开始有些不顺利，但是那里的管理还是非常好的，有位姓赵的经理发现问题后（他是负责携程客户的），马上就解决了，呵呵，还是要感谢他。进了房间以后，房子超大，还配备了电脑，空调好像超凉，感觉酒店还是挺适合出差公干的。
1,"据同事反映,各方面都不错,下次出差,他们还希望住这家酒店."
0,住过差的，但没有住过这么差的！！昨晚00：00，一少妇在里面捉丈夫奸在房，大喊大闹，要死要活，炒得大家一晚没有睡好。提醒大家，酒店的保密工作很好！住起很放心。
1,"酒店的位置很好,就在市中心,杭百和银泰边上，购物和交通很方便。这次本人住在24楼，居然在高处看到大半个西湖。只是可能酒店建成时间较久，房间里的设施较陈旧，卫生间装修不敢恭维，地毯也已经有点污迹斑斑了。不过房间里的软件配备还挺齐全，有免费供应的咖啡和立顿红茶，雨伞，小冰箱，保险箱，还有浴袍等。另外，楼顶旋转餐厅的自助早餐已经取消，现改在五楼餐厅了。早餐的品种也比较丰富，可能有所改进了。总之，作为四星级饭店，性价比还可以，以后还会继续入住的。宾馆反馈2008年7月29日：感谢您对酒店的支持，我们会对设施设备逐步加以改进，酒店欢迎您再次入住。"
1,"入住了一晚.很不错的酒店,不管是环境设施都很不错,特别是客房里的一些小细节,让人住着觉得比较舒服、方便,要是价格再大众化点相信是一家不错的酒店！"
1,酒店设施一般，但是前台和客服，行李生都很尽责，而且还给客人免费升级房间
1,南昌国贸饭店，地段满热闹。到八一广场大约8元。房间小小的，厕所的墙壁换成了磨砂玻璃，倒也显得比较通透。房间实在是有点小。但还算干净。
1,"又入住了，酒店总体服务还可以，前台客房的人还是很热情,只是这次的房间有点吵，大概是靠近马路吧，反正只是一个晚上就算了。入住的人明显比过年时候多了，房价也涨了，哎！"
1,酒店的条件很好，价格也很便宜（190元）
1,"入住20080503-20080508，房型：豪华家庭房+豪华商务房，整体的感很不，店位置佳，在解百隔壁，很好找，可波的航站巴士也很近，走到西湖也很快，房整体算不，豪华商务房每天加送６瓶料，不的，商中心代印象西湖，和助位的服很宾馆反馈2008年5月27日：尊敬的宾客,感谢您对酒店各方面的肯定.今后我们将继续努力为每一位入住的宾客提供优良的服务,我们热忱地期待着您的再次光临!"
1,杜月笙别墅坐落在莫干山后山腰的山谷中，环境非常幽静，视野开阔，郁郁葱葱。楼前的平台，是晚餐的绝佳之处，烛光之中，美酒佳肴，可人相拥，仿佛身在仙景。
1,地理位置还行，就在县城中心，出行比较方便。而且下面临河，风景也还说得过去。但因为是老酒店了，设备当然很一般。而早餐就惨不忍睹了――居然只有8样，一点不像是三星标准提供的早餐！另外，可能会要求你10点前退房，而不是12点！
1,老式四星级酒店，交通倒是很便利，我们自驾游沪杭高速下来没多少路就到了。我定的是490的豪华大床房，房间倒是挺大，但不知道为什么床比较短。就是比一般的大床要短，如果是1米8以上的男生估计就睡得比较不舒服了。酒店早饭品种还是比较多的。停车场也比较大，停车比较方便。顺便提一句，杭州的司机开车真是野蛮，想怎么开就怎么开，相比之下上海的私家车主自律性真的很好。
0,"房间太小,设计不合理,竟然连会客小台桌都没有,我住的房间马桶冲水不畅,卫生间太小,洗裕区域和马桶区域太过狭窄,很不方便,总体来说,说它是四星级是太言过其实了,2星差不多."
1,酒店就在高速边上，还算方便。不过那里酒店非常多，可以选择的余地大。早餐不错，淡季人少。
0,差劲，并没有特殊的，我订了2天的房，到第三天续房要换房，结果忘了拿抽屉里的DV机，第二天，下午电话给客房中心，说给回复情况，结果未给回复；打给大堂值班经理投诉并要求协助；投诉理由：1.不知四还是五星的宾馆换房怎么无人及时发现客人遗留物品，及及时通知客人。她的理由是换房与退房不同，房间第二天早上才有服务员进去打扫的。。。。总之，什么凯莱，其实也是很差的，不要对他寄望什么。
0,在携程订威龙原本看上了两点，一个是四星级别、一个是香港公司管理。住过之后发现名不副实。首先服务水平绝对没有香港服务的影子，即便是国内的中上等水平也谈不上。第一天晚上就在洗手间里消灭了一个巨大的蟑螂，我想四星酒店应该不会有蟑螂客人吧。虽然有个游泳池，公开的开放时间是每天下午一点到七点，但是在这个时间内从来都是客人到前台要求开游泳池，前台临时找人才打开的，而且池水很冷，一般人能有勇气跳下去的不多，游泳池也因此形同虚设。游泳池的顶棚已经发霉或掉皮，看了让人不爽。值得一提的倒是大堂的几个门童，因为酒店在小街里面，没有出租车，他们几次到大路上帮助客人打车。
1,航空酒店还是不错的，房间也干净整洁，地理位置也好，价位也适中。
0,"一个字--差.4星收费,0星service....大堂前有小孩当埸小便--没人管.向前台要纸记号码,头也不看就说没!电视不能看说是""电视公司在修,不知当天会不会好"".早上吃早饭...9am去连坐的地方也没有别说吃的了.住了2晚但酒店告诉Ctrip我只住了一晚(该拿单的)....差差差....差差差...."
1,四星级的酒店不错的，服务态度挺好，不是免费提供三餐，只是10块钱一份而已。房间干净、舒适，下次还住这。
1,"房间很大,床很硬,淋浴的操作是很奇怪的设计.周边的超市很多,奇怪的是酒店内的商场很晚开门却早早就关门了,好象不是为酒店住客服务的."
0,"优点：1、地理位置闹中取静2、如果在五角场附近办事，交通还算方便缺点：1、房间内有浓重的烟味2、空调滴水刚好在楼下的玻璃钢瓦上，晚上比较吵3、洗澡水“小水无力”，感觉更像是“跑、冒、滴、漏”的水龙头3、早餐比较差(既没有""吃饱""的实实惠惠，也没有""吃好""的丰富多彩)4、毛巾泛黄5、枕头很尴尬(两个偏高、一个偏低)"
1,交通方便，室内干净，基本生活电器都配备。出嫁那天需要红色床单，前晚给前台打了电话，他们回复说要去仓库找下，没想到第二天真给送来并布置好了，态度还不错！
1,通过携程报的自由行带小孩去香港。住过旺角的朗豪，因为还是喜欢尖沙咀所以最后选择朗庭。酒店大堂不错，不知道为什么那么多人嫌小。很幸运被升级，当时订了两个房间可是另外一个没有好。前台小姐送我们每个房间100元的免税店抵价券，竟然带我们一直到房间，让我受宠若惊。房间刚装修好，橡木地板，在内地酒店不多见。我的窗口还可以看见一点海景。后来看到桌上的通知才知道楼上在装修。可是我们白天出去，也没感觉。那几天天很凉快，比起上海的37度真是意外。孩子去过两次美国的迪斯尼，所以我们只这里的缆车和海景，是最棒的！最后一天还和酒店说好晚点退房。小朋友去了半日游回来还可以游个泳洗个澡再走。3天的行程很累，但酒店的床很舒适，晚上睡得很好。
1,与几月前相比变化不大用餐便捷实惠客房干净整洁
1,太偏僻，不过非常安静，还有酒店为了省钱，居然没开空调，感觉不太好！免费注册网站导航宾馆索
1,房间感觉很上海化，结构紧凑，服务态度尚可，大厅也不错，是个标准的四星酒店。只是周边环境不是特别的优雅，如果只是对房间内部要求比较高的朋友，可以考虑。附近有一个新天地步行街的地方，可以在那边用餐，因为酒店内部中餐和西餐味道都不尽如人意，西餐分量少的可怜，感觉是用咖啡杯盘子盛菜，而中餐价格相对低一点，味道却都比较咸，很多菜都要放酱油，包括炒饭在内。酒店人员素质感觉亲和力有待改进，有时候给人一种冷冰冰的感觉。房间的网络是要收费的，1分钟1块钱，一天包是60块。对网络有要求的朋友应该要好好考虑一下是否愿意接受，不过毕竟在上海这种城市，几乎是找不到免费的服务的。酒店背后就是个中学，有时候会感觉有点吵闹，而且现在中学旁边有工地面对酒店在施工。
0,"158元和178元的房间感觉没什么差别,退房时问了一下,说是空间要大一点点......"
1,房间尚可，浴室有点小，服务也还可以，可是为什么checkout的时候不主动提供发票？甚至提醒一声都没有？
0,价格不低，档次不高，环境糟糕，大厅很小，房间一般，早餐难吃，感觉一般！
1,房间有法式风格，尤其浴室和化妆间的布置。不过淋浴房的防水做的不好，洗完澡浴室地面全是水，差点摔跤。宾馆反馈2008年4月11日：非常感谢您的光临和对我们饭店的关注和肯定。对于您提出的不足我们将努力改进，力求把工作做得更好，给宾客提供更优质、更舒适的硬件设施和软件服务。
0,酒店介绍和实际不符，达不到3星级标准，房间不紧张，还要求信用卡担保。到达现场后，客人不满意，最后选择宁可酒店扣除了房费，也选择了喀什的其他的酒店，那就是携程也未推荐的中西亚国际大酒店，价格和其相仿，但是其为四星标准。而且，携程与酒店的沟通做得不好，明明是酒店的介绍与实际有较大的偏差，而且价格比起当地旅行社的价格要高出30%，可是酒店方面还是扣除了我们订房的全部房费，我同样要考虑是否还继续使用携程作为我的选择。
1,卧室有点小，但有客厅没什么影响。客厅面积还不错，总体感觉不错。服务也比较职业，住的楼层比较高，接近顶层了，晚上也不吵，但不知道低楼层的情况，卫生间还挺大，厨房面积不小，设施也算齐备，可惜用不上。对于房间和酒店的服务都很满意。
1,酒店距离九寨沟景区仅仅2公里，附近是各式各样的酒店和购物街区，出行很方便。服务素质很高，早餐品种丰富，性价比不错。
1,"影响最深的是自助餐较丰盛,只是虾,蟹等要另外购买.价格也很公道."
1,"在自贡这样的二级城市,标准算是相当高的酒店了,说是4星酒店勉强了点,但比很多3星的好.房间灯光太暗,所有灯开了都感觉昏昏沉沉的,不知道是为了省电还是什么,舍不得用大点瓦数的灯泡.我晚上9点到的,点了份炒饭和青椒肉丝,送餐速度挺快,只是花椒多了点."
0,"最好别去,很差,看完很差想换酒店,他们竟跟我要服务费.也没待那房间2分种,居然解决了问题,可觉的下次不能去的,"
0,10月去的。感觉不是很好。房间和如家的差不多，但感觉差的好大。最让人受不了的是窗户离别人家的阳台那个近啊。都能看见别人家的里面了！！半夜楼道里还有人在吵闹，服务员应该制止一下啦。还有那个中央空调，开了等于没开。洗好澡后还是热的出了身汗。退房的速度也不快！！
1,"国庆节期间入住,这儿价格算比较实惠的,只是房间稍微有些陈旧,不能算四星,三星差不多"
0,住这里很多次了。但是感觉酒店的服务质量在下降，价格反而是不断上升。我住的房间的楼下正在装修，味道很大，打电话给前台，前台居然说没有房间，要我忍耐一下。找了前台经理理论才解决的。
1,酒店前台的小姐服务很不错。我订的房间没有，主动给我免费升级到行政楼层。酒店的自助餐很有特色。很不错的一个酒店。
1,"在网上看到新世界的点评,挺不错!于是这次出差选择了这家酒店。自已亲身体会一下，感觉还挺好。270元的商务双人房，不仅免费上网，而且还包早餐，值得！酒店不仅服务好，而且房间卫生也很干净。地理位置不错，在市中心，交通非常方便，出门步行5分钟可到达西门口地铁站。而酒店唯一不足就是提供的西式早餐供应太慢，可能是因为我周末入住的缘故。总体来说，是间挺不错的酒店，挺好，值得选择入住！！！"
1,房间设施陈旧。但是服务水平不错，比较安静！
1,"机场快线的K5直接到酒店门口,要了高层的客房,干净舒适,景色很美.住了两天,打扫房间很快.走出去到维港的星光大道20分钟,尖沙咀地铁8分钟,弥敦道5分钟.值得住.补充点评2008年7月20日：周边餐饮很多，挑选范围也广，最重要的是价格能承受。"
1,"刚从丽江回来,感觉酒店在各方面都还不错,服务员很热情周到,每天还有水果、矿泉水赠送。早餐也比较丰富。唯一一点就是房间不隔音,楼上有人走路的话,整个房间都在响,所以睡得一点都不香,好像这边的酒店都是木制结构,估计都差不多"
0,1、热水是几乎没有2、酒店水壶内有非常多的残余物3、房间有浓烈的甲醛味道酒店为我订的是5001，到了晚上房间出门右转是美容美发（这大家都知道是什么店）那里小姐的声音比电视的还大，房间窗外的卡拉OK一直唱到凌晨2点，还蹦迪。最让我生气的是浴室里两条浴巾的中间居然夹着一条男人的内裤，看外观明显是使用过的，与酒店总台投诉的时候，酒店一带眼镜的女经理总是让我提出要求怎样，我能要求怎样，难道要你全额免单？这家酒店真让我心寒！从来没见过这样的酒店！！！补充点评2008年7月2日：强烈建议大家不要入住怀仁酒店
1,很不错的酒店!!已经第二次入住了!!这次用了宽带!如此的快简直难以想象!!房间布置也相当不错!!服务也好!!第二次入住经理还打电话上来做个问卷调查!哈哈!!不愧是4星的啊!价格也蛮合理的!下次来的话基本就是这家了
1,新华酒店地理位置比较好，内部设施不错，可供选择的餐厅较多，服务比较热情。
1,酒店刚刚装修好时我就去住过，时隔一年，已经显得有些旧了，可能维护不够。服务人员态度很好，不过硬件是差一点儿。在郑州这种地方不算是便宜了。早餐不够丰富。
1,总体感觉还不错，唯一的不足就是酒店给我的房间不在主楼，而且正对电梯大门，晚上感觉有些吵，窗户打开面对的是一个垃圾场，无法开窗比较煞风景，可能通过携程预定的酒店都给安排这种房间，不过在香格里拉能住到这样的酒店已经算不错了，据导游讲这可是当地市政府办的酒店，平时开会都会安排住这里，还订不到房呢，在这里除了天界神川就属龙凤祥还行了。
0,我河南之旅住过最差的酒店，酒店年代久远，非常残旧，房间光线也不好，洗手间有异味，除了离相国寺近以外，离其他景点都不是很近。可能开封这个城市本身到处都是灰尘，酒店也好像到处都灰蒙蒙。免费自助早餐没有什么吃的，不过还算吃得饱
0,"早晨8点多,已经没什么吃的,而且十元限额的.餐厅服务员态度差,我住的是158元的标间,房间很黑.很旧,下次决不住这里.旁边晋元大酒店我去看了比这好多了."
1,酒店服务不错，环境也还比较好！特别是好像是48楼那个旋转餐厅满有特色，至少我觉得住这个酒店还满满意！
1,春节特价入住套房，含早/晚餐，服务非常到位，只是由于酒店有些老，但是设施还算不错！只不过这种春节价位希望酒店能够实现春节特价周末常态化，这样会吸引大部分旅客！
1,位置不错，就在大水车旁边不远的地方，如果有很多行李的话，这里是一个不错的选择。酒店的环境还不错，我们住的房子前面有个院子，每天都可以坐在院子里看书晒太阳，还挺舒服的。不过说起来，古城里的客栈也都差不多。服务挺热情。价钱算是古城客栈里比较高的了。
1,"普通标房居然不能看凤凰卫视台等境外节目,第一次感觉是不错的,早餐偏简"
1,08.4.28-30号住了两天，感觉该酒店物超所值。干净宽敞，安静，床很舒服。洗澡水很热很大。值得再住。早餐很一般，但针对这个价格还可以了。
1,交通很便利，离商业街（太原街）很近，虽然太原街破了点，但还不错，离车站也很近。房间比较安静。面积不是太大。但床挺舒服。服务也还好，但赶紧价位有点高啊。总体感觉值得入住。
1,"7月10日入住的,因为酒店搞活动,所以原700多的房间只要498元.还是蛮合算的.地理位置不错.房间也不错.不过,如果按原价700多,有点贵了.总体还是满意的."
0,早餐有时8点结束，刷卡不方便，还要压现金，房间打扫不及时
1,"非常不错的一个酒店,离北京后海酒吧一条街很近,就在平安大街的旁边,很好找,房间很干净舒适,环境也不错,唯一不足的是服务员水平一般,素质不高.不过还是可以住的"
1,酒店和温泉服务真的是不错，比起其它去过的温泉是好很多，温泉里面的毛巾和饮料不断主动供应，还会再去的，但是在人多地时候还不知道服务有没有这么好？酒店设施略为旧一点。宾馆反馈2008年5月29日：谢谢您的褒奖，温泉区的服务是我们酒店的标杆，在客流高峰时期我们会从各部门调派人手进行增援，尽量保证对客服务。今年夏季酒店将对温泉区和部分客房进行改造，希望您下次光临时给够带给您更美的享受！
0,"首先我希望说的是请大家不要上当.我7月22号入住,订的是所谓的特色豪华房.给了我一个二楼的房间,但一进门吓一跳！离窗户不到一米（不夸张）是商业街的商铺后面，存放的全是垃圾一类的东西，我简直不敢相信这样的房间可以给客人住，最主要的是对面的人家可以轻而易举的到你房间来。于是立即要求换房，把房卡交给服务生让他帮忙拿到前台我们在3楼去等他。结果等了半个小时也没人来理我们！只好让朋友下去问，原来是来了一帮老外，他们只顾服务他们，把我们给忘了。给我们换了一个景观房，这个景欢其实就是一点点点点的雪山顶....要不是他们提醒，我根本不会注意到。可能就是等这半个小时，在楼上吹了风，当天晚上就发烧了。吃了药会发汗，一天让他们多换一次床单。开始没说什么，到第二天就来了一个什么客房部的主管来给我们脸色看。本来是当天要退房的，因为发烧所以不想动，就和他们说我们还要延住。但这帮没人道的家伙硬说没房了，要我们赶紧退房。后来还是携程去和他们谈了才给了我们一个一楼的“特色豪华房”。这个房间窗户也是对着旁边的商业街饭店的背面，房间里有气味潮气也重。到了晚上才知道上当了，原来商业街上的饭店全是有烧烤的，而且估计做饭全是烧煤或材什么的，晚上所有的烟全部进房间里。我就发着烧在这个破房间里熏了一晚上，第二天喉咙发炎！大家选择之前先看看我的经历吧！"
1,酒店非常好特别上服务但可能位置比较好比如去时代广场SOGO百货买东西都非常得方便隔音效果不太好个人觉得因为当初定的是普通的房间后来因为没有房间再没有加钱得前提下房间升级了总得来说酒店免费得巴士以及服务真得很好推荐入住价格公道
1,房间不错，也有升级，服务也不错如提供擦鞋服务等，在下雪天确实很有帮助。值得推荐入住。
1,环境不错。交通也便利。服务不错。下次还会考虑的
1,交通倒是方便。价格很成问题，旁边同类型、装修差不多的酒店比这间要便宜（150元），可惜携程没有签约。房间算合格。
0,太差，根本不够四星级。我住的是豪华大床房，居然只是三楼，三楼有不少运动场所，还有发廊，很嘈杂，房间也不好找，我找了半天才找到自己的房间。房间里很闷，通风很差，窗外一点街景也看不见，相隔十几米跟居民楼面面相对。房间里连咖啡包也没有，倒有不少要收费的茶包、饮料等，我还得帮它核对一下别入住时就少了什么！早餐很一般，没特色，以后绝对不住了！
1,除了隔音差点、房间小点、没有毛巾，其他都不错，而且出行太方便了，无论是购物还是办事都很方便。
1,不错不错的比喜来登还好的下次还会住支持
1,很好的一间酒店！中式花园设计景观优美；房间刚作翻新，没有残旧的感觉，一赞。服务员态度良好，乐于帮助客人解决问题及安排行程，再赞！有单程免费接送，客人抵达张家界时无须操心交通，三赞！但要注意，那个多次进出森林公园的通行证，只适用于黄石寨入口；另外酒店的位置离城区较远，打车不容易啊！
1,"帮家人订的,没什么好说的,香港的酒店嘛,有这样的性价比就可以了."
0,"Stayedheremanytimesinthepast18months.Thiscouldbeagoodplacetostayifthehotelwouldmaintainthefacilities,buttheydidnot.ThelasttwotimesIstayed(FebandMarch)theshowerandTVdidnotworkEVENafterIreportedthem.Willnotstayherefromnowon!宾馆反馈2008年5月16日：Thanksyourproblem,WewillchangtheshowerandTv,Iwillhopeyoucomehereagain"
0,早餐有还不如无！这傍边就是长途汽车站，可想而知这外面的环境是个什么样子！住在这里的人更多的是中转旅客的样子，我见过尼姑，和尚！房间设施也就比招待所好点的样子，比较旧的酒店，名字虽然很时尚，但是酒店真的没有可比性。有个米兰俱乐部，估计是happy的地方，还有个桑拿按摩的地方，这个不用我多说大家也晓得是干吗的，每天晚上10点准时房间电话响起，招不招就随你了。大家自己掂量着吧。
1,宾馆环境不错，比较安静，住了两晚标间，房间超级大，我从来没有住过这么大的标间。但是地毯有点脏，家具的摆放也有问题，电视离床太远了。早餐不像四星的，太简单了。
1,酒店太远。环境各方面一般。但房间很大。服务员的态度很好！
0,房间很差，暖气非常不阻，被子又薄，居然连个电话都没有，还是豪华房。下次千万不要住。
1,如果是我一个人再到东莞出差的话，我还会住在东莞宾馆，但是如果我和我的老板一起来东莞的话，可能会住到索菲特去。我喜欢东莞宾馆的环境和它的几个餐厅，身处闹市但是却很安静，很舒服，宾馆的服务也很到位。对于普通的商务旅行者来说，东莞宾馆的标准间是最物超所值的。
1,据说是当地最好的酒店，价格比较贵，房间很小，楼层不高，但是比较大，到房间的距离有点远，服务比较一般，早餐厅装修的比较有特色，早餐还可以。酒店标称是五星级，但是房间条件和服务达不到五星的水准，除了checkin的时候主动递上一块热毛巾比较有特色。
1,"只能说赣州最高档的四星酒店还有待加强,是多少感觉有四星的配备,有些用的是进口货,但整体跟其他城市四星相比可能只有3星,整理基本上还ok,早餐再多点花样会更好"
1,酒店的的布置很舒适，位置也很好，在闹市区，有闹中取静的感觉。很不错！
1,走出武夷山的客房犹如进入了景区，晨雾缭绕，空气清新。酒店区位的确是武夷山独一无二的。我住的是5号楼（普通标房）房间是旧了点但够干净哦。很有特色的水帘餐厅就在楼下，边享用美食边观赏落地窗外的巨大水幕，别有情趣哦，我连着两晚都在那里用餐，不错不错！
1,今年年初新开的酒店，房间设施很新，感觉十分不错，性价比很高，在宝山区个人认为比宝山宾馆好很多。到宝钢办业务的人员最佳选择。
1,我为国外客户预订了三个房间，其中一个客人住过该酒店，虽然酒店设施都有不同层次的提高，但他提出服务水平已经不如一年以前，评定：硬件4星，服务3星
1,很不错的一家酒店。不仅给我们一家三口免费升级到海景套房，服务也是蛮周到的。第一晚入住时要了一双拖鞋，第二天回房后发现拖鞋又添了好几双。酒店前台的服务也很细致，免费提供香港的旅游地图，还有各路大巴的路线图，可以用人民币做押金，可以兑换零钱。不过酒店的大床房确实小，就是每层的01号房间，建议不要1号房。出门左拐，周围的小吃店非常多。那个森发云吞店非常实惠，鲜虾馅的云吞让我感觉奢侈。香港的鱼不贵，很多香港市民都是要一条鱼要一碗米饭当午餐。我们没敢要鱼，就点了一个西芹炒鸡块，味道不怎么好，结帐的时候才知道鱼跟炒菜一个价，都是30港币，好后悔啊。门口的交通非常方便，当当车可以代步到很多地方，只是当当车的速度很慢，走走停停，如果没有急事的话可以坐在上层前面的坐位，这样更方便的浏览香港的街景，也很不错啊。门口后边有一家卖手机卡的小店，60面额的那种打内地才0.25一分钟，非常便宜。补充点评2008年6月24日：对了，门口有去机场的大巴。前面网友说的去海洋公园的973和去迪斯尼的A12问了很多香港当地人，他们都不推荐，所以我们还是没有冒险尝试。
1,我每次去都是要1011这个房间，可能是原因比较宽敞吧，房间有宽带，但是不是免费的，这个宾馆很容易和一天下的宾馆搞混的，好多司机都不知道路的，洗澡水不是很稳定的，一般很快就会变冷的。交通还是方便的，门口就是汉中路地铁。收费的时候告诉服务员刷信用卡，结果还是收了现金，没劲。
1,房间设施陈旧，屋子里全是霉味。网络收费为每分钟1元，每天100元，简直是抢。顶层餐厅非常棒，黄浦江美景尽收眼底，漂亮。。
1,服务算可以设施老旧空调太吵在济南，也没别的好选择
1,"我感觉在亚龙湾这个酒店还是不错的,性价比非常高,但我定的房间宽带需另外付费.餐厅的菜真是太贵了.没有办法整个亚龙湾都是这样,真的希望在附近能有些实惠的餐馆."
0,非常差，入住半小时就想退房了，地毯很脏，浴缸里特别恶心，什么都有：头发，灰泥等而且，根本没有什么游泳池，携程的宣传也有问题我本来定了两天，住了一晚就退房了，很巧，退房的时候旁边一个哥们跟我遭遇一样，他边退房边打携程的电话定下一个酒店……我是online定好了~
1,优点：1）和汽车站在一个院子内，出行便利2）斜对面就是大排挡一条街，各种小吃和水果一应俱全缺点：服务员态度一般，服务水平有待提高
0,本人通过携程预订8月13日入住并确认接机，晚上9点45分到机场后一个小时没人接机。联系携程工作人员时他们还说酒店已派人来接只是搞错了我的手机号码，笑话哪家酒店接机是不用举牌而是用手机联系的？而且之前几次入住该酒店都是举牌接机的，工作失误不可怕只是携程和酒店的人员一起来欺骗客户把客户当傻瓜实在是缺乏最基本的职业道德。
1,1.房间：就是冲着280元的三人间才定的，感觉性价比较高；房间采用复合地板，可惜没有冰箱；是中央空调（稍微有点吵）；床单家具倒也干净；感觉差的是洗澡水好小啊，总觉得洗不干净；而且有好几次只有热水没有冷水，洗手都觉得烫。2.环境：和普通的三星酒店差不多，因为开业时间太久了，所以感觉比较旧，但还算干净；三人间靠近马路，有点吵，不过关上窗户后就不太觉得了。3.服务：只有在入住和离店的时候才和前台接触过，感觉他们不太像接待员，没有亲和力，只能算是有问必答而已，房间服务员也只是接触过一次，态度倒还好，可惜住了三天没有换过一次床品。4.交通：离火车站很近，打车8元即到（起步费5元）。酒店附近有很多路公交车，可到墟沟（去连岛在此转车）的专线车，也有到火车站的，还有到花果山去的公交车，很方便；打车起步价就可以到陇海路步行街（不过个人认为没什么好玩的）；走路十分钟有个苍梧绿园的公园，可以吃过饭去溜达溜达。5.餐饮：赠送的自助早餐很丰盛，味道还算不错，吃得很饱，而且小孩子（四岁，1.1米）也不另外收费。另外二楼的餐厅包间环境也不错，吃了两次晚餐，他们的川菜味道很好，分量很足，而且价格便宜，一大盆鱼头豆腐汤（好多鱼头）才15元，而且味道很鲜美，推荐。海鲜就一般了，价格和外面的差不多。总结：如果在市区（新浦区）办事的话，住这里挺方便的，如果不是太挑剔的话，其实各方面倒也可以，尤其三人间的价格很核算。但如果去旅游的话，还是到墟沟找酒店住比较方便，因为景点离那里近，而且那里也很热闹，有很多餐馆。
1,"很喜欢的酒店,大堂天花很有特点,希望还有机会入住."
0,千万不要相信酒店宣传的什么“环保”！！房间的味道非常重！如果你愿意不断地上楼下楼和总台交涉换房的话，可以考虑。
1,"房间真的很干净,老公总是说我有洁癖,金版纳的房间卫生,我很满意!服务态度也很好,头一天下午要洗澡,刚打开淋浴没有热水,打电话给服务员,说让我们放一会儿水,热水就来了.后来,服务员两次来房间问热水的情况,第一次让我们把水多放一会儿,第二次,她进房间检查淋浴,才发现是我们自己把热水方向搞反了,总之,服务非常及时而且态度很好!酒店有个大的露天游泳池,感觉很不错,虽然没有亲自下水,但看到其他客人还是游得蛮开心的.游泳池的水很蓝,我们住了两晚就遇到一次游泳池换水,应该还是挺干净的.酒点提供免费接机的车也很不错,接我们的是西双版纳少见的桑塔那3000,非常干净,司机人也很好,我们后来就是包他的车玩了两天半,价格很公道.早餐的自助餐我觉得还不错了,五六个中式炒菜,几种西式蛋糕面包,沙拉,培根,还有牛奶,果汁,另外有米粉.印象中好象没有鸡蛋,我比较爱吃鸡蛋的,呵呵."
1,好像第二次入住了，这次的标间环境不好，房间感觉不台干净，电视机也不好
1,我选择这里主要是看中游泳池，其他真不怎么样。隔音太差，早有人评价；早晨（7点左右）洗澡水是凉的。真的很犹豫，以后还住不住在这儿。
1,"对于100多一点的这个价位来说,房间设施基本还可以,有点旧,卫生间不太好,洗澡的地方没有隔离,洗完澡马桶全湿了.空调电视都有,冬天有暖气片.服务还是很热情的,提供接机接站服务,行李员会主动把你的行李送到你的房间.补充点评2007年11月9日：还有一点,热水有点小啊,洗澡不是很舒服啊"
1,我入住的是酒店豪华单人房，酒店房间设施基本满意，就是卫生间浴池上掉墙皮，而且热水放一会才热，早餐在22楼观光餐厅，丰富服务周到，比较满意~~
1,很一般的四星级酒店.环境不错.房间实在不怎么样.服务还行.
1,"还不错的酒店,就是总体色调比较昏暗,可能是因为有些时日的原因吧~"
1,刚从三亚回来，在寰岛住了一个晚上，房间刚进去因为是阴面的关系，有点霉味。但是相对于亚龙湾其他酒店的价格来说，还是很具有性价比的！宾馆的服务很好，门口的门迎每次见我们都给我们问好，并把行李一直送到房间里面。酒店离海边很近，走路也就是两分钟。旁边就是亚龙湾海底世界的入口，住在这里方便一些觉得亚龙湾吃东西很贵的人，因为酒店门口西临有个员工餐厅，一份饭也就6元，还不错！比起其他地方动辄几百元的餐费还是很划算的！总体来说寰岛是亚龙湾最具有性价比的酒店了！
0,很偏远，外面修路，很脏乱，房间还行，服务一般
0,所谓高级大床房，超级无量小。洗脸盆是在卧室里的，淋浴房也是在卧室里的。一大早还没睡醒就有人使用电动钻施工修理。价格偏高，携程价毫无优势，只比前台价便宜9元，而且其他的客人所付房前均比携程低。
0,就住了两天，第一天晚上就发现了一只大小强。第二天下午回来让服务员喷了药，早上起来发现了一只殉职的小小强。早餐没有牛奶，勉强可以吃几片廉价的面包，喝点豆浆，冲的果珍，白粥。别的反正我都不感兴趣。房间临街，晚上剧吵，幸好俺睡得比较死。
1,"海景房果然名不虚传,可以看到整个港岛的景色.服务也很周到.交通也算方便,就是打车去港岛成本比较高,购物很方便,酒店旁边就有SOGO.总体来说,非常好的酒店.绝对值得一住."
1,"早餐很赞,很有当地特色,房间内设施有点旧了,好在有无敌海景大阳台,好象新楼在建了,期待ING..."
1,"还不错,房间很大,装修家居都很好,唯一不足没订到海景房间,好像很抢手的说"
1,我是八月底入住的该酒店，总的来说非常满意，除了位置没有在南京路的中心以外其他都很好。由于当时是旅游旺季出租车十分难打，星期五的傍晚我在豫园一带整整走了一个小时才如救命般的打到车，所以劝大家避开打车高峰。酒店我感觉相当超值，酒店服务员都很亲切，还不象金茂的服务员等在门口要小费，让人感觉很舒服。最好的一点是不管是交通还是就餐，有疑问的话尽管问酒店的服务处，酒店都会调查之后回复一个满意，全面的答案，还付有问候卡片和手写地图，很详细。总之去上海还会选择此酒店，房间各方面的软件和硬件设施都很好，不愧是有名气的酒店，物有所值
1,酒店设计有特色，房间很舒服亦很美，位置于南门很方便出入，而且又有得免费上网。前台服务员不错，唯退房时出了点问题，令大打折扣。事缘我们有饮用酒店雪柜内的汽水，但临退房前已经买回一样的饮品放进去，但酒店说汽水的包装不一样，所以必须收我们钱，最终由查房、收钱、拿回我们的汽水花了我二十分钟，刚刚我又要赶车，很气愤！我们一共住了三天，花了千多元，那几元都要和我们收足，很讨厌！
1,"总体感觉还不错,酒店位置很好,很繁华,逛商场非常方便."
1,大床房还不错，其他的没有看过。位置很好。希望菜做得更好吃
1,12日入住，前台服务尚可，标准间大床房，房间空间不错，有外伸式阳台，室内布置比较大方。卫生间有温泉水和自来水两路供水。但缺点是：1.卫生间配置缺少揩手小方巾、洗发精沐浴液装置均不好用；2.房间宽带必须申请才能开通；3.早餐实在让人无法接受，付费15元的早餐，除了茶叶蛋“保证供应”外，东西品种和数量少的可怜：仅有小馒头和糖包，凉面。饮料有甜牛奶、橙汁。宾馆反馈2008年6月17日：首先感谢您选择洋桥大厦，关于您提出的建议我们会在今后的工作中加以改进，对于早餐我们的品种大约15种左右。我们的早餐时间是早6：30-9：00钟结束，并希望您的理解。再次感谢您选择北京洋桥大厦。
1,环境好，周边景色优美；服务好，没到时间进不了房间，提前给了牌子，玩了乐园归来不再需要排队，退房不用办手续。酒店设施好，房间风格很优美，房间比较宽敞，床大，内饰不错。不足是酒店饮食不习惯，进房时间太晚（下午3点后），没法到房间先整理，退房时间太早，乐园出来没地方休息。
1,非常方便，周围购物商场较多，离西湖很近，晚上可以去西湖看夜景，回来步行10分钟左右路程，也很安静宾馆反馈2008年7月17日：尊敬的宾客，非常感谢您入住我们饭店。您能在杭州旅游生活愉快，也是我们的快乐！我们希望每一位来杭州的客人都能欣赏到最美丽的风景，享受到最一流的服务，来到杭州就如回家般温暖！
0,订了商务大床间，可惜房间小的可怜！床和写字台之间太紧，基本上不能转身。更无法忍受的是房间卫生间的异味太重！投诉后，没有任何的解决方案，说空气清新用完了，居然让我开窗通通空气，让人哭笑不得！客人来过都表示气味难闻，很尴尬。房价也严重的性价比不值。早餐就不想提了！强烈建议不要入住！
1,"房间很大,设施很好,环境优美.服务专业到位.交通如到香港很方便.但到其他地方不太方便.可能我们还不太熟悉.这样档次的宾馆在其他地方,价格绝对可加倍."
1,酒店非常棒，，环境一流，。。太美了，。。空气，绿化，。人流量。。温泉。。有机会可以再去。。。携程也经最大努力安排了很多事。。
0,"此酒店再次令人失望,2年前住过此酒店,当时给我感觉很失望.今年四月再次入住,更加让人失望,房间家具更加破旧,自助早餐,中餐难以下咽,一共住了4晚,其间一晚还赶上停电2次,那个黑呀,好象连防火应急灯都没了,当时真替电梯里的人担心,结果酒店没给任何解释和道歉.结帐时又被莫明奇妙的要收视频点播费,跟他们据理力争,结果前台那小姐冷笑的看着我好象我点播了什么却不承认,我心理话,就你们那破电视,屏幕都不如我手提电脑的屏幕大,值得我点播视频吗!好在,最后取消了此笔费用,但被他们冤枉,很让人不舒服.唉......住过很多酒店,此酒店人让我印象深刻........宾馆反馈2008年5月1日：首先对停电事件表示歉意,此次停电为突发事件,酒店在5分钟就启动了备用电源,但只能提供应急电梯及应急灯,一个小时后将电源切换至其它电路恢复供电,没有像客人所说的停电两次,视频点播为电脑自动记费,观看影片超过180秒后自动记费,电脑显示了点播时间和金额,但是客人拒不承认,后大堂经理将此笔费用免掉,客人用了MINI吧内一块巧克力,后又从外面买回基本相同的一块,在服务员查房时发现,因不是酒店提供的食品,为了下位入住客人安全,不能使用此食品,要求客人付费,客人拒绝付费."
1,12月1日又入住了瑞吉红塔，服务还是很好，但感觉不到以前的会心微笑了。不过，瑞吉红塔的游泳池还是一如既往地好
1,一直觉得金桥不错，虽然房间有些暗，但是配套设施很好，特别是有厨房着一定，对于带着孩子来往的人很方便。就是挨着火车轨道，早上晚上会有隆隆的火车声，有些吵，房间隔音一般吧。
1,总的来说不错。服务也还好。我到的时候是12点，前台的小姐查了半天，才确认我订的房间，办手续又花了不少时间，因为前台就一个人，一边接电话，一边给我办理登记。最大的问题是靠近高架的房间噪音实在太大。虽然我之前看过别人的评论，对此有心理准备，但真的住进去，才发现深更半夜，那个高架上汽车飞驰而过的噪音，不是一般的大！
1,设施很不错；周边环境不错，紧邻金沙滩；推荐海景房不足：比较偏；吃饭不放便；酒店自带的餐厅性价比太差。价格太贵，口味不好；
1,"很宽敞,非常好的地方。如果可能的话，希望能把洗脸处的存水盖子修理好。应该是件简单的事。"
0,真不知道之前的点评是怎么得出来的，还以为会是一个不错的酒店，谁知完全不是那么回事。首先酒店没有大堂，是跟写字楼在一起的，checkin要到7层。酒店正门不在马路边上，非常难找。因为是写字楼所以进进出出很多人，完全没有酒店气氛。前台服务尚可，可完全不是4星感觉啊。进了房间那叫一个失望，大床房仅比单人床宽出一点点，你说怎么让两个人睡啊？！楼道至房间所有设施都很破旧，而且看起来很不干净。如果也400元的标准来衡量，这是我在全国入住的最差的酒店了。本来预定了3天的房间结果住了一天就退房了。退房时前台还问我是不是因为他们酒店的原因，看来也不是头一回出现这样的问题了。早餐更别说了，比早点摊稍微丰富点有限。本来当时预定这个酒店就是为了地理位置好，比较方便，但是到了才发现周围有很多酒店可以选择。在它旁边有一家12月1日刚刚开业的海悦酒店，468元促销价，简直是让我捡到了大便宜，除了酒店大堂比不上君悦，其他无论是从硬件设施，还是从人员服务，还是从早餐看都绝对的5星标准。就是由于是新酒店房间稍微有些味道，希望他们可以改进。估计到了正式营业的时候绝对不是这个价格了。最近到成都出差的朋友可以试一试。
1,搂里有个鸭王烤鸭，地段好，在徐家汇地区，这个地段价格还可以的酒店也就这家了。补充点评2008年4月1日：我们找了下这个价位的，这个地段的，没找出第二家。没竞争。唯一的天平宾馆，也是比不上它的地段。
1,"春节酒店特价,当即退了""如家"",转投喜来登.高级房只有三星级标准,太小了.换了豪华间,才有点五星的样子.不知道五星的客房标准是怎么设定的.床和床上用品是""喜来登""的特色,羽绒枕还是那么舒服!!服务上,这家有点逊色,特别是行李员,我背个大包也不接接手;前台还行,换房很有效率.看在特价的份上,不计较了.要是平时价,不值的."
0,房间差，12点后无热水，早餐品种少，房价贵。
1,因为看了之前的评论才定的这家酒店，没想到换来了一个惊喜，房间的大窗户对着小花园，没想到能住在苏州的园林里面，很安静，早上几乎是被鸟儿叫醒的。洗手间的设计很好，可以看到电视，衣柜的设计也是，简单方便实用。另外，28元的自助早餐太丰盛了，可能是这里是老牌涉外酒店的缘故，西餐很地道。补充点评2008年8月3日：楼上的是通过那里定的260含早的？比携程便宜呀，还可以免费升级，介绍一下。
0,我第一次入住如家，实际情况与现实相差太远，屋子里味道很大，打开窗户换气又很吵，卫生不敢恭维！入住时间不长就搬走。而且位置也很偏，不知道为何在这里选址！总之不会再住！楼下涮肉一般！
1,现在去无锡经常入住这家酒店，环境不错，因为不是太湖风景区，所以自驾车的朋友比较合适。不过，送餐服务的品种似乎减少了，也不过只有两三个品种，建议酒店改进一下，酒吧的感觉不错，还可以打桌球，感觉比较的轻松宾馆反馈2008年7月30日：非常感谢阁下给我们酒店提出的宝贵意见，送餐问题已向酒店餐饮部经理反映了，如果您有好的送餐品种建议，下次也可直接与我们销售部联系，（分机8708）届时会有小礼物赠送哦！！期待您的下次光临！！！
1,住了两晚。在香格里拉应该是相当高级的酒店，可能是本来期望不高，但是藏式标间还是挺大的，两个很大的单人床，每个都可以睡一大人和一小孩。房间内还有一1米8的长沙发，较宽，可以睡一大人。房内有加湿器，晚上冷，小孩要盖两层被子，否则容易着凉。早餐到9：30，品种较多，刷卡结帐很快，总体服务挺好。正赶上游泳池清理换水，不过泳池周围很漂亮，玻璃屋顶，很温暖，像到了亚热带，照了几张相。如果去香格里拉应该去好酒店，因为毕竟是个在高原的小城市，不见得还会去第二次。
1,房间服务还可以，只是离展馆有点远。在广交会期间，价格高也可以理解
0,酒店外面的马路正在封路大维修，出入非常不方便！房间隔音不好！网速白天还可以、晚上很慢！最不好的是整个厕所及洗浴间是用玻璃做的，但玻璃的磨沙部份很少，并且磨沙中间还有几条透明缝隙。如果有异性客人来访，根本是不可能上厕所及洗浴的。房间里只有一张椅子，没有小桌子，来访客人只能坐在床上聊天，茶水只能放在床头的小柜子上。但这时候大家要千万小心！！！这小柜子很少，柜子上还放了一本相对比较大酒店的介绍。如果你不小心把茶水弄到那本酒店介绍书上。你就不好意思了。那怕只是湿了好几页的边。你都要赔偿20元！宾馆反馈2008年6月18日：由于酒店给您入住造成不便表示歉意！酒店为了保护个人隐私，已经专门配备了外围浴帘，可以很好解决卫生间透明问题；现在酒店二楼餐厅配备啤酒、软饮是您会客的理想场所。欢迎您的再次入住，提出宝贵意见。
0,酒店前台服务很差！开了房间，进去一看，竟然有人入住了！还好没出什么事！要出什么事那谁负责呢？找前台领班反映，领班一变骂服务员一边给我换房间！脸上连笑容也没有！好象是我们顾客犯错！不知道搞什么鬼！给携城打电话投诉，携城的态度很好！酒店经理打到房间来赔礼道歉，还是找什么客观原因，说什么是服务员太忙了，出错！这个好象是低级错误吧！而且还说补偿一份早餐！态度生硬，好象我是属于那种住的起酒店，吃不起早餐的人！跟她们闹，就是因为我没钱吃早餐！真是气愤！不建议大家住这个酒店！
1,携程的价格和酒店前台的价格一样。第一天到酒店后没有水果，第二天没有通过携程直接在前台开了一个标间，天天都有水果赠送。早餐还可以，品种够多。晚上没有骚扰电话，但是你如果想被骚扰，可以给按摩中心打电话让人上门按摩。房间内的装修还可以，只是窗户的玻璃与窗框居然有很大的缝隙。总体感觉还是不错，不到三百块钱的价格还可以。
1,早餐品种太少，交通还算便利，服务态度不怎么样，问酒店买的地图竟然就是旧的别的客房拿的
1,"因为在萧山开年会,所以预定了这家酒店,虽然叫宾馆,但是感觉真的是不错,很漂亮,虽然叫4星,其实感觉已经够5星标准了.只是觉得杭州的出租车很难叫,4点30就"
1,"交通挺方便,酒店里面装修还比较新,适合出差住"
1,"本来住该酒店，我就不想住，上次我就特意去南京住了，但镇江没有像样的店，地理位置也就这家好点，我第一次住很不满意该酒店服务，入住手续办了15分钟，后来房间不满意，是套房，旧，贵，换房，不答应，说我用过该房间厕所（小解），又用腿压了下床，试床是否柔软，要给八十元钱，十分钟不到就要收我80元钱，就理论，不行，我就要退房要投诉，后来就给我换高配房房，新装修原价1080，（当时也有插曲，该房是我没有入住时看中的，但价格高于我的报销，大致710元，我让他便宜20元，不行，说什么也不行，说领导不同意，后来要退房要投诉就给我680元了，你说这不是有个字加个（贝）吗，与我理论的是大堂副哩）,不过这次我入住手续还是上次的女接待（记忆深刻阿）服务很快，服务较好，两分钟搞定，商务房房型旧，不过有电脑，原来第一次住过的房间就没有再便宜了，该房不是携程协议房但性价比高，就两间，所以上次没有办法评论，就是第一次住很不舒服，这次还可以。"
1,"总体不错,就是卫生间小点,一直都住该洒店,价308元,现在却提为348元了,不会再住了."
0,太差的酒店，里面的很多东西都发黄了，隔壁都是出租给别人办公的。服务态度也不好，找他们件事，他居然说“我说不过他，叫上面跟他说。”这是他们服务员的原话。态度极其的不好，话语生硬，好象是求他施舍房子给我住一样。请携程不要与这种低级的酒店签协议，我是很相信你们的，所以觉得每次都会很可靠，但这次是极度的失望。
1,"我住的商务大床房,房号607的那间洗澡后厕所会积水,好几次差点摔倒"
1,酒店房间还不错，服务业周到。可以免洗件衣服。就是和前台价一样
0,除了卫生间还算干净，其他都很脏，地毯、毛巾都不干净。午餐在酒店餐厅用餐，亲眼看到服务员将游客吃剩的饭倒回到饭桶中，再剩给别的客人用。建议自驾游的客人不要住在溪口，溪口安排一天足够了，交通很方便，可以住到附近较大的城市去。溪口的吃、喝、玩、睡都很贵，不实惠。
1,"房间不错,只是上网速度慢得无法忍受,打开一个网页要等半小时,连邮件都无法收。另前台工作人员服务态度是很好，只是效率有得改善。"
0,"由于五一当天决定出去玩,订晚了,只有三家酒店可选择,就选了这家.优点:酒店在青山湖边,房间要选临湖那面,感觉还算清静,酒店的绿化还算好.缺点:房间设施太过简陋,顶多是个普通的招待所的标准,卫生间太简陋,那个马桶简直脏的吓人,不是打扫的不干净,不知道是用了太多年还是质量太差,整个马桶都是乌其麻黑的.不要在酒店吃饭,太湖源,天目山景区里有农家乐,找停车多的那种,价格公道,材料新鲜,那个土鸡汤味道真实鲜得来..."
0,前台接待态度生硬，楼道内因很多剧组，脏乱不堪。房间内部面积很大（大床房），但是家具很少，而且都很粗糙。没有咖啡送，只有矿泉水和绿茶。没有电吹风，要打电话借。房间内地毯很脏，沙发上有黑黑的水渍。床比较硬，独立空调，热风太大。浴室简陋，和廉租房差不多。早餐很差，连荷包蛋都没有。基本上各种食物和饮料没有标签，要自己看。
1,"感觉还可以,就是二层楼房窗外没有风景,被一些建筑物遮挡,可能是广告之类,晚上还可以,有窗帘,白天就不能恭维了.在网上订的,写着有水果赠送,因为还有同事,夸口有水果赠送,结果到房间后根本没有,好没面子,后来催了两次,总算送了过来.总台服务态度特别好."
0,该酒店确实性价比不是很高，距离该酒店500米左右的衡阳华天应该会比这家好很多，我也问过价格了，华天208（前台价）/康年198（携程价）
1,相对价格而言，很不错。可是我订的商务大床房间隔音太差，隔壁房间电话声音、咳嗽声等清清楚楚，太没私密空间了。
1,性价比高，服务挺好，有房可延迟退房，对于坐晚班飞机离港的游客是非常有利的．只是希望早餐收费可以和CTRIP一样，80元的自助餐还是有吸引力的．另，打的到广九东铁太贵，建议打到金钟坐地铁．
1,感觉一般，性价比不太高!checkout比较慢，希望改进
1,也住过些公寓酒店，这家算是严格意义上的了。房间内的设施很齐，厨房和洗衣机等不是虚设的，装修标准不低，虽是2004年开业，但不显陈旧。一家六口，住了行政套房，很满意。泳池很特色，老人小孩都喜欢。
1,酒店环境不错，设施有点儿旧，早餐还可以，服务意识不错，标三星房价高了点儿，门口的出租车不太好，只愿拉远道，最好到路边打过路车。
1,朋友介绍的，我也请客户住在那里。感觉是我看到过最注重细节管理的酒店，很多设置都很舒心和用心，比如代客泊车、房间的摆设、门口和电梯口美女应门。房间点餐应该是二楼的驹鲍的菜，味道很不错，而且24小时都可以点，菜品也非常丰富。除了市口偏一点，其他都不错。我朋友入住期间生日，还送了一个不错的蛋糕，可见用心。
1,房间很不错，还有水果送，主要是接机的服务很好，因为机场离市中心很远，还有司机很热情，路上还让我们下来拍照，还介绍旅游的风情，很不错。
1,不错的酒店，尤其是服务，是商务客的理想选择。
1,我入住的是商务房，感觉还挺不错的。不过空调一般，打开后好像都没有打开空调一样，还好我入住那天天气不错，开窗后感觉也挺好的。房间的洗手间是玻璃透明的，如果有人在，感觉很尴尬。附近吃饭的地方不多，没有逛街的地方。酒店附件并不是太繁华！
1,住过几次了，总体感觉还是不错的。
1,"酒店的环境,房间和服务都不错,但是门口的保安就很差.让人联想到""打手"".再加上网上也有对保安的说法,以前还不以为然,现在不得不同意他们的说法了.宾馆反馈2008年6月12日：尊敬的客人：您好！看完您的点评，酒店曾第一时间试图联系您了解事情的始末，但未能联系到，我们深感遗憾！同时，酒店立即以书面形式责成酒店外保所属的物业公司需加强对安保的培训和督导，并以该案例为戒，切实做好对客服务工作，避免类似事件的再次发生，否则酒店有权中止和物业的合作。如家始终秉承为每一位宾客提供安全、洁净、温馨的住店环境，也真诚的希望每一位住店客人能对酒店的工作进行督导和建议。我们感谢所有帮助酒店健康成长的客人！"
1,非常喜欢上海的FOURSEASONS酒店的工作人员素质相当高，什么都想在客人前面，不愧是五星级的酒店，各副其实。与上海许多非常著名的全球知名的五星级酒店相比，其服务与设施都算是很好的。一直在那边开会，会议室的布置相当到位，每次都想到客人想不到的细节。提供的食物也相当可口。在上海举办商务会议，FOURSEASONS一定是我的首选。另外，今年冬天入住的时候，发现酒店提供的沐浴及护肤产品是欧舒丹的呢
0,8月4日入住了该酒店，没想到很多地方不如意，不得不缩短行程，提前返京。之前在网上查询，想住一个特色酒店，就选择此处的豪华标准间。但没想到：（1）酒店周围正在拆迁，非常脏和吵。出租车司机让我们三年以后看，说一定变样。分配给我们的房子临马路，面对一大施工场，极其嘈杂。不得以要求将其中的两间房调换。前台很不情愿给换了，告知换的房子会比这个小。当时为求安静，只好同意，但后来发现上大当了。（2）调换的两间房估计为普通标准间，屋子里墙壁和柜橱有斑驳的潮湿痕迹，其中一间屋子抽水马桶经常坏。房间很小，书桌和床之间仅容一人过。最可恶的是窗户没有纱窗，且朝过道，冒着进蚊子的威胁，开窗后发现无法通气，因过道窗户紧紧封闭，房间里一股霉味和油漆味散发不出去。更有甚者，因是围拢的房屋结构，早晚有人在过道说话很闹，且过道的灯笼整夜亮着。透过菲薄的窗帘，不得不忍受光污染。屋子的隔音效果很差，需要忍受隔壁看电视的声音。没有中央空调。（3）服务水平一般。在调换房间的第二天，讯问前台要求换到豪华标间，前台说因是自己要求调换的，不补差价，且说现房即为折后338元的价位。这可是在承德！前台服务很差，虽身着民族服装很漂亮，但态度冷冰冰。但对我之前的一老外可是鞠躬哈腰的。（4）早餐难以下咽。因周围是村庄，只能在酒店用早餐。四五个小咸菜；两种粥、豆包、包子以及奶粉冲得很稀的牛奶。即便这种早餐过了八点半还就没有了。开始打扫卫生，不管是否客人吃完。我非常非常后悔选择了这个酒店，性价比最差的。本想休息几天，但住宿实在太差，干脆一家人，勉强住了两夜就退房走人。
0,晚餐吃出长头发，服务员竟不以为然！洗完澡时，发现浴巾上竟也有长头发！如家在我心目中一直是快捷酒店的楷模，但这次入住北京团结湖店，令人大跌眼镜。
1,先说个差的吧：热水黄得要命，每天打电话问总台，得到的回复都是在洗锅炉。携程最好能做到贴图的，我把浴缸要命的水的照片发上来。好的方面是地理位置比较好。最近太原在大修路，交通有时候很堵，没办法。旁边一家酒店更差（当然不是携程指定的），不敢盖被子，凌晨冻醒了，居然找不到被子。因为我飞机晚上9点半到，酒店人员说是打电话给我，因为手机没开，结果房间没给我预定。在旁边的一家住了一宿。希望立马改进。补充点评2007年6月30日：洗了一个星期左右，实在看不下去了，找个当班的上来，臭骂了他一顿，他转身不到两分钟，水就变清了。这不是欺负人么。
0,优点：1、床很舒服，软硬适中。2、房间比较干净。3、景观可以。4、地区方便，周围有超市、酒楼。缺点：1、房间太小，走道不足80CM。2、浴室、厕所很臭，难以忍受，估计是排水道没搞好，一股沼气味。3、前台服务一般，不让我信用卡预付托收，要我一次性结账，非常奇怪。4、装修过于简陋，性价比不高，这酒店应该属300元内的等级。总体来说，如果不是迫不得已为了去北京大学方便，我是不会再次入住这酒店的。
1,我还是比较喜欢德州的凯苑温泉度假村便宜148元安静不会有电话打扰温泉也很好只是在开发区里城里远了点
0,订的是288的标房，房间相当小，设施简单，卫生间连转身都感觉相当困难，前台的服务态度也很差，退房时足足等了十多分钟，不推荐大家入住。
1,比想象的要好。看来金钥匙联盟还是有一定的质量控制的。房间设施还可以，就是烟味太重。回来睡衣上全是烟味。早餐很一般，可选择的东西少。不过那个巴基斯坦服务生态度倒是很好。就在鸭绿江边上，周边环境到还可以
0,我一月十日，入住。那天很冷，我住进去后就没有热水，放出来的水比体温还略低点，和前台联系，先说白天只有电热炉的热水，天冷用的人多所以不热，晚上由锅炉水能用，晚上我九点回来，放了十几分钟不热，打电话给前台，说再放一会，放了半小时还是冷的，在联系回答再修，这时候已经十点了，我等了半小时，也没人理我，我再放还是冷的，再电话联系还是那句话你多放一点！！放到十一点还是冷的，气啊，打电话还是派人去看了！等到十一点半还是那样，一个字差！小旅店还不如，房间也是脏，一边的床头柜是装在墙上的都掉下来了，电视是带雪花的每个台都是。还什么说三星级标准的，房间小的转不过身。反正不能住！
1,"这个酒店我客人说还不错,我自己没住过，但他是很满意的"
0,房间破旧，电视无法正常观看，卫生间连厕纸都不给准备，还要自备。空调没有遥控器，就是个摆设，晚上要穿衣服睡觉。服务质量很差！
0,第一次住此类酒店，感觉就是原来的招待所做了一次整洁的装修。
1,因工作方便，常往此酒店，交通是很大的考量。不在通巴士和永巴士都不跑一酒店，又少了一些方便。前天入住，前台注意到正好是我的生日，特安排送了一蛋糕，感很心。
0,三星级酒店，190的房价（在岳阳应该算高了），酒店在做促销158有就有房间了问了前台和我订的有什么不一样，回答是促销的比较旧，订的是新装修的没有感觉比较新啊～家具比较旧，很多地方掉漆了。挂衣服的地方一层灰尘浴缸里面有三个补丁，其中有一个大于我的拇指电吹风不能用其他的就没有什么了前台服务还是不错的就是房间不怎么样感觉对不起房价～
1,不知道是不是五一期间的缘故，感觉性价比不是很高。住的标间B好像是原来的餐厅包间改的，超级大，但是没有窗户，冷气不足，唯一的好处就是电视节目有很多频道。浴室小，水压也小，下水不够快。但是地理位置就没得嫌。
1,因为只住了一晚，所以没什么感觉，差不多四星吧。大堂的地砖很漂亮。房间小了一点。
1,老板每次出差到北京都要订这家酒店的，对它很满意哦
1,走沪杭高速的话，路过嘉兴东出口千万别下，到乍嘉苏高速匝道右转，再往前约10公里，到嘉兴出口，出了收费站左前方就是嘉兴世茂花园大酒店的入口。四星级花园式度假酒店，达不到五星级标准，冬天去冷冷清清的，一定要选朝南向阳的房间，否则室内空调温度调到30摄氏度，实际最高也只能达到17摄氏度。早餐标准也是四星级的，不过有酸奶。
1,房间整洁，有电脑可以打游戏和上网:-)空调声音有点大，此外一切都好。室内所有收费项目上面都有价签，很公道!我的手机充电器插头制式不一样，房间服务先后送来充电器和装换器，很有效率。自助早餐也不错的。就是临近苏锡路老城区，周边有点乱。
0,老板很省得，公共空间再热都不开空调，等一次电梯就是一头汗。补充点评2008年7月19日：写字台莫名其妙的多了一溜边边，用电脑一直就这么咯着，很不爽，不知是那个脑残设计的。
1,该死的写程，我打2分根本发表不了评论！这次我给你打4分，但还是实话实说，这个酒店不咋样，给我二楼最里间的房子，紧靠锅炉房，木结构的房子里面烧锅炉，多可怕啊！当时看写程的评论写的天花乱坠，原来都是假的，给低分的评论根本发表不了，真假。
1,还不错!比较适合商务客，以后来会经常入住的。
1,非常不错的酒店，外观一般，不过对面就是皮革城，相信很多人都去购物了吧。酒店还主动给女同事换了圆床房，算是意外吧，不过可能最近是淡季吧，总的感觉不错，下次可以继续住。补充点评2008年4月1日：最近携城的员工越来越多的犯错误，非常不专业。很多以前可以预定的酒店也没有了，预定的价格似乎更小了，是不是携程被收购的原因，有问题啊。
1,"酒店是国航酒店,入住可以累计国航里程.这点比较好.早晨种类很多,推荐入住"
0,标榜四星级的酒店太糟糕了，房间很小，设施陈旧，和278的价钱实在差太远了。。很不好！！！我第二天就转移地方了。。。
1,酒店环境和服务都还不错，地理位置也不错，尤其是酒店北面的川北凉粉确实好吃，不过就是隔音效果不好，睡觉的时候总是被外面的汽车吵醒。
1,"还成,不错还成,不错还成,不错还成,不错,物有所值"
1,住过好几次，我非常满意，这次价格398很便宜！不过周围什么商店都没有，这点不太方便。早餐是日式的，也很不错。
0,房间真是好小，而且有股霉味，床单没洗干净，有不明的污渍，打到客房部要求换没人接电话，只能打到前台，送来条床单，我要求铺上，服务员说自己是前台的不负责铺床，客房部的人下班了，我只能自己铺。看上面几位评价数字电视比较吸引人，我觉得真是没什么可看的，存储的电影少得可怜，连续剧根本打不开。下次不会去住了。
1,"酒店装修有点旧,房间还算大,在北京三星酒店这个价格还算不贵,总体感觉还行!"
1,位置很好，距离东街口非常近，服务也非常好，一路有人引导到房间，泡上乌龙茶。房间有电脑，白天出去工作的时候，老婆正好可以使用。酒店除了家具设施稍微有些过时，早餐比较普通外，其他没有什么缺点。晚上很多形形色色的人往6楼夜总会跑，也有不少人醉醺醺的出来。酒店是最近才升为4星的，不过，个人感觉还是达不到新四星的标准，但至少还是对得起这个价格的。补充点评2008年7月27日：同下面的点评，服务员会主动拿我自己洗的衣服去阳台晒，并留下字条，赞一个。
0,"第一次去潍坊,第一次住如家,酒店服务一般,房间的纯净水第二天过期,没敢喝,空调声音大,一晚上没睡好.而且晚上还征询需要按摩服务吗?????"
